{"current":{"theme_mode_enabled":false,"theme_mode_mode":"switch","colors_background":"#ffffff","colors_heading":"#0a1e33","colors_text":"#334354","colors_text_link":"#0a1e33","colors_price":"#334354","colors_price_sale":"#e12b28","colors_error":"#e12b28","colors_success":"#058942","colors_line_and_borders":"#d7e5e5","colors_cart_dot":"#10d7e2","colors_cart_dot_text":"#ffffff","colors_icon_rating":"#ffd200","secondary_background":"#f8f8f8","secondary_heading":"#0a1e33","secondary_text":"#334354","colors_button":"#1c4170","colors_button_text":"#ffffff","colors_button_hover":"#1c4170","colors_button_text_hover":"#ffffff","background_button_secondary":"#1c4170","colors_button_secondary":"#ffffff","colors_header_background":"#ffffff","colors_header_text":"#0a1e33","colors_header_line":"#d7e5e5","colors_footer_background":"#f7f7f7","colors_footer_heading":"#0a1e33","colors_footer_text":"#334354","colors_footer_textlink":"#0a1e33","colors_footer_line":"#e1e7f5","colors_image_treatment_overlay":"#000000","colors_image_treatment_text":"#ffffff","collection_sidebar_filters":"groups","colors_dark_background":"#292929","colors_dark_heading":"#ffffff","colors_dark_text":"#b6cdcc","colors_dark_text_link":"#2cb29b","colors_dark_price":"#b6cdcc","colors_dark_price_sale":"#e12b28","colors_dark_error":"#e12b28","colors_dark_success":"#42a246","colors_dark_line_and_borders":"#334354","colors_cart_dot_dark":"#10d7e2","colors_cart_dot_text_dark":"#ffffff","colors_icon_rating_dark":"#2cb29b","secondary_background_dark":"#171f1e","secondary_heading_dark":"#ffffff","secondary_text_dark":"#b6cdcc","colors_dark_button":"#2cb29b","colors_dark_button_text":"#ffffff","colors_dark_button_hover":"#12908b","colors_dark_button_text_hover":"#ffffff","background_dark_button_secondary":"#ededdd","colors_dark_button_secondary":"#2cb29b","colors_dark_header_background":"#000000","colors_dark_header_text":"#b2c7c6","colors_dark_header_line":"#b2c7c6","colors_dark_footer_background":"#f7f7f7","colors_dark_footer_heading":"#0a1e33","colors_dark_footer_text":"#334354","colors_dark_footer_textlink":"#2cb29b","colors_dark_footer_line":"#e1e7f5","colors_dark_image_treatment_overlay":"#000000","colors_dark_image_treatment_text":"#ffffff","type_body_font":"serif","text_base_size":100,"type_header_font":"serif","heading_base_size":100,"heading_text_tranform":"none","type_menu_font":"serif","type_button_font":"sans_serif_n4","edges_type":"square","buttons_type":"rounded_corners","buttons_color_mobile":"default","buttons_animation":"sliced","disable_parallax_effect":true,"advanced_sections_spacing":0,"page_width":1500,"card_product_padding":20,"product_image_ratio":"square","product_image_type":"hover_to_reveal_second_image","show_arrow":false,"info_alignment_card_product":"center","low_stock_threshold":15,"products_color_swatches_enable_on_collection_page":true,"products_color_swatches_style":"round","social_twitter_link":"https:\/\/twitter.com\/AmericanTileDep","social_facebook_link":"https:\/\/www.facebook.com\/AmericanTileDepot\/","social_pinterest_link":"https:\/\/www.pinterest.com\/americantiledep\/","social_instagram_link":"https:\/\/www.instagram.com\/americantiledepot\/","social_tiktok_link":"","social_tumblr_link":"","social_snapchat_link":"","social_youtube_link":"","social_vimeo_link":"","social_linkedin_link":"","share_facebook":true,"share_twitter":true,"share_pinterest":true,"search_enabled":true,"search_refined":false,"search_type":"product,collection","predictive_search_enabled":true,"predictive_search_show_vendor":true,"predictive_search_show_price":true,"search_desktop_maximun_results":6,"search_mobile_maximun_results":3,"search_show_view_more":true,"advanced_show_breadcrumbs":true,"breadcrumbs_separator":">","favicon":"shopify:\/\/shop_images\/logo-zoomed-snipped-edited_d03d4e1c-33ae-4258-b2ab-992572f1fadc.jpg","cart_type":"drawer","cart_icon":"icon-cart","cart_show_vendor":false,"show_cart_note":true,"cart_enable_terms_and_conditions":false,"cart_terms_and_conditions_page":"","cart_upsell_product_list":[],"number_of_product_shown":6,"cart_upsell_section_label":"You'll love this too","enable_free_shipping":true,"show_in_cart_items":"none","enable_scroll_top_desktop":true,"show_background_scroll_top":false,"currency_code_enable":false,"selected_preset":"swirl","checkout_sidebar_background_color":"#F6F6F0","checkout_accent_color":"#17532d","checkout_button_color":"#17532d","checkout_error_color":"#e12b28","sections":{"main-register":{"type":"main-register","settings":{"top_padding":52,"bottom_padding":52,"top_padding_mobile":44,"bottom_padding_mobile":44}},"main-login":{"type":"main-login","settings":{"top_padding":52,"bottom_padding":52,"top_padding_mobile":44,"bottom_padding_mobile":44}}},"content_for_index":[],"blocks":{"15683396631634586217":{"type":"shopify:\/\/apps\/inbox\/blocks\/chat\/841fc607-4181-4ad1-842d-e24d7f8bad6b","disabled":true,"settings":{"button_color":"#0263ac","secondary_color":"#ffffff","ternary_color":"#6a6a6a","button_icon":"chat_bubble","button_text":"chat_with_us","button_horizontal_position":"bottom_right","button_vertical_position":"highest","greeting_message":""}},"7570552984445421165":{"type":"shopify:\/\/apps\/yotpo-product-reviews-ugc\/blocks\/settings\/eb7dfd7d-db44-4334-bc49-c893b51b36cf","disabled":false,"settings":{}},"14339172867238703359":{"type":"shopify:\/\/apps\/yotpo-product-reviews-ugc\/blocks\/reviews_tab\/eb7dfd7d-db44-4334-bc49-c893b51b36cf","disabled":false,"settings":{"product":""}},"14327677521557774844":{"type":"shopify:\/\/apps\/simprosys-google-shopping-feed\/blocks\/core_settings_block\/1f0b859e-9fa6-4007-97e8-4513aff5ff3b","disabled":false,"settings":{}},"5140161176031010482":{"type":"shopify:\/\/apps\/dr-cart-shipping-rates\/blocks\/instant-load\/6fdcf202-26c0-4288-be36-8b389f5d262c","disabled":false,"settings":{}},"13768625480086291342":{"type":"shopify:\/\/apps\/forms\/blocks\/forms\/8744a304-fcb1-4347-b211-bb6b4759a76a","disabled":false,"settings":{}},"1793219247286972479":{"type":"shopify:\/\/apps\/searchpie-seo-speed\/blocks\/sb-snippets\/29f6c508-9bb9-4e93-9f98-b637b62f3552","disabled":false,"settings":{}},"4864803954074332400":{"type":"shopify:\/\/apps\/genius-announcement-bar\/blocks\/app-block\/bf0002f5-b3b4-40d7-acca-b00d7ee46a8f","disabled":false,"settings":{}},"10384935893930344104":{"type":"shopify:\/\/apps\/seoant-redirects\/blocks\/brokenlink-404\/cc7b1996-e567-42d0-8862-356092041863","disabled":false,"settings":{}},"15255627403292782234":{"type":"shopify:\/\/apps\/easy-tabs-product-tabs\/blocks\/easytabs-embed-product-widget\/118e2a90-d31f-4cdf-b5c9-747e2bddd19a","disabled":false,"settings":{"placement_selector":"","multiple_widgets":false}},"2930927657605960210":{"type":"shopify:\/\/apps\/easy-specification-table\/blocks\/appembed\/19a6f900-7dd2-4efa-8de5-79b549d1f0c3","disabled":false,"settings":{}},"4372474792694305445":{"type":"shopify:\/\/apps\/also-bought\/blocks\/app-embed-block\/b94b27b4-738d-4d92-9e60-43c22d1da3f2","disabled":false,"settings":{}},"4012516059585860583":{"type":"shopify:\/\/apps\/seo-king\/blocks\/seo-king-robots-preview-image\/4aa30173-495d-4e49-b377-c5ee4024262f","disabled":false,"settings":{}},"10444853532083126559":{"type":"shopify:\/\/apps\/seo-king\/blocks\/seo-king-prerender-links\/4aa30173-495d-4e49-b377-c5ee4024262f","disabled":false,"settings":{}},"5057006142565981955":{"type":"shopify:\/\/apps\/affirm-pay-over-time-messaging\/blocks\/cart-drawer-embed-block\/6dce54be-130d-4d13-9636-1e8f611b3071","disabled":true,"settings":{"logo_align_drawer":"left","font_size_drawer":16,"logo_color_drawer":"blue","logo_type_drawer":"logo","public_api_key_drawer":"","cart_drawer_selector":"","cart_drawer_total_selector":"","add_to_cart_selector":"","adjacent_element_selector":""}},"14909568903316342668":{"type":"shopify:\/\/apps\/pro-warnings-notifications\/blocks\/app-embed\/1c175268-b703-49c5-93a2-b91bb721356a","disabled":false,"settings":{}},"6279071938380501511":{"type":"shopify:\/\/apps\/powerful-form-builder\/blocks\/app-embed\/e4bcb1eb-35b2-42e6-bc37-bfe0e1542c9d","disabled":false,"settings":{}},"8746983209849429782":{"type":"shopify:\/\/apps\/dealeasy\/blocks\/app-embed\/e47a8634-0496-480d-9e46-6f7fafd34b30","disabled":false,"settings":{"dealeasy_public_access_token":"7cd10743ccbceab73aaec3cbd60c4bb5","using_translated_handles":false,"custom_script_and_style":"<script>\n<\/script>\n<style><\/style>"}},"12476284290585462717":{"type":"shopify:\/\/apps\/doofinder-search-discovery\/blocks\/doofinder-script\/1abc6bc6-ff36-4a37-9034-effae4a47cf6","disabled":false,"settings":{}},"8776485610325655785":{"type":"shopify:\/\/apps\/hiko-social-login\/blocks\/hiko-auth\/3832d7e1-5bcd-4b72-91da-236b57feef8f","disabled":false,"settings":{"social_font":"enable"}},"yoast-seo-metatags":{"type":"shopify:\/\/apps\/yoast-seo-seo-for-everyone\/blocks\/metatags\/7c777011-bc88-4743-a24e-64336e1e5b46","disabled":false,"settings":{}},"16256948136948485038":{"type":"shopify:\/\/apps\/upcharge-surcharges\/blocks\/app-embed-block\/3660e544-1847-4d53-9b3b-f0cb50c2d9f7","disabled":false,"settings":{}},"11119278427475967885":{"type":"shopify:\/\/apps\/ot-theme-sections\/blocks\/otsb-style\/45c0d634-d78b-458c-8bca-17086e7d65aa","disabled":false,"settings":{}},"12016176150940211849":{"type":"shopify:\/\/apps\/ot-theme-sections\/blocks\/otsb-script\/45c0d634-d78b-458c-8bca-17086e7d65aa","disabled":false,"settings":{}},"12424619676349770391":{"type":"shopify:\/\/apps\/lably\/blocks\/app-embeds\/6c1584f0-c71d-4a5f-8025-affd32e7e34d","disabled":false,"settings":{}},"10142937387702430166":{"type":"shopify:\/\/apps\/timesact-pre-order\/blocks\/app-embed\/bf6c109b-79b5-457c-8752-0e5e9e9676e7","disabled":true,"settings":{}},"2567389343055140935":{"type":"shopify:\/\/apps\/microsoft-clarity\/blocks\/clarity_js\/31c3d126-8116-4b4a-8ba1-baeda7c4aeea","disabled":true,"settings":{}},"8838267387977255474":{"type":"shopify:\/\/apps\/jotform-ai-chatbot-live-chat\/blocks\/app-embed\/8b752cf5-34d6-4e3e-96cf-8a6ef85fb35a","disabled":false,"settings":{}},"883486199751253914":{"type":"shopify:\/\/apps\/smart-announcement-bar\/blocks\/app-embed\/01998599-754e-7f90-bd3a-dd102da7a04e","disabled":false,"settings":{}},"14295848687633705437":{"type":"shopify:\/\/apps\/singleton-login-to-see-price\/blocks\/app-block\/6402adc6-5086-45ab-ae03-556060e30c42","disabled":true,"settings":{}}}},"presets":{"Puff":{"theme_mode_enabled":true,"theme_mode_mode":"switch","colors_background":"#ffffff","colors_heading":"#242424","colors_text":"#242424","colors_text_link":"#6b7050","colors_price":"#000000","colors_price_sale":"#a90000","colors_error":"#a90000","colors_success":"#686648","colors_line_and_borders":"#e3e3e3","colors_cart_dot":"#6b7050","colors_cart_dot_text":"#ffffff","colors_icon_rating":"#c8b89f","secondary_background":"#F6F6F6","secondary_heading":"#000000","secondary_text":"#898989","colors_button":"#686648","colors_button_text":"#ffffff","colors_button_hover":"#242424","colors_button_text_hover":"#ffffff","colors_button_secondary":"#000000","colors_header_background":"#ffffff","colors_header_text":"#242424","colors_header_line":"#e3e3e3","colors_footer_background":"#292929","colors_footer_heading":"#ffffff","colors_footer_text":"#898989","colors_footer_textlink":"#6b7050","colors_footer_line":"#525051","colors_image_treatment_overlay":"#202020","colors_image_treatment_text":"#ffffff","colors_dark_background":"#202020","colors_dark_heading":"#ffffff","colors_dark_text":"#898989","colors_dark_text_link":"#c8b89f","colors_dark_price":"#c3c3c3","colors_dark_price_sale":"#FF5858","colors_dark_error":"#FF5858","colors_dark_success":"#42a246","colors_dark_line_and_borders":"#5e5e5e","colors_cart_dot_dark":"#6b7050","colors_cart_dot_text_dark":"#ffffff","colors_icon_rating_dark":"#c8b89f","secondary_background_dark":"#3a3a3a","secondary_heading_dark":"#ffffff","secondary_text_dark":"#ffffff","colors_dark_button":"#6b7050","colors_dark_button_text":"#ffffff","colors_dark_button_hover":"#ffffff","colors_dark_button_text_hover":"#242424","colors_dark_button_secondary":"#ffffff","colors_dark_header_background":"#202020","colors_dark_header_text":"#898989","colors_dark_header_line":"#5e5e5e","colors_dark_footer_background":"#292929","colors_dark_footer_heading":"#ffffff","colors_dark_footer_text":"#898989","colors_dark_footer_textlink":"#6b7050","colors_dark_footer_line":"#525051","colors_dark_image_treatment_overlay":"#202020","colors_dark_image_treatment_text":"#ffffff","type_body_font":"tenor_sans_n4","text_base_size":100,"type_header_font":"tenor_sans_n4","heading_base_size":100,"heading_text_tranform":"none","type_menu_font":"tenor_sans_n4","type_button_font":"tenor_sans_n4","buttons_type":"square","buttons_animation":"fill_up","advanced_sections_spacing":0,"page_width":1400,"card_product_background_color_light":"rgba(0,0,0,0)","card_product_background_color_dark":"rgba(0,0,0,0)","card_product_padding":0,"card_product_padding_mobile":0,"product_image_ratio":"portrait","product_image_type":"hover_to_reveal_second_image","transition_arrows":"#242424","transition_arrows_dark":"#242424","info_alignment_card_product":"center","low_stock_threshold":4,"products_color_swatches_enable_on_collection_page":true,"products_color_swatches_style":"round","social_twitter_link":"https:\/\/twitter.com\/shopify","social_facebook_link":"https:\/\/facebook.com\/shopify","social_pinterest_link":"https:\/\/pinterest.com\/shopify","social_instagram_link":"http:\/\/instagram.com\/shopify","social_tiktok_link":"","social_tumblr_link":"","social_snapchat_link":"","social_youtube_link":"","social_vimeo_link":"","social_linkedin_link":"","share_facebook":true,"share_twitter":true,"share_pinterest":true,"search_enabled":true,"search_type":"product,page,collection,article","predictive_search_enabled":true,"predictive_search_show_vendor":true,"predictive_search_show_price":true,"search_desktop_maximun_results":6,"search_mobile_maximun_results":3,"search_show_view_more":true,"advanced_show_breadcrumbs":true,"cart_type":"drawer","cart_icon":"icon-hand-bag","cart_show_vendor":false,"show_cart_note":true,"cart_enable_terms_and_conditions":false,"cart_terms_and_conditions_page":"","cart_upsell_product_list":[],"number_of_product_shown":6,"cart_upsell_section_label":"You'll love this too","enable_free_shipping":true,"enable_scroll_top_desktop":true,"currency_code_enable":false,"selected_preset":"puff","checkout_sidebar_background_color":"#f6f6f6","checkout_accent_color":"#6B7050","checkout_button_color":"#6B7050","checkout_error_color":"#A90000","content_for_index":[]},"Breeze":{"theme_mode_enabled":true,"theme_mode_mode":"switch","colors_background":"#f4f4f2","colors_heading":"#0a0400","colors_text":"#2b2b2b","colors_text_link":"#e1a832","colors_price":"#000000","colors_price_sale":"#A2402D","colors_error":"#A2402D","colors_success":"#058942","colors_line_and_borders":"#ededea","colors_cart_dot":"#e1a832","colors_cart_dot_text":"#0a0400","colors_icon_rating":"#e1a832","secondary_background":"#ededea","secondary_heading":"#0a0400","secondary_text":"#2b2b2b","colors_button":"#0a0400","colors_button_text":"#ffffff","colors_button_hover":"#e1a832","colors_button_text_hover":"#2b2b2b","colors_button_secondary":"#2b2b2b","colors_header_background":"#ffffff","colors_header_text":"#525151","colors_header_line":"#f2f2f2","colors_footer_background":"#ededea","colors_footer_heading":"#0a0400","colors_footer_text":"#2b2b2b","colors_footer_textlink":"#e1a832","colors_footer_line":"#dfdfdc","colors_image_treatment_overlay":"#202020","colors_image_treatment_text":"#ffffff","colors_dark_background":"#2b2b2b","colors_dark_heading":"#ffffff","colors_dark_text":"#ededea","colors_dark_text_link":"#e1a832","colors_dark_price":"#ffffff","colors_dark_price_sale":"#FF5858","colors_dark_error":"#FF5858","colors_dark_success":"#42a246","colors_dark_line_and_borders":"#3c3b3b","colors_cart_dot_dark":"#e1a832","colors_cart_dot_text_dark":"#ffffff","colors_icon_rating_dark":"#e1a832","secondary_background_dark":"#2a2a2a","secondary_heading_dark":"#ffffff","secondary_text_dark":"#999999","colors_dark_button":"#ffffff","colors_dark_button_text":"#0a0400","colors_dark_button_hover":"#e1a832","colors_dark_button_text_hover":"#2b2b2b","colors_dark_button_secondary":"#ffffff","colors_dark_header_background":"#202020","colors_dark_header_text":"#999999","colors_dark_header_line":"#313131","colors_dark_footer_background":"#313030","colors_dark_footer_heading":"#ffffff","colors_dark_footer_text":"#ededea","colors_dark_footer_textlink":"#e1a832","colors_dark_footer_line":"#3c3b3b","colors_dark_image_treatment_overlay":"#202020","colors_dark_image_treatment_text":"#ffffff","type_body_font":"century_gothic_n4","text_base_size":100,"type_header_font":"century_gothic_n7","heading_base_size":100,"heading_text_tranform":"none","type_menu_font":"century_gothic_n4","type_button_font":"century_gothic_n4","buttons_type":"square","advanced_sections_spacing":0,"page_width":1400,"card_product_background_color_light":"#ffffff","card_product_background_color_dark":"rgba(0,0,0,0)","card_product_padding":0,"card_product_padding_mobile":0,"product_image_ratio":"portrait","product_image_type":"slide_img","transition_arrows":"#000000","transition_arrows_dark":"#000000","low_stock_threshold":4,"products_color_swatches_enable_on_collection_page":true,"products_color_swatches_style":"round","social_twitter_link":"","social_facebook_link":"","social_pinterest_link":"","social_instagram_link":"","social_tiktok_link":"","social_tumblr_link":"","social_snapchat_link":"","social_youtube_link":"","social_vimeo_link":"","social_linkedin_link":"","share_facebook":true,"share_twitter":true,"share_pinterest":true,"search_enabled":true,"search_type":"product,page,collection,article","predictive_search_enabled":true,"predictive_search_show_vendor":true,"predictive_search_show_price":true,"search_desktop_maximun_results":6,"search_mobile_maximun_results":3,"search_show_view_more":true,"advanced_show_breadcrumbs":true,"cart_type":"drawer","cart_icon":"icon-hand-bag","cart_show_vendor":false,"show_cart_note":true,"cart_enable_terms_and_conditions":false,"cart_terms_and_conditions_page":"","cart_upsell_product_list":[],"number_of_product_shown":6,"cart_upsell_section_label":"You'll love this too","enable_free_shipping":true,"enable_scroll_top_desktop":true,"currency_code_enable":false,"checkout_sidebar_background_color":"#f6f6f6","checkout_accent_color":"#ff6600","checkout_button_color":"#ff6600","checkout_error_color":"#E12B28","content_for_index":[],"selected_preset":"breeze"},"Breath":{"theme_mode_enabled":true,"theme_mode_mode":"switch","colors_background":"#ffffff","colors_heading":"#212020","colors_text":"#4b4949","colors_text_link":"#17532d","colors_price":"#212020","colors_price_sale":"#ce021e","colors_error":"#e12b28","colors_success":"#038704","colors_line_and_borders":"#f6f6f0","colors_cart_dot":"#154326","colors_cart_dot_text":"#ffffff","colors_icon_rating":"#17532d","secondary_background":"#F6F6F0","secondary_heading":"#212020","secondary_text":"#4b4949","colors_button":"#154326","colors_button_text":"#FFFFFF","colors_button_hover":"#17532d","colors_button_text_hover":"#ffffff","colors_button_secondary":"#4b4b4b","background_button_secondary":"#ededdd","colors_header_background":"#FFFFFF","colors_header_text":"#212020","colors_header_line":"#f6f6f0","colors_footer_background":"#224229","colors_footer_heading":"#ffffff","colors_footer_text":"#c8c8b1","colors_footer_textlink":"#e99d0b","colors_footer_line":"#2f4d36","colors_image_treatment_overlay":"#212020","colors_image_treatment_text":"#FFFFFF","colors_dark_background":"#212020","colors_dark_heading":"#ffffff","colors_dark_text":"#999999","colors_dark_text_link":"#e99d0b","colors_dark_price":"#ffffff","colors_dark_price_sale":"#FF5858","colors_dark_error":"#FF5858","colors_dark_success":"#038704","colors_dark_line_and_borders":"#ededdd","colors_cart_dot_dark":"#154326","colors_cart_dot_text_dark":"#ffffff","colors_icon_rating_dark":"#17532d","secondary_background_dark":"#272727","secondary_heading_dark":"#FFFFFF","secondary_text_dark":"#999999","colors_dark_button":"#154326","colors_dark_button_text":"#ffffff","colors_dark_button_hover":"#17532d","colors_dark_button_text_hover":"#ffffff","colors_dark_button_secondary":"#4b4b4b","background_dark_button_secondary":"#ededdd","colors_dark_header_background":"#212020","colors_dark_header_text":"#999999","colors_dark_header_line":"#ededdd","colors_dark_footer_background":"#224229","colors_dark_footer_heading":"#ffffff","colors_dark_footer_text":"#c8c8b1","colors_dark_footer_textlink":"#e99d0b","colors_dark_footer_line":"#2f4d36","colors_dark_image_treatment_overlay":"#212020","colors_dark_image_treatment_text":"#FFFFFF","type_body_font":"itc_avant_garde_gothic_n4","text_base_size":100,"type_header_font":"itc_avant_garde_gothic_n5","heading_base_size":100,"heading_text_tranform":"none","type_menu_font":"itc_avant_garde_gothic_n5","type_button_font":"prompt_n5","edges_type":"rounded_corners","buttons_type":"rounded_corners","buttons_animation":"fill_up","advanced_sections_spacing":0,"page_width":1400,"card_product_background_color_light":"rgba(0,0,0,0)","card_product_background_color_dark":"rgba(0,0,0,0)","card_product_padding":0,"card_product_padding_mobile":0,"product_image_ratio":"portrait","product_image_type":"slide_img","transition_arrows":"#154326","transition_arrows_dark":"#154326","info_alignment_card_product":"center","low_stock_threshold":5,"products_color_swatches_enable_on_collection_page":true,"products_color_swatches_style":"round","social_twitter_link":"","social_facebook_link":"","social_pinterest_link":"","social_instagram_link":"","social_tiktok_link":"","social_tumblr_link":"","social_snapchat_link":"","social_youtube_link":"","social_vimeo_link":"","social_linkedin_link":"","share_facebook":true,"share_twitter":true,"share_pinterest":true,"search_enabled":true,"search_type":"product,page,collection,article","predictive_search_enabled":true,"predictive_search_show_vendor":true,"predictive_search_show_price":true,"search_desktop_maximun_results":6,"search_mobile_maximun_results":3,"search_show_view_more":true,"advanced_show_breadcrumbs":true,"cart_type":"drawer","cart_icon":"icon-hand-bag","cart_show_vendor":false,"show_cart_note":true,"cart_enable_terms_and_conditions":false,"cart_terms_and_conditions_page":"","cart_upsell_product_list":[],"number_of_product_shown":6,"cart_upsell_section_label":"You'll love this too","enable_free_shipping":true,"enable_scroll_top_desktop":true,"show_background_scroll_top":false,"currency_code_enable":false,"checkout_sidebar_background_color":"#F6F6F0","checkout_accent_color":"#17532d","checkout_button_color":"#17532d","checkout_error_color":"#e12b28","enable_rounded_corners":true,"content_for_index":[],"selected_preset":"breath"},"Swirl":{"theme_mode_enabled":true,"theme_mode_mode":"switch","colors_background":"#ffffff","colors_heading":"#0a1e33","colors_text":"#334354","colors_text_link":"#2cb29b","colors_price":"#334354","colors_price_sale":"#e12b28","colors_error":"#e12b28","colors_success":"#058942","colors_line_and_borders":"#d7e5e5","colors_cart_dot":"#12908b","colors_cart_dot_text":"#ffffff","colors_icon_rating":"#2cb29b","secondary_background":"#f8f8f8","secondary_heading":"#0a1e33","secondary_text":"#334354","colors_button":"#2cb29b","colors_button_text":"#ffffff","colors_button_hover":"#12908b","colors_button_text_hover":"#ffffff","colors_button_secondary":"#2cb29b","colors_header_background":"#ffffff","colors_header_text":"#0a1e33","colors_header_line":"#d7e5e5","colors_footer_background":"#f7f7f7","colors_footer_heading":"#0a1e33","colors_footer_text":"#334354","colors_footer_textlink":"#2cb29b","colors_footer_line":"#e1e7f5","colors_image_treatment_overlay":"#000000","colors_image_treatment_text":"#ffffff","colors_dark_background":"#292929","colors_dark_heading":"#ffffff","colors_dark_text":"#b6cdcc","colors_dark_text_link":"#2cb29b","colors_dark_price":"#b6cdcc","colors_dark_price_sale":"#FF5858","colors_dark_error":"#FF5858","colors_dark_success":"#42a246","colors_dark_line_and_borders":"#334354","colors_cart_dot_dark":"#12908b","colors_cart_dot_text_dark":"#ffffff","colors_icon_rating_dark":"#2cb29b","secondary_background_dark":"#171f1e","secondary_heading_dark":"#ffffff","secondary_text_dark":"#b6cdcc","colors_dark_button":"#2cb29b","colors_dark_button_text":"#ffffff","colors_dark_button_hover":"#12908b","colors_dark_button_text_hover":"#ffffff","colors_dark_button_secondary":"#2cb29b","colors_dark_header_background":"#000000","colors_dark_header_text":"#b2c7c6","colors_dark_header_line":"#b2c7c6","colors_dark_footer_background":"#f7f7f7","colors_dark_footer_heading":"#0a1e33","colors_dark_footer_text":"#334354","colors_dark_footer_textlink":"#2cb29b","colors_dark_footer_line":"#e1e7f5","colors_dark_image_treatment_overlay":"#000000","colors_dark_image_treatment_text":"#ffffff","type_body_font":"harmonia_sans_n4","text_base_size":100,"type_header_font":"harmonia_sans_n6","heading_base_size":100,"heading_text_tranform":"none","type_menu_font":"harmonia_sans_n6","type_button_font":"prompt_n5","edges_type":"rounded_corners","buttons_type":"rounded","buttons_color_mobile":"default","show_icon_button":true,"buttons_animation":"sliced","advanced_sections_spacing":0,"page_width":1400,"card_product_background_color_light":"rgba(0,0,0,0)","card_product_background_color_dark":"rgba(0,0,0,0)","card_product_padding":0,"card_product_padding_mobile":0,"product_image_ratio":"square","product_image_type":"slide_img","transition_arrows":"#12908B","transition_arrows_dark":"#12908B","info_alignment_card_product":"center","low_stock_threshold":4,"products_color_swatches_enable_on_collection_page":true,"products_color_swatches_style":"round","social_twitter_link":"","social_facebook_link":"","social_pinterest_link":"","social_instagram_link":"","social_tiktok_link":"","social_tumblr_link":"","social_snapchat_link":"","social_youtube_link":"","social_vimeo_link":"","social_linkedin_link":"","share_facebook":true,"share_twitter":true,"share_pinterest":true,"search_enabled":true,"search_refined":true,"search_type":"product,page,collection,article","predictive_search_enabled":true,"predictive_search_show_vendor":true,"predictive_search_show_price":true,"search_desktop_maximun_results":6,"search_mobile_maximun_results":3,"search_show_view_more":true,"advanced_show_breadcrumbs":true,"cart_type":"drawer","cart_icon":"icon-cart","cart_show_vendor":false,"show_cart_note":true,"cart_enable_terms_and_conditions":false,"cart_terms_and_conditions_page":"","cart_upsell_product_list":[],"number_of_product_shown":6,"cart_upsell_section_label":"You'll love this too","enable_free_shipping":true,"enable_scroll_top_desktop":true,"currency_code_enable":false,"selected_preset":"swirl","checkout_sidebar_background_color":"#f8f8f8","checkout_accent_color":"#2CB29B","checkout_button_color":"#2CB29B","checkout_error_color":"#E12B28","content_for_index":[]},"Whiff":{"theme_mode_enabled":true,"theme_mode_mode":"switch","colors_background":"#fbf6ee","colors_heading":"#3e2b21","colors_text":"#574136","colors_text_link":"#c2a27a","colors_price":"#c2a27a","colors_price_sale":"#970000","colors_error":"#970000","colors_success":"#3e2b21","colors_line_and_borders":"#dcd6cb","colors_cart_dot":"#574136","colors_cart_dot_text":"#ffffff","colors_icon_rating":"#c2a27a","secondary_background":"#f5f0e7","secondary_heading":"#3e2b21","secondary_text":"#574136","colors_button":"#3e2b21","colors_button_text":"#ffffff","colors_button_hover":"#574136","colors_button_text_hover":"#ffffff","background_button_secondary":"#e3e0db","colors_button_secondary":"#3e2b21","colors_header_background":"#f5f0e7","colors_header_text":"#574136","colors_header_line":"#dcd6cb","colors_footer_background":"#3e2b21","colors_footer_heading":"#dcd6cb","colors_footer_text":"#999999","colors_footer_textlink":"#c2a27a","colors_footer_line":"#574136","colors_image_treatment_overlay":"#3e2b21","colors_image_treatment_text":"#ffffff","colors_dark_background":"#2e1c13","colors_dark_heading":"#ffffff","colors_dark_text":"#f5f0e7","colors_dark_text_link":"#c2a27a","colors_dark_price":"#c2a27a","colors_dark_price_sale":"#970000","colors_dark_error":"#970000","colors_dark_success":"#ffffff","colors_dark_line_and_borders":"#3e2b21","colors_cart_dot_dark":"#dcd6cb","colors_cart_dot_text_dark":"#3e2b21","colors_icon_rating_dark":"#c2a27a","secondary_background_dark":"#34231a","secondary_heading_dark":"#ffffff","secondary_text_dark":"#f5f0e7","colors_dark_button":"#f5f0e7","colors_dark_button_text":"#3e2b21","colors_dark_button_hover":"#dcd6cb","colors_dark_button_text_hover":"#3e2b21","background_dark_button_secondary":"#e3e0db","colors_dark_button_secondary":"#3e2b21","colors_dark_header_background":"#34231a","colors_dark_header_text":"#f5f0e7","colors_dark_header_line":"#3e2b21","colors_dark_footer_background":"#34231a","colors_dark_footer_heading":"#ffffff","colors_dark_footer_text":"#f5f0e7","colors_dark_footer_textlink":"#c2a27a","colors_dark_footer_line":"#3e2b21","colors_dark_image_treatment_overlay":"#2e1c13","colors_dark_image_treatment_text":"#ffffff","type_body_font":"avenir_next_n4","text_base_size":100,"type_header_font":"libre_baskerville_n4","heading_base_size":100,"heading_text_tranform":"none","type_menu_font":"avenir_next_n4","type_button_font":"avenir_next_n4","buttons_type":"square","buttons_animation":"underline","advanced_sections_spacing":0,"page_width":1400,"card_product_background_color_light":"rgba(0,0,0,0)","card_product_background_color_dark":"rgba(0,0,0,0)","card_product_padding":0,"card_product_padding_mobile":0,"product_image_ratio":"3\/4","product_image_type":"hover_to_reveal_second_image","transition_arrows":"#574136","transition_arrows_dark":"#574136","low_stock_threshold":4,"gift_wrapping_product":"14k-yellow-gold-heart-bangle-bracelet","products_color_swatches_enable_on_collection_page":true,"products_color_swatches_style":"round","social_twitter_link":"","social_facebook_link":"","social_pinterest_link":"","social_instagram_link":"","social_tiktok_link":"","social_tumblr_link":"","social_snapchat_link":"","social_youtube_link":"","social_vimeo_link":"","social_linkedin_link":"","share_facebook":true,"share_twitter":true,"share_pinterest":true,"search_enabled":true,"search_type":"product,page,collection,article","predictive_search_enabled":true,"predictive_search_show_vendor":true,"predictive_search_show_price":true,"search_desktop_maximun_results":6,"search_mobile_maximun_results":3,"search_show_view_more":true,"advanced_show_breadcrumbs":true,"cart_type":"drawer","cart_icon":"icon-hand-bag","cart_show_vendor":false,"show_cart_note":true,"cart_enable_terms_and_conditions":false,"cart_terms_and_conditions_page":"","cart_upsell_product_list":[],"number_of_product_shown":6,"cart_upsell_section_label":"You'll love this too","enable_free_shipping":true,"enable_scroll_top_desktop":true,"currency_code_enable":false,"selected_preset":"whiff","checkout_sidebar_background_color":"#f5f0e7","checkout_accent_color":"#3e2b21","checkout_button_color":"#3e2b21","checkout_error_color":"#970000","content_for_index":[]}},"platform_customizations":{"custom_css":[".contact-form-container {background-color: #1c4070; padding: 20px; border-radius: 12px; max-width: 600px; margin: 0 auto; color: white;}",".contact-form-container h2 {color: white; font-size: 24px; margin-bottom: 10px;}",".contact-form-container p {color: white; font-size: 16px; margin-bottom: 20px;}",".contact-form-container input[type=\"text\"],.contact-form-container input[type=\"email\"],.contact-form-container textarea {width: 100%; padding: 10px; margin: 10px 0; border: 1px solid #ccc; border-radius: 6px; box-sizing: border-box; color: black;}",".contact-form-container button,.contact-form-container input[type=\"submit\"] {background-color: #4a90e2 !important; color: white !important; padding: 10px !important; border: none !important; border-radius: 6px !important; cursor: pointer !important; width: 100% !important; text-align: center !important; margin: 10px 0 !important;}",".contact-form-container button:hover,.contact-form-container input[type=\"submit\"]:hover {background-color: #357abd !important;}",".contact-info h4,.contact-info h2,.contact-form-container h4 {color: white;}",".betterPriceLink:hover {color: black !important;}","#AK29YY0t1WTlzaWZQR__product_samples_app_block_LyfNcF .product-samples-button:hover {color: black !important;}",".message-bar {z-index: 9 !important;}",".cbb-also-bought-container {z-index: 5 !important;}",".easyspecs-spec-row:hover {background-color: #1c4070 !important;}",".easyspecs-spec-row:hover .easyspecs-name-cell,.easyspecs-spec-row:hover .easyspecs-value-cell {color: #ffffff !important;}",".smart-announcement-bar {z-index: 100 !important;}"]}}