[{"name":"theme_info","theme_name":"Eurus","theme_version":"6.7.1","theme_author":"BSS Commerce","theme_documentation_url":"https:\/\/wiki.bsscommerce.com\/docs\/shopify-eurus-theme\/","theme_support_url":"https:\/\/support.bsscommerce.com\/support\/tickets\/new"},{"name":"t:settings_schema.theme-mode.name","settings":[{"type":"checkbox","id":"theme_mode_enabled","default":true,"label":"t:settings_schema.theme-mode.enable"},{"type":"select","id":"theme_mode_mode","options":[{"value":"auto","label":"t:settings_schema.theme-mode.auto"},{"value":"switch","label":"t:settings_schema.theme-mode.switch"}],"default":"auto","label":"t:settings_schema.theme-mode.select"},{"type":"select","id":"theme_mode_default","options":[{"value":"light","label":"t:settings_schema.theme-mode.default.light"},{"value":"dark","label":"t:settings_schema.theme-mode.default.dark"}],"default":"light","label":"t:settings_schema.theme-mode.default.label"}]},{"name":"t:settings_schema.colors.name","settings":[{"type":"header","content":"t:settings_schema.colors.settings.header__1.content"},{"type":"color","id":"colors_background","default":"#FFFFFF","label":"t:settings_schema.colors.colors_background"},{"type":"color","id":"colors_heading","default":"#000000","label":"t:settings_schema.colors.settings.colors_heading.label"},{"type":"color","id":"colors_text","default":"#525151","label":"t:settings_schema.colors.colors_text"},{"type":"color","id":"colors_text_link","default":"#FB8500","label":"t:settings_schema.colors.colors_text_link"},{"type":"color","id":"colors_price","default":"#525151","label":"t:settings_schema.colors.settings.colors_price.label"},{"type":"color","id":"colors_price_sale","default":"#CE021E","label":"t:settings_schema.colors.settings.colors_price_sale.label"},{"type":"color","id":"colors_error","default":"#CE021E","label":"t:settings_schema.colors.colors_error"},{"type":"color","id":"colors_success","default":"#058942","label":"t:settings_schema.colors.colors_success"},{"type":"color","id":"colors_line_and_borders","default":"#F2F2F2","label":"t:settings_schema.colors.colors_line_and_borders"},{"type":"color","id":"colors_cart_dot","default":"#FB8500","label":"t:settings_schema.colors.colors_cart"},{"type":"color","id":"colors_cart_dot_text","default":"#000000","label":"t:settings_schema.colors.colors_cart_text"},{"type":"color","id":"colors_icon_rating","default":"#ffa422","label":"t:settings_schema.colors.colors_icon_rating"},{"type":"header","content":"t:settings_schema.colors.settings.header__5.content"},{"type":"color","id":"secondary_background","default":"#F6F6F6","label":"t:settings_schema.colors.colors_background"},{"type":"color","id":"secondary_heading","default":"#000000","label":"t:settings_schema.colors.settings.colors_heading.label"},{"type":"color","id":"secondary_text","default":"#525151","label":"t:settings_schema.colors.colors_text"},{"type":"header","content":"t:settings_schema.colors.settings.header__2.content"},{"type":"color","id":"colors_button","default":"#000000","label":"t:settings_schema.colors.settings.colors_button.label"},{"type":"color","id":"colors_button_text","default":"#FFFFFF","label":"t:settings_schema.colors.settings.colors_button_text.label"},{"type":"color","id":"colors_button_hover","default":"#FB8500","label":"t:settings_schema.colors.settings.colors_button_hover.label"},{"type":"color","id":"colors_button_text_hover","default":"#000000","label":"t:settings_schema.colors.settings.colors_button_text_hover.label"},{"type":"color","id":"background_button_secondary","default":"rgba(0,0,0,0)","label":"t:settings_schema.colors.settings.background_button_secondary.label"},{"type":"color","id":"colors_button_secondary","default":"#000000","label":"t:settings_schema.colors.settings.colors_button_secondary.label"},{"type":"header","content":"t:settings_schema.colors.settings.header__3.content"},{"type":"color","id":"colors_header_background","default":"#FFFFFF","label":"t:settings_schema.colors.colors_header_background"},{"type":"color","id":"colors_header_text","default":"#525151","label":"t:settings_schema.colors.colors_header_text"},{"type":"color","id":"colors_header_line","default":"#F2F2F2","label":"t:settings_schema.colors.settings.line.label"},{"type":"header","content":"t:settings_schema.colors.settings.header__4.content"},{"type":"color","id":"colors_footer_background","default":"#F6F6F6","label":"t:settings_schema.colors.colors_footer_background"},{"type":"color","id":"colors_footer_heading","default":"#FFFFFF","label":"t:settings_schema.colors.settings.colors_heading.label"},{"type":"color","id":"colors_footer_text","default":"#525151","label":"t:settings_schema.colors.colors_footer_text"},{"type":"color","id":"colors_footer_textlink","default":"#FB8500","label":"t:settings_schema.colors.colors_text_link"},{"type":"color","id":"colors_footer_line","default":"#F2F2F2","label":"t:settings_schema.colors.settings.line.label"},{"type":"header","content":"t:settings_schema.colors.image_treatment"},{"type":"color","id":"colors_image_treatment_overlay","default":"#202020","label":"t:settings_schema.colors.colors_image_treatment_overlay"},{"type":"color","id":"colors_image_treatment_text","default":"#FFFFFF","label":"t:settings_schema.colors.colors_image_treatment_text"}]},{"name":"Collection Pages","settings":[{"type":"select","id":"collection_prod_image_sizes","label":"Product image size","options":[{"value":"compact","label":"Small"},{"value":"large","label":"Medium (default)"}],"info":"Control the product image sizes on the collection and home pages."},{"type":"radio","id":"collection_sidebar_filters","label":"Sidebar Filtering","options":[{"value":"tags","label":"Filter by tags"},{"value":"groups","label":"Filter by groups [Learn how to set up](http:\/\/supply-electronics.myshopify.com\/pages\/how-to-enable-advanced-group-filtering)"}]}]},{"name":"t:settings_schema.colors.name_dark","settings":[{"type":"header","content":"t:settings_schema.colors.settings.header__1.content"},{"type":"color","id":"colors_dark_background","default":"#202020","label":"t:settings_schema.colors.colors_background"},{"type":"color","id":"colors_dark_heading","default":"#FFFFFF","label":"t:settings_schema.colors.settings.colors_heading.label"},{"type":"color","id":"colors_dark_text","default":"#999999","label":"t:settings_schema.colors.colors_text"},{"type":"color","id":"colors_dark_text_link","default":"#FB8500","label":"t:settings_schema.colors.colors_text_link"},{"type":"color","id":"colors_dark_price","default":"#999999","label":"t:settings_schema.colors.settings.colors_price.label"},{"type":"color","id":"colors_dark_price_sale","default":"#FC3C44","label":"t:settings_schema.colors.settings.colors_price_sale.label"},{"type":"color","id":"colors_dark_error","default":"#EB001B","label":"t:settings_schema.colors.colors_error"},{"type":"color","id":"colors_dark_success","default":"#42A246","label":"t:settings_schema.colors.colors_success"},{"type":"color","id":"colors_dark_line_and_borders","default":"#313131","label":"t:settings_schema.colors.colors_line_and_borders"},{"type":"color","id":"colors_cart_dot_dark","default":"#FB8500","label":"t:settings_schema.colors.colors_cart"},{"type":"color","id":"colors_cart_dot_text_dark","default":"#000000","label":"t:settings_schema.colors.colors_cart_text"},{"type":"color","id":"colors_icon_rating_dark","default":"#ffa422","label":"t:settings_schema.colors.colors_icon_rating"},{"type":"header","content":"t:settings_schema.colors.settings.header__5.content"},{"type":"color","id":"secondary_background_dark","default":"#2A2A2A","label":"t:settings_schema.colors.colors_background"},{"type":"color","id":"secondary_heading_dark","default":"#FFFFFF","label":"t:settings_schema.colors.settings.colors_heading.label"},{"type":"color","id":"secondary_text_dark","default":"#999999","label":"t:settings_schema.colors.colors_text"},{"type":"header","content":"t:settings_schema.colors.settings.header__2.content"},{"type":"color","id":"colors_dark_button","default":"#FFFFFF","label":"t:settings_schema.colors.settings.colors_button.label"},{"type":"color","id":"colors_dark_button_text","default":"#000000","label":"t:settings_schema.colors.settings.colors_button_text.label"},{"type":"color","id":"colors_dark_button_hover","default":"#FB8500","label":"t:settings_schema.colors.settings.colors_button_hover.label"},{"type":"color","id":"colors_dark_button_text_hover","default":"#000000","label":"t:settings_schema.colors.settings.colors_button_text_hover.label"},{"type":"color","id":"background_dark_button_secondary","default":"rgba(0,0,0,0)","label":"t:settings_schema.colors.settings.background_button_secondary.label"},{"type":"color","id":"colors_dark_button_secondary","default":"#FFFFFF","label":"t:settings_schema.colors.settings.colors_button_secondary.label"},{"type":"header","content":"t:settings_schema.colors.settings.header__3.content"},{"type":"color","id":"colors_dark_header_background","default":"#202020","label":"t:settings_schema.colors.colors_header_background"},{"type":"color","id":"colors_dark_header_text","default":"#999999","label":"t:settings_schema.colors.colors_header_text"},{"type":"color","id":"colors_dark_header_line","default":"#313131","label":"t:settings_schema.colors.settings.line.label"},{"type":"header","content":"t:settings_schema.colors.settings.header__4.content"},{"type":"color","id":"colors_dark_footer_background","default":"#f6f6f6","label":"t:settings_schema.colors.colors_footer_background"},{"type":"color","id":"colors_dark_footer_heading","default":"#000000","label":"t:settings_schema.colors.settings.colors_heading.label"},{"type":"color","id":"colors_dark_footer_text","default":"#525051","label":"t:settings_schema.colors.colors_footer_text"},{"type":"color","id":"colors_dark_footer_textlink","default":"#FB8500","label":"t:settings_schema.colors.colors_text_link"},{"type":"color","id":"colors_dark_footer_line","default":"#e3e3e3","label":"t:settings_schema.colors.settings.line.label"},{"type":"header","content":"t:settings_schema.colors.image_treatment"},{"type":"color","id":"colors_dark_image_treatment_overlay","default":"#FFFFFF","label":"t:settings_schema.colors.colors_image_treatment_overlay"},{"type":"color","id":"colors_dark_image_treatment_text","default":"#000000","label":"t:settings_schema.colors.colors_image_treatment_text"}]},{"name":"t:settings_schema.typography.name","settings":[{"type":"header","content":"t:settings_schema.typography.settings.header__2.content"},{"type":"font_picker","id":"type_body_font","default":"assistant_n4","label":"t:settings_schema.typography.settings.type_body_font.label","info":"t:settings_schema.typography.settings.type_body_font.info"},{"type":"range","id":"text_base_size","min":50,"max":200,"step":10,"unit":"%","label":"t:settings_schema.typography.base_size","default":100},{"type":"header","content":"t:settings_schema.typography.settings.header__1.content"},{"type":"font_picker","id":"type_header_font","default":"assistant_n4","label":"t:settings_schema.typography.settings.type_header_font.label","info":"t:settings_schema.typography.settings.type_header_font.info"},{"type":"range","id":"heading_base_size","min":50,"max":200,"step":10,"unit":"%","label":"t:settings_schema.typography.base_size","default":100},{"type":"select","id":"heading_text_tranform","options":[{"value":"none","label":"t:settings_schema.typography.default"},{"value":"capitalize","label":"t:settings_schema.typography.capitalize"},{"value":"uppercase","label":"t:settings_schema.typography.uppercase"},{"value":"lowercase","label":"t:settings_schema.typography.lowercase"}],"default":"none","label":"t:settings_schema.typography.text_tranform"},{"type":"header","content":"Others"},{"type":"font_picker","id":"type_menu_font","default":"assistant_n4","label":"t:settings_schema.typography.type_menu_font","info":"t:settings_schema.typography.settings.type_header_font.info"},{"type":"font_picker","id":"type_button_font","default":"assistant_n4","label":"t:settings_schema.typography.type_button_font","info":"t:settings_schema.typography.settings.type_header_font.info"}]},{"name":"t:settings_schema.design.name","settings":[{"type":"header","content":"t:settings_schema.design.general"},{"type":"select","id":"edges_type","options":[{"value":"square","label":"t:settings_schema.buttons.square"},{"value":"rounded_corners","label":"t:settings_schema.buttons.rounded_corners"}],"default":"square","label":"t:settings_schema.design.edges"},{"type":"select","id":"buttons_type","options":[{"value":"square","label":"t:settings_schema.buttons.square"},{"value":"rounded","label":"t:settings_schema.buttons.rounded"},{"value":"rounded_corners","label":"t:settings_schema.buttons.rounded_corners"},{"value":"mixed","label":"t:settings_schema.buttons.mixed"}],"default":"square","label":"t:settings_schema.buttons.type"},{"type":"select","id":"buttons_color_mobile","options":[{"value":"hover","label":"t:settings_schema.buttons.use_color_button_hover"},{"value":"default","label":"t:settings_schema.buttons.use_color_button"}],"default":"hover","label":"t:settings_schema.buttons.mobile_color_buttons"},{"type":"header","content":"t:settings_schema.animation.name"},{"type":"select","id":"buttons_animation","options":[{"value":"slide","label":"t:settings_schema.buttons.animation.slide"},{"value":"fill_up","label":"t:settings_schema.buttons.animation.fill_up"},{"value":"sliced","label":"t:settings_schema.buttons.animation.sliced_with_icon"},{"value":"underline","label":"t:settings_schema.buttons.animation.underline"}],"default":"slide","label":"t:settings_schema.buttons.animation.label"},{"type":"html","id":"custom_icon_button","label":"t:sections.all.icon.custom_icon","info":"t:sections.all.icon.info_button_icon"},{"type":"paragraph","content":"t:sections.all.icon.custom_icon_info"},{"type":"checkbox","id":"disable_parallax_effect","default":false,"label":"t:settings_schema.animation.disable_parallax_effect","info":"t:settings_schema.animation.disable_parallax_effect_info"},{"type":"checkbox","id":"disable_zoom","default":false,"label":"t:settings_schema.animation.disable_zoom","info":"t:settings_schema.animation.disable_zoom_info"},{"type":"header","content":"t:settings_schema.layout.name"},{"type":"text","id":"lang_direction","label":"t:settings_schema.layout.lang_direction.label","info":"t:settings_schema.layout.lang_direction.info"},{"type":"range","id":"advanced_sections_spacing","min":0,"max":100,"step":10,"default":50,"unit":"px","label":"t:settings_schema.layout.sections_spacing"},{"type":"range","id":"page_width","min":1000,"max":1600,"step":100,"default":1400,"unit":"px","label":"t:settings_schema.layout.page_width"},{"type":"header","content":"t:settings_schema.design.popup.name"},{"type":"select","id":"position_minimal","options":[{"value":"left","label":"t:settings_schema.design.popup.position_minimal.option__1.label"},{"value":"right","label":"t:settings_schema.design.popup.position_minimal.option__2.label"}],"default":"left","label":"t:settings_schema.design.popup.position_minimal.label"},{"type":"checkbox","id":"show_popup_overlay","default":false,"label":"t:settings_schema.design.popup.show_overlay"}]},{"name":"t:sections.shop_the_look.settings.header_card_product.content","settings":[{"type":"header","content":"t:settings_schema.products.product_cards"},{"type":"color","id":"card_product_background_color_light","default":"rgba(0,0,0,0)","label":"t:sections.featured-product.settings.background_color_light.label"},{"type":"color","id":"card_product_background_color_dark","default":"rgba(0,0,0,0)","label":"t:sections.featured-product.settings.background_color_dark.label"},{"type":"range","id":"card_product_padding","min":0,"max":50,"unit":"px","step":1,"default":20,"label":"t:settings_schema.products.desktop_side_padding"},{"type":"range","id":"card_product_padding_mobile","min":0,"max":10,"unit":"px","step":1,"default":5,"label":"t:settings_schema.products.mobile_side_padding"},{"type":"select","id":"product_image_ratio","options":[{"value":"natural","label":"t:settings_schema.products.product_image_ratio.option__1.label"},{"value":"square","label":"t:settings_schema.products.product_image_ratio.option__2.label"},{"value":"landscape","label":"t:settings_schema.products.product_image_ratio.option__3.label"},{"value":"portrait","label":"t:settings_schema.products.product_image_ratio.option__4.label"},{"value":"wide","label":"t:settings_schema.products.product_image_ratio.option__5.label"},{"value":"3\/4","label":"t:settings_schema.products.product_image_ratio.option__6.label"}],"default":"square","label":"t:settings_schema.products.product_image_ratio.label"},{"type":"select","id":"product_image_type","default":"hover_to_reveal_second_image","label":"t:settings_schema.products.product_image_type.label","options":[{"value":"hover_to_reveal_second_image","label":"t:settings_schema.products.product_image_type.options__2.label"},{"value":"slide_img","label":"t:settings_schema.products.product_image_type.options__3.label"},{"value":"none","label":"t:settings_schema.products.product_image_type.options__1.label"}]},{"type":"color","id":"transition_arrows","default":"#000000","label":"t:settings_schema.products.transition_arrows"},{"type":"color","id":"transition_arrows_dark","default":"#000000","label":"t:settings_schema.products.transition_arrows_dark"},{"type":"checkbox","id":"show_arrow","label":"t:sections.slideshow.settings.show_arrow.label","default":true},{"type":"range","id":"change_slides_speed","min":1,"max":4,"step":1,"unit":"s","label":"t:sections.slideshow.settings.change_slides_speed.label","default":2},{"type":"select","id":"info_alignment_card_product","default":"left","label":"t:sections.all.content_alignment.label","options":[{"value":"left","label":"t:sections.all.content_alignment.options__1.label"},{"value":"center","label":"t:sections.all.content_alignment.options__2.label"},{"value":"right","label":"t:sections.all.content_alignment.options__3.label"}]},{"type":"header","content":"t:settings_schema.products.inventory_status"},{"type":"checkbox","id":"show_quantity","default":false,"label":"t:settings_schema.products.show_quantity"},{"type":"range","id":"low_stock_threshold","min":1,"max":20,"step":1,"default":2,"label":"t:settings_schema.products.low_stock_threshold"}]},{"name":"t:settings_schema.products.gift_wrapping","settings":[{"type":"product","id":"gift_wrapping_product","label":"t:settings_schema.products.gift_wrapping_product"},{"type":"text","id":"gift_wrapping_label","default":"Gift wrap this product","label":"t:settings_schema.products.default_gift_wrapping_label"}]},{"name":"t:settings_schema.product-swatches.name","settings":[{"type":"header","content":"t:settings_schema.product-swatches.settings.general","info":"t:settings_schema.product-swatches.settings.info"},{"type":"checkbox","id":"products_color_swatches_enable_on_collection_page","default":false,"label":"t:settings_schema.products.products_color_swatches_enable_on_collection_page"},{"type":"checkbox","id":"replace_color_with_variant_images","default":false,"label":"t:settings_schema.products.replace_color_with_variant_images"},{"type":"select","id":"swatches_type","options":[{"value":"text","label":"t:settings_schema.products.swatches_type.text"},{"value":"color","label":"t:settings_schema.products.swatches_type.color"},{"value":"both_text_and_color","label":"t:settings_schema.products.swatches_type.both"}],"default":"color","label":"t:settings_schema.products.swatches_type.label"},{"type":"text","id":"color_option_name","default":"Color;Colour;Couleur;Farbe","label":"t:settings_schema.products.color_option_name","info":"t:settings_schema.products.color_option_info"},{"type":"textarea","id":"color_option_values","label":"t:settings_schema.products.color_option_values","info":"t:settings_schema.products.color_swatches_example","placeholder":"Red:#FF0000 \nGreen:#00FF00 \nBlue:#0000FF"},{"type":"paragraph","content":"t:settings_schema.products.color_swatches_guide"},{"type":"text","id":"text_option_name","default":"Size;Taille;Taglia;Größe","label":"t:settings_schema.products.text_option_name","info":"t:settings_schema.products.text_option_info"},{"type":"textarea","id":"text_option_values","label":"t:settings_schema.products.text_option_value","info":"t:settings_schema.products.text_swatches_info","placeholder":"Small:S \nMedium:M \nLarge:L"},{"type":"select","id":"products_color_swatches_style","options":[{"value":"round","label":"t:settings_schema.products.round"},{"value":"square","label":"t:settings_schema.products.square"}],"default":"round","label":"t:settings_schema.products.products_color_swatches_style"},{"type":"range","id":"swatch_show_by_default","min":0,"max":12,"step":1,"label":"t:settings_schema.product-swatches.settings.swatch_show_by_default.label","info":"t:settings_schema.product-swatches.settings.swatch_show_by_default.info","default":0},{"type":"header","content":"t:settings_schema.product-swatches.settings.swatches_filter.header","info":"t:settings_schema.product-swatches.settings.swatches_filter.info"},{"type":"checkbox","id":"filter_display_text","default":false,"label":"t:settings_schema.product-swatches.settings.swatches_filter.display_text"},{"type":"select","id":"visual_value_style","label":"t:settings_schema.product-swatches.settings.swatches_filter.visual_style.label","default":"compact","options":[{"value":"compact","label":"t:settings_schema.product-swatches.settings.swatches_filter.visual_style.options__1.label"},{"value":"large","label":"t:settings_schema.product-swatches.settings.swatches_filter.visual_style.options__2.label"}]}]},{"name":"t:settings_schema.social-media.name","settings":[{"type":"header","content":"t:settings_schema.social-media.settings.header.content"},{"type":"text","id":"social_twitter_link","label":"t:settings_schema.social-media.settings.social_twitter_link.label","info":"t:settings_schema.social-media.settings.social_twitter_link.info"},{"type":"text","id":"social_facebook_link","label":"t:settings_schema.social-media.settings.social_facebook_link.label","info":"t:settings_schema.social-media.settings.social_facebook_link.info"},{"type":"text","id":"social_pinterest_link","label":"t:settings_schema.social-media.settings.social_pinterest_link.label","info":"t:settings_schema.social-media.settings.social_pinterest_link.info"},{"type":"text","id":"social_instagram_link","label":"t:settings_schema.social-media.settings.social_instagram_link.label","info":"t:settings_schema.social-media.settings.social_instagram_link.info"},{"type":"text","id":"social_tiktok_link","label":"t:settings_schema.social-media.settings.social_tiktok_link.label","info":"t:settings_schema.social-media.settings.social_tiktok_link.info"},{"type":"text","id":"social_tumblr_link","label":"t:settings_schema.social-media.settings.social_tumblr_link.label","info":"t:settings_schema.social-media.settings.social_tumblr_link.info"},{"type":"text","id":"social_snapchat_link","label":"t:settings_schema.social-media.settings.social_snapchat_link.label","info":"t:settings_schema.social-media.settings.social_snapchat_link.info"},{"type":"text","id":"social_youtube_link","label":"t:settings_schema.social-media.settings.social_youtube_link.label","info":"t:settings_schema.social-media.settings.social_youtube_link.info"},{"type":"text","id":"social_vimeo_link","label":"t:settings_schema.social-media.settings.social_vimeo_link.label","info":"t:settings_schema.social-media.settings.social_vimeo_link.info"},{"type":"text","id":"social_linkedin_link","label":"t:settings_schema.social-media.settings.social_linkedin_link.label","info":"t:settings_schema.social-media.settings.social_linkedin_link.info"},{"type":"text","id":"email_address","label":"t:sections.contact-form.settings.email_address.label"},{"type":"text","id":"phone_number","label":"t:sections.contact-form.settings.phone_nummber.label"},{"type":"header","content":"t:settings_schema.social-media.sharing_options"},{"type":"checkbox","id":"share_facebook","default":false,"label":"t:settings_schema.social-media.share_facebook"},{"type":"checkbox","id":"share_twitter","default":false,"label":"t:settings_schema.social-media.share_twitter"},{"type":"checkbox","id":"share_pinterest","default":false,"label":"t:settings_schema.social-media.share_pinterest"}]},{"name":"t:settings_schema.search_navigation.name","settings":[{"type":"header","content":"t:settings_schema.search_navigation.search_header"},{"type":"checkbox","id":"search_enabled","default":true,"label":"t:settings_schema.search_navigation.search_enabled"},{"type":"checkbox","id":"search_refined","default":false,"label":"t:settings_schema.search_navigation.search_refined"},{"type":"select","id":"search_type","options":[{"value":"product","label":"t:settings_schema.search_navigation.products_only"},{"value":"product,collection","label":"t:settings_schema.search_navigation.products_collection"},{"value":"product,page,article","label":"t:settings_schema.search_navigation.products_page_article"},{"value":"product,page","label":"t:settings_schema.search_navigation.products_page"},{"value":"product,page,collection,article","label":"t:settings_schema.search_navigation.all"}],"default":"product","label":"t:settings_schema.search_navigation.search_type"},{"type":"checkbox","id":"predictive_search_enabled","default":true,"label":"t:settings_schema.search_navigation.settings.predictive_search_enabled.label","info":"t:settings_schema.search_navigation.settings.predictive_search_enabled.info"},{"type":"checkbox","id":"predictive_search_show_vendor","default":false,"label":"t:settings_schema.search_navigation.settings.predictive_search_show_vendor.label"},{"type":"checkbox","id":"predictive_search_show_price","default":false,"label":"t:settings_schema.search_navigation.settings.predictive_search_show_price.label"},{"type":"range","id":"search_desktop_maximun_results","min":1,"max":10,"step":1,"label":"t:settings_schema.search_navigation.search_desktop_maximun_results","default":10},{"type":"range","id":"search_mobile_maximun_results","min":1,"max":6,"step":1,"label":"t:settings_schema.search_navigation.search_mobile_maximun_results","default":6},{"type":"checkbox","id":"search_show_view_more","default":false,"label":"t:settings_schema.search_navigation.search_show_view_more"},{"type":"collection","id":"popular_product_search","label":"t:settings_schema.search_navigation.popular_product_search"},{"type":"link_list","id":"search_recomendation","label":"t:settings_schema.search_navigation.search_recomendation"},{"type":"range","id":"product_limit","min":1,"max":6,"step":1,"default":6,"label":"t:settings_schema.search_navigation.product_limit"},{"type":"select","id":"search_style","options":[{"value":"vertical","label":"t:settings_schema.search_navigation.settings.search_style.options__1"},{"value":"horizontal","label":"t:settings_schema.search_navigation.settings.search_style.options__2"}],"default":"vertical","label":"t:settings_schema.search_navigation.search_style"},{"type":"header","content":"t:settings_schema.search_navigation.speech_search.content"},{"type":"checkbox","id":"show_speech_search","default":false,"label":"t:settings_schema.search_navigation.speech_search.show_speech_search.label","info":"t:settings_schema.search_navigation.speech_search.show_speech_search.info"},{"type":"color","id":"colors_speech","default":"#FB8500","label":"t:settings_schema.search_navigation.speech_search.colors_speech"},{"type":"color","id":"colors_dark_speech","default":"#FB8500","label":"t:settings_schema.search_navigation.speech_search.colors_dark_speech"},{"type":"header","content":"t:settings_schema.search_navigation.breadcrumbs_header"},{"type":"checkbox","id":"advanced_show_breadcrumbs","default":true,"label":"t:settings_schema.search_navigation.show_breadcrumbs"},{"type":"select","id":"breadcrumbs_separator","options":[{"value":"›","label":"›"},{"value":">","label":">"},{"value":"•","label":"•"},{"value":"·","label":"·"},{"value":"\/","label":"\/"},{"value":"-","label":"-"},{"value":"—","label":"—"},{"value":"~","label":"~"}],"default":"—","label":"t:settings_schema.search_navigation.breadcrumb_separator"}]},{"name":"t:settings_schema.favicon.name","settings":[{"type":"image_picker","id":"favicon","label":"t:settings_schema.favicon.settings.favicon.label","info":"t:settings_schema.favicon.settings.favicon.info"}]},{"name":"t:settings_schema.cart.name","settings":[{"type":"select","id":"cart_page_layout","options":[{"value":"side","label":"t:settings_schema.cart.settings.cart_page_layout.side.label"},{"value":"above","label":"t:settings_schema.cart.settings.cart_page_layout.above.label"}],"default":"above","label":"t:settings_schema.cart.settings.cart_page_layout.label","info":"t:settings_schema.cart.settings.cart_page_layout.info"},{"type":"select","id":"cart_type","options":[{"value":"drawer","label":"t:settings_schema.cart.settings.cart_type.drawer.label"},{"value":"popup","label":"t:settings_schema.cart.settings.cart_type.popup.label"}],"default":"drawer","label":"t:settings_schema.cart.settings.cart_type.label"},{"type":"select","id":"cart_icon","options":[{"value":"icon-cart","label":"t:settings_schema.cart.settings.cart_icon.cart.label"},{"value":"icon-hand-bag","label":"t:settings_schema.cart.settings.cart_icon.hand_bag.label"},{"value":"icon-basket","label":"t:settings_schema.cart.settings.cart_icon.basket.label"}],"default":"icon-cart","label":"t:settings_schema.cart.settings.cart_icon.label"},{"type":"checkbox","id":"cart_show_vendor","label":"t:settings_schema.cart.settings.show_vendor.label","default":false},{"type":"checkbox","id":"show_cart_note","label":"t:settings_schema.cart.settings.show_cart_note.label","default":false},{"type":"checkbox","id":"hide_view_cart_button","label":"t:settings_schema.cart.settings.hide_view_cart_button.label","default":false},{"type":"url","id":"continue_shopping","label":"t:settings_schema.cart.settings.continue_shopping.label","default":"\/collections\/all"},{"type":"checkbox","id":"enable_featured_discount","label":"t:settings_schema.cart.enable_featured_discount","info":"t:settings_schema.cart.enable_featured_discount_note","default":false},{"type":"checkbox","id":"cart_enable_terms_and_conditions","label":"t:settings_schema.cart.cart_enable_terms_and_conditions","default":false},{"type":"page","id":"cart_terms_and_conditions_page","label":"t:settings_schema.cart.cart_terms_and_conditions_page"},{"type":"header","content":"t:settings_schema.cart.cart_custom_field.header"},{"type":"checkbox","id":"show_cart_custom_field","label":"t:settings_schema.cart.cart_custom_field.show_cart_custom_field.label","default":false,"info":"t:settings_schema.cart.cart_custom_field.show_cart_custom_field.info"},{"type":"checkbox","id":"cart_custom_field_required","label":"t:settings_schema.cart.cart_custom_field.cart_custom_field_required"},{"type":"text","id":"cart_custom_field_label","label":"t:settings_schema.cart.cart_custom_field.cart_custom_field_label.label"},{"type":"text","id":"cart_custom_field_pattern","label":"t:settings_schema.cart.cart_custom_field.cart_custom_field_pattern.label","info":"t:settings_schema.cart.cart_custom_field.cart_custom_field_pattern.info"},{"type":"header","content":"t:settings_schema.cart.cart_upsell"},{"type":"checkbox","id":"enable_upsell_minicart","label":"t:settings_schema.cart.enable_cart_upsell","default":true},{"type":"paragraph","content":"t:settings_schema.cart.cart_upsell_note"},{"type":"paragraph","content":"t:settings_schema.cart.cart_upsell_note_1"},{"type":"paragraph","content":"t:settings_schema.cart.cart_upsell_note_2"},{"type":"paragraph","content":"t:settings_schema.cart.cart_upsell_note_3"},{"type":"product_list","id":"cart_upsell_product_list","limit":20,"label":"t:settings_schema.cart.product","info":"t:settings_schema.cart.product_infor"},{"type":"range","id":"number_of_product_shown","min":1,"max":20,"step":1,"default":4,"label":"t:settings_schema.cart.number_of_product_shown"},{"type":"text","id":"cart_upsell_section_label","label":"t:settings_schema.cart.section_label","default":"You'll love this too"}]},{"name":"t:settings_schema.shipping_delivery.name","settings":[{"type":"header","content":"t:settings_schema.shipping_delivery.free_shipping.header.content"},{"type":"checkbox","id":"enable_free_shipping","default":false,"label":"t:settings_schema.shipping_delivery.free_shipping.enable.label"},{"type":"textarea","id":"order_amount_freeshipping","label":"t:settings_schema.shipping_delivery.free_shipping.order_amount_freeshipping.label","info":"t:settings_schema.shipping_delivery.free_shipping.order_amount_freeshipping.note","placeholder":"US:USD:100 \nEU:EUR:150"},{"type":"paragraph","content":"t:settings_schema.shipping_delivery.free_shipping.order_amount_freeshipping.example_1"},{"type":"paragraph","content":"t:settings_schema.shipping_delivery.free_shipping.order_amount_freeshipping.example_2"},{"type":"paragraph","content":"t:settings_schema.shipping_delivery.free_shipping.order_amount_freeshipping.example_3"},{"type":"header","content":"t:settings_schema.shipping_delivery.estimate_shipping.name"},{"type":"paragraph","content":"t:settings_schema.shipping_delivery.estimate_shipping.text"},{"type":"checkbox","id":"enable_estimate_shipping","default":false,"label":"t:settings_schema.shipping_delivery.estimate_shipping.enable"},{"type":"header","content":"t:settings_schema.shipping_delivery.estimate_delivery.header.content"},{"type":"text","id":"estimate_delivery_min","label":"t:settings_schema.shipping_delivery.estimate_delivery.min_days.label","default":"3","info":"t:settings_schema.shipping_delivery.estimate_delivery.min_days.info"},{"type":"paragraph","content":"t:settings_schema.shipping_delivery.estimate_delivery.min_days.note"},{"type":"text","id":"estimate_delivery_max","label":"t:settings_schema.shipping_delivery.estimate_delivery.max_days.label","default":"5","info":"t:settings_schema.shipping_delivery.estimate_delivery.max_days.info"},{"type":"paragraph","content":"t:settings_schema.shipping_delivery.estimate_delivery.max_days.note"},{"type":"header","content":"t:settings_schema.shipping_delivery.estimate_delivery.cutoff_time.content"},{"type":"select","id":"estimate_delivery_cutoff_hour","options":[{"value":"0","label":"12 AM"},{"value":"1","label":"01 AM"},{"value":"2","label":"02 AM"},{"value":"3","label":"03 AM"},{"value":"4","label":"04 AM"},{"value":"5","label":"05 AM"},{"value":"6","label":"06 AM"},{"value":"7","label":"07 AM"},{"value":"8","label":"08 AM"},{"value":"9","label":"09 AM"},{"value":"10","label":"10 AM"},{"value":"11","label":"11 AM"},{"value":"12","label":"12 PM"},{"value":"13","label":"01 PM"},{"value":"14","label":"02 PM"},{"value":"15","label":"03 PM"},{"value":"16","label":"04 PM"},{"value":"17","label":"05 PM"},{"value":"18","label":"06 PM"},{"value":"19","label":"07 PM"},{"value":"20","label":"08 PM"},{"value":"21","label":"09 PM"},{"value":"22","label":"10 PM"},{"value":"23","label":"11 PM"}],"default":"12","label":"t:settings_schema.shipping_delivery.estimate_delivery.cutoff_hour.label"},{"type":"select","id":"estimate_delivery_cutoff_minute","options":[{"value":"00","label":"00"},{"value":"15","label":"15"},{"value":"30","label":"30"},{"value":"45","label":"45"}],"default":"00","label":"t:settings_schema.shipping_delivery.estimate_delivery.cutoff_minute.label"},{"type":"header","content":"t:settings_schema.shipping_delivery.estimate_delivery.estimate_cart.label"},{"type":"checkbox","id":"show_estimate_cart","default":false,"label":"t:settings_schema.shipping_delivery.show_estimate_cart.label","info":"t:settings_schema.shipping_delivery.show_estimate_cart.info"},{"type":"select","id":"show_in_cart_items","options":[{"value":"none","label":"t:settings_schema.shipping_delivery.enable_estimate_shipping_cart.option_1"},{"value":"show_cart","label":"t:settings_schema.shipping_delivery.enable_estimate_shipping_cart.option_2"},{"value":"show_item","label":"t:settings_schema.shipping_delivery.enable_estimate_shipping_cart.option_3"}],"default":"none","label":"t:settings_schema.shipping_delivery.enable_estimate_shipping_cart.label","info":"t:settings_schema.shipping_delivery.enable_estimate_shipping_cart.info"},{"type":"text","id":"name_edt","label":"t:settings_schema.shipping_delivery.enable_estimate_shipping_cart.edt_info","default":"Estimated delivery"},{"type":"paragraph","content":"t:sections.featured-product.blocks.estimate_delivery.paragraph"},{"type":"richtext","id":"message_estimate_cart","default":"<p>Estimated delivery between <strong>earliest_delivery_date and latest_delivery_date.<\/strong><\/p>","label":"t:sections.featured-product.blocks.estimate_delivery.settings.message.label"},{"type":"paragraph","content":"t:sections.featured-product.blocks.estimate_delivery.settings.message.info__1"},{"type":"paragraph","content":"t:sections.featured-product.blocks.estimate_delivery.settings.message.info__2"},{"type":"paragraph","content":"t:sections.featured-product.blocks.estimate_delivery.settings.message.info__3"},{"type":"paragraph","content":"t:sections.featured-product.blocks.estimate_delivery.settings.tooltip_message.info"},{"type":"text","id":"tooltip_text_cart","label":"t:sections.featured-product.blocks.estimate_delivery.settings.tooltip_text.label"},{"type":"select","id":"tooltip_icon_cart","options":[{"value":"none","label":"t:sections.all.icon.options.none"},{"value":"activity","label":"t:sections.all.icon.options.activity"},{"value":"archive","label":"t:sections.all.icon.options.archive"},{"value":"arrow-down-cricle","label":"t:sections.all.icon.options.arrow-down-cricle"},{"value":"arrow-left","label":"t:sections.all.icon.options.arrow-left"},{"value":"arrow-left-circle","label":"t:sections.all.icon.options.arrow-left-circle"},{"value":"arrow-right","label":"t:sections.all.icon.options.arrow-right"},{"value":"arrow-right-circle","label":"t:sections.all.icon.options.arrow-right-circle"},{"value":"arrow-up-circle","label":"t:sections.all.icon.options.arrow-up-circle"},{"value":"chevron-left","label":"t:sections.all.icon.options.chevron-left"},{"value":"trending-down","label":"t:sections.all.icon.options.trending-down"},{"value":"tv","label":"t:sections.all.icon.options.tv"},{"value":"trending-up","label":"t:sections.all.icon.options.trending-up"},{"value":"zap","label":"t:sections.all.icon.options.zap"},{"value":"1st-medal","label":"t:sections.all.icon.options.1st-medal"},{"value":"award","label":"t:sections.all.icon.options.award"},{"value":"bicycle","label":"t:sections.all.icon.options.bicycle"},{"value":"box","label":"t:sections.all.icon.options.box"},{"value":"briefcase","label":"t:sections.all.icon.options.briefcase"},{"value":"calendar","label":"t:sections.all.icon.options.calendar"},{"value":"camera","label":"t:sections.all.icon.options.camera"},{"value":"chat-bubble","label":"t:sections.all.icon.options.chat-bubble"},{"value":"check-mark","label":"t:sections.all.icon.options.check-mark"},{"value":"clock","label":"t:sections.all.icon.options.clock"},{"value":"cloud-rain","label":"t:sections.all.icon.options.cloud-rain"},{"value":"coffee","label":"t:sections.all.icon.options.coffee"},{"value":"coin","label":"t:sections.all.icon.options.coin"},{"value":"credit-card","label":"t:sections.all.icon.options.credit-card"},{"value":"delivery-truck","label":"t:sections.all.icon.options.delivery-truck"},{"value":"dollar-sign","label":"t:sections.all.icon.options.dollar-sign"},{"value":"earth","label":"t:sections.all.icon.options.earth"},{"value":"eye","label":"t:sections.all.icon.options.eye"},{"value":"feather","label":"t:sections.all.icon.options.feather"},{"value":"fire","label":"t:sections.all.icon.options.fire"},{"value":"flower","label":"t:sections.all.icon.options.flower"},{"value":"gift","label":"t:sections.all.icon.options.gift"},{"value":"globe","label":"t:sections.all.icon.options.globe"},{"value":"heart","label":"t:sections.all.icon.options.heart"},{"value":"iron","label":"t:sections.all.icon.options.iron"},{"value":"leaf","label":"t:sections.all.icon.options.leaf"},{"value":"lock","label":"t:sections.all.icon.options.lock"},{"value":"map-pin","label":"t:sections.all.icon.options.map-pin"},{"value":"megaphone","label":"t:sections.all.icon.options.megaphone"},{"value":"message-text","label":"t:sections.all.icon.options.message-text"},{"value":"music","label":"t:sections.all.icon.options.music"},{"value":"packages","label":"t:sections.all.icon.options.packages"},{"value":"pants","label":"t:sections.all.icon.options.pants"},{"value":"percent","label":"t:sections.all.icon.options.percent"},{"value":"piggy-bank","label":"t:sections.all.icon.options.piggy-bank"},{"value":"plane","label":"t:sections.all.icon.options.plane"},{"value":"planet","label":"t:sections.all.icon.options.planet"},{"value":"question-mark","label":"t:sections.all.icon.options.question-mark"},{"value":"rocket","label":"t:sections.all.icon.options.rocket"},{"value":"rulers","label":"t:sections.all.icon.options.rulers"},{"value":"scissors","label":"t:sections.all.icon.options.scissors"},{"value":"settings","label":"t:sections.all.icon.options.settings"},{"value":"shirt","label":"t:sections.all.icon.options.shirt"},{"value":"shop-alt","label":"t:sections.all.icon.options.shop-alt"},{"value":"shopping-bag","label":"t:sections.all.icon.options.shopping-bag"},{"value":"shopping-cart","label":"t:sections.all.icon.options.shopping-cart"},{"value":"smile","label":"t:sections.all.icon.options.smile"},{"value":"star","label":"t:sections.all.icon.options.star"},{"value":"sun","label":"t:sections.all.icon.options.sun"},{"value":"tag","label":"t:sections.all.icon.options.tag"},{"value":"truck","label":"t:sections.all.icon.options.truck"},{"value":"wallet","label":"t:sections.all.icon.options.wallet"},{"value":"washing","label":"t:sections.all.icon.options.washing"},{"value":"yoga","label":"t:sections.all.icon.options.yoga"}],"default":"none","label":"t:sections.featured-product.blocks.estimate_delivery.settings.tooltip_icon.label"},{"type":"html","id":"custom_icon_cart","label":"t:sections.all.icon.custom_icon","info":"t:sections.all.icon.custom_icon_info"},{"type":"select","id":"tooltip_icon_position_cart","options":[{"value":"left","label":"t:sections.featured-product.settings.desktop_layout.options__1.label"},{"value":"right","label":"t:sections.featured-product.settings.desktop_layout.options__2.label"}],"default":"left","label":"t:sections.featured-product.blocks.estimate_delivery.settings.tooltip_icon_position.label"},{"type":"richtext","id":"tooltip_message_cart","label":"t:sections.featured-product.blocks.estimate_delivery.settings.tooltip_message.label"},{"type":"paragraph","content":"t:sections.featured-product.blocks.estimate_delivery.settings.message.info__1"},{"type":"paragraph","content":"t:sections.featured-product.blocks.estimate_delivery.settings.message.info__2"},{"type":"paragraph","content":"t:sections.featured-product.blocks.estimate_delivery.settings.message.info__3"},{"type":"header","content":"t:sections.all.header.style"},{"type":"checkbox","id":"show_background_estimate_cart","default":false,"label":"t:sections.featured-product.blocks.estimate_delivery.settings.show_background.label"},{"type":"select","id":"date_format_estimate_cart","options":[{"value":"dd-mm","label":"dd-mmm"},{"value":"mm-dd","label":"mmm-dd"}],"default":"mm-dd","label":"t:sections.featured-product.blocks.estimate_delivery.settings.date_format_estimate_cart.label"},{"type":"select","id":"box_type_estimate_cart","options":[{"value":"square","label":"t:sections.promotion-banner.blocks.image_banner.settings.content_box_type.options__1.label"},{"value":"round","label":"t:sections.promotion-banner.blocks.image_banner.settings.content_box_type.options__2.label"}],"default":"square","label":"t:sections.promotion-banner.blocks.image_banner.settings.content_box_type.label"},{"type":"color","id":"background_color_light_estimate_cart","default":"rgba(0,0,0,0)","label":"t:sections.featured-product.settings.background_color_light.label"},{"type":"color","id":"message_color_light_estimate_cart","default":"rgba(0,0,0,0)","label":"t:sections.all.text.color"},{"type":"color","id":"background_color_dark_estimate_cart","default":"rgba(0,0,0,0)","label":"t:sections.featured-product.settings.background_color_dark.label"},{"type":"color","id":"message_color_dark_estimate_cart","default":"rgba(0,0,0,0)","label":"t:sections.all.text.color_dark"},{"type":"header","content":"t:sections.featured-product.blocks.estimate_delivery.settings.tooltip_header.content"},{"type":"color","id":"bg_tooltip_color_light_estimate_cart","default":"rgba(0,0,0,0)","label":"t:sections.featured-product.settings.background_color_light.label"},{"type":"color","id":"tooltip_color_light_estimate_cart","default":"rgba(0,0,0,0)","label":"t:sections.all.text.color"},{"type":"color","id":"bg_tooltip_color_dark_estimate_cart","default":"rgba(0,0,0,0)","label":"t:sections.featured-product.settings.background_color_dark.label"},{"type":"color","id":"tooltip_color_dark_estimate_cart","default":"rgba(0,0,0,0)","label":"t:sections.all.text.color_dark"}]},{"name":"t:settings_schema.scroll_top.name","settings":[{"type":"checkbox","id":"enable_scroll_top_desktop","default":true,"label":"t:settings_schema.scroll_top.enable_desktop"},{"type":"checkbox","id":"enable_scroll_top_mobile","default":false,"label":"t:settings_schema.scroll_top.enable_mobile"},{"type":"checkbox","id":"show_background_scroll_top","default":true,"label":"t:settings_schema.scroll_top.show_background"},{"type":"html","id":"svg_code_scroll_top","label":"t:sections.all.icon.custom_icon","info":"t:sections.all.icon.custom_icon_info"},{"type":"select","id":"position_scroll_top","options":[{"value":"left","label":"t:settings_schema.scroll_top.position_scroll_top.option__1.label"},{"value":"center","label":"t:settings_schema.scroll_top.position_scroll_top.option__2.label"},{"value":"right","label":"t:settings_schema.scroll_top.position_scroll_top.option__3.label"}],"default":"right","label":"t:settings_schema.scroll_top.position_scroll_top.label"}]},{"name":"t:settings_schema.currency_format.name","settings":[{"type":"header","content":"t:settings_schema.currency_format.header"},{"type":"paragraph","content":"t:settings_schema.currency_format.info"},{"type":"checkbox","id":"currency_code_enable","label":"t:settings_schema.currency_format.currency_code_enable","default":false}]},{"name":"t:settings_schema.advanced.name","settings":[{"type":"header","content":"t:settings_schema.advanced.custom_html"},{"type":"html","id":"additional_head","label":"t:settings_schema.advanced.additional_head.label","info":"t:settings_schema.advanced.additional_head.info"},{"type":"paragraph","content":"t:settings_schema.advanced.custom_info"},{"type":"header","content":"t:settings_schema.advanced.system"},{"type":"select","id":"selected_preset","options":[{"value":"breeze","label":"Breeze"},{"value":"breath","label":"Breath"},{"value":"swirl","label":"Swirl"},{"value":"whiff","label":"Whiff"},{"value":"puff","label":"Puff"}],"label":"t:settings_schema.advanced.selected_preset.label","info":"t:settings_schema.advanced.selected_preset.info","default":"puff"}]},{"name":"t:settings_schema.seo.name","settings":[{"type":"checkbox","id":"show_canonical_url_collection","label":"t:settings_schema.seo.show_canonical_url_collection","info":"t:settings_schema.seo.note","default":false}]}]