{"name":"t:sections.group.aside.name","type":"aside","sections":{"product-labels-and-badges":{"type":"product-labels-and-badges","blocks":{"text_label_RUN4fd":{"type":"text-label","disabled":true,"settings":{"show_on_product_card":true,"show_on_product_page":true,"applied_products":[],"applied_collections":[],"icon":"none","custom_icon":"","content":"New","display_type":"square","font_size":90,"size":2,"opacity":100,"position":"top-left","horizontal_position":5,"vertical_position":5,"background_color":"#686648","text_color":"#ffffff","border_color":"rgba(0,0,0,0)","background_color_dark":"#686648","text_color_dark":"#ffffff","border_color_dark":"rgba(0,0,0,0)","schedule_enabled":false,"timezone":"-4","start_year":2023,"start_month":"1","start_day":"1","start_hour":"0","start_minute":"0","end_year":2023,"end_month":"1","end_day":"1","end_hour":"0","end_minute":"0"}},"product-labels-and-badges-0":{"type":"sale-label","settings":{"show_on_product_card":true,"show_on_product_page":true,"icon":"none","custom_icon":"","content":"Save {sale}","display_type":"square","font_size":90,"size":2,"opacity":100,"position":"top-left","horizontal_position":95,"vertical_position":5,"background_color":"#a90000","text_color":"#ffffff","border_color":"rgba(0,0,0,0)","background_color_dark":"#a90000","text_color_dark":"#ffffff","border_color_dark":"rgba(0,0,0,0)"}},"product-labels-and-badges-1":{"type":"sold-out-label","settings":{"show_on_product_card":true,"show_on_product_page":false,"icon":"none","custom_icon":"","content":"Sold out","display_type":"square","font_size":90,"size":2,"opacity":100,"position":"top-left","horizontal_position":5,"vertical_position":5,"background_color":"#525151","text_color":"#ffffff","border_color":"rgba(0,0,0,0)","background_color_dark":"#525151","text_color_dark":"#ffffff","border_color_dark":"rgba(0,0,0,0)"}}},"block_order":["text_label_RUN4fd","product-labels-and-badges-0","product-labels-and-badges-1"],"settings":{"enable":true}},"quick-view":{"type":"quick-view","blocks":{"price":{"type":"price","settings":{"show_tax_and_shipping":false}},"badges":{"type":"badges","settings":{}},"description":{"type":"description","settings":{"show_in_tab":false,"open_by_default":false}},"variant-picker":{"type":"variant_picker","settings":{"picker_type":"button","show_variant_option":true,"enable_color_swatches":true}},"quantity-selector":{"type":"quantity_selector","settings":{}},"buy-buttons":{"type":"buy_buttons","settings":{"show_dynamic_checkout":true,"preorder_show":"no","preorder_button_label":"","preorder_message":"<p>This product will be available for sale in 2 weeks, but you can pre-order now to receive 10% discount!<\/p>","preorder_show_dynamic_button":false,"show_background":false,"box_type":"square","background_color_light":"rgba(0,0,0,0)","message_color_light":"rgba(0,0,0,0)","background_color_dark":"rgba(0,0,0,0)","message_color_dark":"rgba(0,0,0,0)"}}},"block_order":["price","badges","description","variant-picker","quantity-selector","buy-buttons"],"settings":{"product":"energising-roll-on","show_product_name":true,"title_size":100,"show_vendor":true,"desktop_layout":"right","image_ratio":"natural","show_arrow_button":true,"show_thumbnails":true,"thumbnail_position":"horizontal","enable_video_autoplay":true,"enable_video_loop":false,"show_first_image_avaiable":true,"color_button":"#6b7050","color_text_button":"#f9f3f3","color_button_hover":"rgba(0,0,0,0)","color_text_button_hover":"rgba(0,0,0,0)","show_atc_button":true,"quickadd_mobile_position":"top","enable_quickview":true,"quickview_label":"Quick view"}},"popup-promotion":{"type":"popup-promotion","blocks":{"sections--18371362324774__2eca4af3-5277-406b-a4de-c52946c34b5f-1680002178ae4a2c07-0":{"type":"heading","settings":{"subheading":"","heading":"$10 off your first order","heading_color":"#000000","heading_color_dark":"#ffffff"}},"sections--18371362324774__2eca4af3-5277-406b-a4de-c52946c34b5f-1680002178ae4a2c07-1":{"type":"text","settings":{"text":"<p>Simply enter code coupon_code at checkout<\/p>","coupon_code":"SIMPLY10","coupon_color":"rgba(0,0,0,0)","coupon_color_dark":"rgba(0,0,0,0)"}},"sections--18371362324774__2eca4af3-5277-406b-a4de-c52946c34b5f-1680002178ae4a2c07-2":{"type":"button","settings":{"button_label":"SHOP NOW","button_link":"","open_new_window":false,"button_color":"rgba(0,0,0,0)","button_text_color":"rgba(0,0,0,0)","button_color_dark":"rgba(0,0,0,0)","button_text_color_dark":"rgba(0,0,0,0)"}}},"block_order":["sections--18371362324774__2eca4af3-5277-406b-a4de-c52946c34b5f-1680002178ae4a2c07-0","sections--18371362324774__2eca4af3-5277-406b-a4de-c52946c34b5f-1680002178ae4a2c07-1","sections--18371362324774__2eca4af3-5277-406b-a4de-c52946c34b5f-1680002178ae4a2c07-2"],"settings":{"popup_position":"bottom-left","content_position":"left","content_alignment":"center","background_color_light":"rgba(0,0,0,0)","text_color_light":"rgba(0,0,0,0)","background_color_dark":"rgba(0,0,0,0)","text_color_dark":"rgba(0,0,0,0)","show_for_guests_only":true,"show_on_mobile":false,"schedule_enabled":false,"delay":5,"reappear_after":7,"enable_desktop":true,"enable_mobile":false,"minimal_title":"","minimal_subtitle":""}},"popup-age-verification":{"type":"popup-age-verification","blocks":{"content-0":{"type":"content","settings":{"heading":"Confirm your age","text":"<p>Please verify that you are 18 years of age or older to enter this site.<\/p>","heading_color":"rgba(0,0,0,0)","text_color_light":"rgba(0,0,0,0)","heading_color_dark":"rgba(0,0,0,0)","text_color_dark":"rgba(0,0,0,0)"}},"buttons-0":{"type":"buttons","settings":{"decline_button_label":"Disagree","decline_button_link":"","open_new_window":false,"accept_button_label":"Agree","accept_button_background":"rgba(0,0,0,0)","accept_button_text":"rgba(0,0,0,0)","accept_button_background_dark":"rgba(0,0,0,0)","accept_button_text_dark":"rgba(0,0,0,0)"}}},"block_order":["content-0","buttons-0"],"settings":{"overlay_opacity":80,"content_alignment":"center","reappear_after":1,"background_color_light":"rgba(0,0,0,0)","background_color_dark":"rgba(0,0,0,0)"}},"cookie-banner":{"type":"cookie-banner","settings":{"cookie_enabled":true,"cookie_notice":"<p>We use cookies and similar technologies to provide the best experience on our website. <\/p>","cookie_delay":4,"content_alignment":"","button_accept":"Got it!","button_decline":"Decline","background_color_cookie_light":"#000000","text_color_cookie_light":"#898989","accept_button_background":"#6b7050","accept_button_text":"#ffffff","background_color_cookie_dark":"#000000","text_color_cookie_dark":"#898989","accept_button_background_dark":"#6b7050","accept_button_text_dark":"#ffffff"}}},"order":["product-labels-and-badges","quick-view","popup-promotion","popup-age-verification","cookie-banner"]}