{"name":"t:sections.footer.name","type":"footer","sections":{"quick_links":{"type":"quick-links","blocks":{"link_list_trXGRy":{"type":"link_list","settings":{"url":"","open_new_window_button":false}},"link_list_MBmGzm":{"type":"link_list","settings":{"url":"","open_new_window_button":false}},"link_list_HPpnKn":{"type":"link_list","settings":{"url":"","open_new_window_button":false}}},"block_order":["link_list_trXGRy","link_list_MBmGzm","link_list_HPpnKn"],"disabled":true,"settings":{"alignment":"center","link_spacing":40,"show_lines":false,"mobile_layout":"1","mobile_alignment":"start","bg_light":"rgba(0,0,0,0)","bg_dark":"rgba(0,0,0,0)","color_text_light":"rgba(0,0,0,0)","color_text_dark":"rgba(0,0,0,0)","top_padding":28,"bottom_padding":28,"top_padding_mobile":28,"bottom_padding_mobile":28}},"footer":{"type":"footer","blocks":{"footer-2":{"type":"text","settings":{"heading_text":"About","subtext":"<p>Our company is dedicated to creating unique and comfortable clothing for men and women.<\/p>"}},"footer-0":{"type":"link_list","settings":{"heading_menu":"Our Concept","menu":"footer"}},"footer-1":{"type":"link_list","settings":{"heading_menu":"Explore","menu":"footer"}},"footer-3":{"type":"email_footer","settings":{"heading_email":"Subscribe to our emails","subtext_email":"<p>Apply for our free membership to receive exclusive deals, news and events.<\/p>"}}},"block_order":["footer-2","footer-0","footer-1","footer-3"],"settings":{"columns_desktop":4,"show_language_selector":true,"show_currency_selector":true,"show_social_icons":true,"payment_enable":true,"show_copyright":true,"add_copyright_text":"","enable_follow_on_shop":false}}},"order":["quick_links","footer"]}