{"name":"t:sections.footer.name","type":"footer","sections":{"footer":{"type":"footer","blocks":{"contact_pcVEj8":{"type":"contact","settings":{"open_by_default":false,"heading_menu":"Customer Care","icon_1":"question-mark","custom_icon":"","title_1":"Live Chat","text_1":"","text_link_1":"","open_new_window_1":false,"enable_text_link_1":true,"icon_2":"message-text","custom_icon_2":"","title_2":"1-800-242-2728","text_2":"","text_link_2":"","open_new_window_2":false,"enable_text_link_2":true,"icon_3":"chat-bubble","custom_icon_3":"","title_3":"Email Us","text_3":"","text_link_3":"","open_new_window_3":false,"enable_text_link_3":true}},"footer-0":{"type":"link_list","settings":{"open_by_default":false,"heading_menu":"Our Concept","menu":"footer","show_social_icons":false}},"7fcecb2f-a55e-4a53-b50d-d34d8d9d4e9d":{"type":"link_list","settings":{"open_by_default":false,"heading_menu":"About Us","menu":"footer","show_social_icons":false}},"footer-1":{"type":"link_list","settings":{"open_by_default":false,"heading_menu":"Explore","menu":"footer","show_social_icons":false}},"footer-3":{"type":"email_footer","settings":{"open_by_default":true,"heading_email":"Subscribe to our Newsletter","subtext_email":"<p>Sign up to receive email updates from Eurus about the latest collections and news.<\/p>","show_social_icons":true}}},"block_order":["contact_pcVEj8","footer-0","7fcecb2f-a55e-4a53-b50d-d34d8d9d4e9d","footer-1","footer-3"],"settings":{"columns_desktop":5,"show_language_selector":true,"show_currency_selector":true,"show_social_icons":false,"payment_enable":true,"show_copyright":true,"add_copyright_text":"","additional_layout":"horizontal","show_powered":true,"enable_follow_on_shop":false,"top_padding":20,"bottom_padding":20,"top_padding_mobile":0,"bottom_padding_mobile":20}}},"order":["footer"]}