{"name":"t:sections.header.name","type":"header","sections":{"media_gallery_GJNH98":{"type":"media-gallery","blocks":{"media_PgytHF":{"type":"media","settings":{"image":"shopify:\/\/shop_images\/us_flag_panaromic.jpg","image_link":"","open_new_window":false,"video_url":"","enable_video_autoplay":true,"video_alt_text":"","enable_content_overlay":true,"content_position":"center","overlay_opacity":0,"number_of_columns":2,"number_of_row":2,"icon":"none","custom_icon":"","icon_size":45,"sub_title":"","title":"","title_size":80,"text":"","text_size":130,"text_align":"center","media_position":"top","button_label":"","button_link":"","open_new_window_button":false,"show_button_style":"primary","color_overlay":"rgba(0,0,0,0)","title_color":"rgba(0,0,0,0)","text_color":"rgba(0,0,0,0)","color_button":"rgba(0,0,0,0)","background_button":"rgba(0,0,0,0)","color_button_hover":"rgba(0,0,0,0)","background_button_hover":"rgba(0,0,0,0)","color_button_secondary":"rgba(0,0,0,0)","secondary_button_text":"rgba(0,0,0,0)","colors_text_link":"rgba(0,0,0,0)"}}},"block_order":["media_PgytHF"],"disabled":true,"name":"t:sections.media-gallery.presets.name","settings":{"heading":"","heading_size":100,"heading_tag":"h2","heading_alignment":"center","subheading":"","text":"","max_columns":1,"spacing":28,"height_desktop":50,"show_section_divider":false,"full_width":true,"padding_full_width":false,"padding_top":0,"padding_bottom":0,"min_columns_mobile":"1","spacing_mobile":16,"height_mobile":250,"show_section_divider_mobile":false,"full_width_mobile":false,"padding_top_mobile":28,"padding_bottom_mobile":28}},"172926769093c84722":{"type":"apps","settings":{"include_margins":false}},"announcement-bar":{"type":"announcement-bar","blocks":{"announcement_yqeQif":{"type":"announcement","settings":{"icon":"none","custom_icon":"","text":"We're experiencing server issues. Please refresh the page if you don’t see your cart updates right away.","text_size":100,"link":"","open_new_window":false,"button_label_or_code":"","button_link":"","open_new_window_button":false,"button_color":"rgba(0,0,0,0)","button_text_color":"rgba(0,0,0,0)","button_color_dark":"rgba(0,0,0,0)","button_text_color_dark":"rgba(0,0,0,0)","timezone":"-4","end_year":2023,"end_month":"1","end_day":"1","end_hour":"1","end_minute":"0"}}},"block_order":["announcement_yqeQif"],"disabled":true,"settings":{"enable":true,"show_only_on_homepage":false,"enable_carousel_on_desktop":true,"backgound_color":"#1c4070","text_color":"#ffffff","textlink_color_light":"#2cb29b","backgound_color_dark":"#334354","text_color_dark":"#ffffff","textlink_color_dark":"#2cb29b","menu":"","menu_position":"right","auto_switch_bar":true,"change_bar_every":5,"show_navigation":true,"show_social_icons":false,"alignment":"right","show_language_selector":false,"show_currency_selector":false,"text_size_toolbar":100}},"ss_scrolling_announcement_bar_2_qMxt8t":{"type":"ss-scrolling-announcement-bar-2","blocks":{"item_bRYXpC":{"type":"item","settings":{"icon":"megaphone","text":"Holiday Notice"}},"item_MFLepj":{"type":"item","settings":{"icon":"truck","text":"Starting the week of Christmas through New Year's, order processing may be delayed."}},"item_qLkAEG":{"type":"item","settings":{"icon":"airplane","text":"Including expedited shipping."}},"item_pFhJDC":{"type":"item","settings":{"icon":"email","text":"Please contact us for urgent orders."}},"item_7YE6Hb":{"type":"item","settings":{"icon":"love","text":"Thank you for your understanding!"}}},"block_order":["item_bRYXpC","item_MFLepj","item_qLkAEG","item_pFhJDC","item_7YE6Hb"],"disabled":true,"settings":{"insert_css_class_target":".header, .pageheader","url":"","layout_gap":38,"layout_gap_mobile":20,"animate_speed":40,"animate_direction":"left","animate_pause":true,"icon_size":20,"icon_size_mobile":20,"text_custom":false,"text_font":"josefin_sans_n4","text_size":16,"text_size_mobile":12,"text_height":100,"text_color":"#ffffff","icon_color":"#ffffff","background_color":"#1c4170","background_gradient":"","border_color":"#000000","margin_top":0,"margin_bottom":0,"padding_top":12,"padding_bottom":12,"padding_horizontal":0,"padding_horizontal_mobile":0,"full_width":true,"content_width":120,"border_thickness":0}},"header":{"type":"header","blocks":{"tabbed_menu_ezMqLj":{"type":"tabbed_menu","settings":{"heading":"NATURAL STONE","menu":"new-menu","menu_item_link":"shopify:\/\/collections\/natural-stone","open_new_window":false,"tab_style":"vertical","see_more_link":"","see_more_open_new_window":false,"see_more_title":"See more","see_more_alignment":"center","show_image_collection":true,"show_first_image_product":true,"show_sub_image_collection":true,"show_sub_first_image_product":true,"image_ratio":"100","label":"","label_color":"#ce021e","label_text_color_light":"#ffffff","label_color_dark":"#ce021e","label_text_color_dark":"#ffffff","icon":"none","custom_icon":"","promotion_position":"right","background_color":"rgba(0,0,0,0)","color_text":"rgba(0,0,0,0)","color_button":"rgba(0,0,0,0)","color_text_button":"rgba(0,0,0,0)","color_button_hover":"rgba(0,0,0,0)","color_text_button_hover":"rgba(0,0,0,0)","color_button_secondary":"rgba(0,0,0,0)","secondary_button_text":"rgba(0,0,0,0)","colors_text_link":"rgba(0,0,0,0)","promotion_layout":"vertical","image_height_1":150,"enable_text_overlay_1":false,"content_position_1":"bottom","overlay_opacity_1":0,"heading_1":"","heading_size_1":100,"text_1":"","text_size_1":100,"button_label_1":"","button_link_1":"","open_new_window_button_1":false,"show_button_style":"primary","image_height_2":150,"enable_text_overlay_2":false,"content_position_2":"bottom","overlay_opacity_2":0,"heading_2":"","heading_size_2":100,"text_2":"","text_size_2":100,"button_label_2":"","button_link_2":"","open_new_window_button_2":false,"show_button_style_2":"primary","image_height_3":150,"enable_text_overlay_3":false,"content_position_3":"bottom","overlay_opacity_3":0,"heading_3":"","heading_size_3":100,"text_3":"","text_size_3":100,"button_label_3":"","button_link_3":"","open_new_window_button_3":false,"show_button_style_3":"primary"}},"simple_menu_j3zUXt":{"type":"simple_menu","disabled":true,"settings":{"heading":"NATURAL STONE","menu":"new-menu","menu_item_link":"shopify:\/\/collections\/natural-stone","open_new_window":false,"see_more_link":"","see_more_open_new_window":false,"see_more_title":"See more","see_more_alignment":"center","show_image_collection":false,"show_first_image_product":false,"image_ratio":"56","show_sub_image_collection":true,"show_sub_first_image_product":false,"label":"","label_color":"#ce021e","label_text_color_light":"#ffffff","label_color_dark":"#ce021e","label_text_color_dark":"#ffffff","icon":"none","custom_icon":"","promotion_position":"right","background_color":"rgba(0,0,0,0)","color_text":"rgba(0,0,0,0)","color_button":"rgba(0,0,0,0)","color_text_button":"rgba(0,0,0,0)","color_button_hover":"rgba(0,0,0,0)","color_text_button_hover":"rgba(0,0,0,0)","color_button_secondary":"rgba(0,0,0,0)","secondary_button_text":"rgba(0,0,0,0)","colors_text_link":"rgba(0,0,0,0)","promotion_layout":"horizontal","image_height_1":270,"enable_text_overlay_1":false,"content_position_1":"bottom","overlay_opacity_1":0,"heading_1":"ACCENT WALL","heading_size_1":50,"text_1":"","text_size_1":100,"button_label_1":"","button_link_1":"","open_new_window_button_1":false,"show_button_style_1":"primary","image_height_2":150,"enable_text_overlay_2":false,"content_position_2":"bottom","overlay_opacity_2":0,"heading_2":"","heading_size_2":100,"text_2":"","text_size_2":100,"button_label_2":"","button_link_2":"","open_new_window_button_2":false,"show_button_style_2":"primary","image_height_3":150,"enable_text_overlay_3":false,"content_position_3":"bottom","overlay_opacity_3":0,"heading_3":"","heading_size_3":100,"text_3":"","text_size_3":100,"button_label_3":"","button_link_3":"","open_new_window_button_3":false,"show_button_style_3":"primary"}},"tabbed_menu_pKbUtg":{"type":"tabbed_menu","settings":{"heading":"TILE","menu":"tile","menu_item_link":"shopify:\/\/collections\/tile","open_new_window":false,"tab_style":"vertical","see_more_link":"","see_more_open_new_window":false,"see_more_title":"See more","see_more_alignment":"center","show_image_collection":true,"show_first_image_product":true,"show_sub_image_collection":true,"show_sub_first_image_product":true,"image_ratio":"100","label":"","label_color":"#ce021e","label_text_color_light":"#ffffff","label_color_dark":"#ce021e","label_text_color_dark":"#ffffff","icon":"none","custom_icon":"","promotion_position":"right","background_color":"rgba(0,0,0,0)","color_text":"rgba(0,0,0,0)","color_button":"rgba(0,0,0,0)","color_text_button":"rgba(0,0,0,0)","color_button_hover":"rgba(0,0,0,0)","color_text_button_hover":"rgba(0,0,0,0)","color_button_secondary":"rgba(0,0,0,0)","secondary_button_text":"rgba(0,0,0,0)","colors_text_link":"rgba(0,0,0,0)","promotion_layout":"vertical","image_height_1":150,"enable_text_overlay_1":false,"content_position_1":"bottom","overlay_opacity_1":0,"heading_1":"","heading_size_1":100,"text_1":"","text_size_1":100,"button_label_1":"","button_link_1":"","open_new_window_button_1":false,"show_button_style":"primary","image_height_2":150,"enable_text_overlay_2":false,"content_position_2":"bottom","overlay_opacity_2":0,"heading_2":"","heading_size_2":100,"text_2":"","text_size_2":100,"button_label_2":"","button_link_2":"","open_new_window_button_2":false,"show_button_style_2":"primary","image_height_3":150,"enable_text_overlay_3":false,"content_position_3":"bottom","overlay_opacity_3":0,"heading_3":"","heading_size_3":100,"text_3":"","text_size_3":100,"button_label_3":"","button_link_3":"","open_new_window_button_3":false,"show_button_style_3":"primary"}},"simple_menu_tkLYJt":{"type":"simple_menu","disabled":true,"settings":{"heading":"TILE","menu":"tile","menu_item_link":"shopify:\/\/collections\/tile","open_new_window":false,"see_more_link":"","see_more_open_new_window":false,"see_more_title":"See more","see_more_alignment":"center","show_image_collection":false,"show_first_image_product":true,"image_ratio":"56","show_sub_image_collection":true,"show_sub_first_image_product":false,"label":"","label_color":"#ce021e","label_text_color_light":"#ffffff","label_color_dark":"#ce021e","label_text_color_dark":"#ffffff","icon":"none","custom_icon":"","promotion_position":"right","background_color":"rgba(0,0,0,0)","color_text":"rgba(0,0,0,0)","color_button":"rgba(0,0,0,0)","color_text_button":"rgba(0,0,0,0)","color_button_hover":"rgba(0,0,0,0)","color_text_button_hover":"rgba(0,0,0,0)","color_button_secondary":"rgba(0,0,0,0)","secondary_button_text":"rgba(0,0,0,0)","colors_text_link":"rgba(0,0,0,0)","promotion_layout":"horizontal","image_height_1":150,"enable_text_overlay_1":false,"content_position_1":"bottom","overlay_opacity_1":0,"heading_1":"","heading_size_1":100,"text_1":"","text_size_1":100,"button_label_1":"","button_link_1":"","open_new_window_button_1":false,"show_button_style_1":"primary","image_height_2":150,"enable_text_overlay_2":false,"content_position_2":"bottom","overlay_opacity_2":0,"heading_2":"","heading_size_2":100,"text_2":"","text_size_2":100,"button_label_2":"","button_link_2":"","open_new_window_button_2":false,"show_button_style_2":"primary","image_height_3":150,"enable_text_overlay_3":false,"content_position_3":"bottom","overlay_opacity_3":0,"heading_3":"","heading_size_3":100,"text_3":"","text_size_3":100,"button_label_3":"","button_link_3":"","open_new_window_button_3":false,"show_button_style_3":"primary"}},"tabbed_menu_Kgieih":{"type":"tabbed_menu","settings":{"heading":"PERFORMANCE FLOORING","menu":"performance-flooring","menu_item_link":"shopify:\/\/collections\/performance-flooring","open_new_window":false,"tab_style":"vertical","see_more_link":"","see_more_open_new_window":false,"see_more_title":"See more","see_more_alignment":"center","show_image_collection":true,"show_first_image_product":true,"show_sub_image_collection":true,"show_sub_first_image_product":true,"image_ratio":"100","label":"","label_color":"#ce021e","label_text_color_light":"#ffffff","label_color_dark":"#ce021e","label_text_color_dark":"#ffffff","icon":"none","custom_icon":"","promotion_position":"right","background_color":"rgba(0,0,0,0)","color_text":"rgba(0,0,0,0)","color_button":"rgba(0,0,0,0)","color_text_button":"rgba(0,0,0,0)","color_button_hover":"rgba(0,0,0,0)","color_text_button_hover":"rgba(0,0,0,0)","color_button_secondary":"rgba(0,0,0,0)","secondary_button_text":"rgba(0,0,0,0)","colors_text_link":"rgba(0,0,0,0)","promotion_layout":"vertical","image_height_1":150,"enable_text_overlay_1":false,"content_position_1":"bottom","overlay_opacity_1":0,"heading_1":"","heading_size_1":100,"text_1":"","text_size_1":100,"button_label_1":"","button_link_1":"","open_new_window_button_1":false,"show_button_style":"primary","image_height_2":150,"enable_text_overlay_2":false,"content_position_2":"bottom","overlay_opacity_2":0,"heading_2":"","heading_size_2":100,"text_2":"","text_size_2":100,"button_label_2":"","button_link_2":"","open_new_window_button_2":false,"show_button_style_2":"primary","image_height_3":150,"enable_text_overlay_3":false,"content_position_3":"bottom","overlay_opacity_3":0,"heading_3":"","heading_size_3":100,"text_3":"","text_size_3":100,"button_label_3":"","button_link_3":"","open_new_window_button_3":false,"show_button_style_3":"primary"}},"simple_menu_ADWY9H":{"type":"simple_menu","disabled":true,"settings":{"heading":"PERFORMANCE FLOORING","menu":"performance-flooring","menu_item_link":"shopify:\/\/collections\/performance-flooring","open_new_window":false,"see_more_link":"","see_more_open_new_window":false,"see_more_title":"See more","see_more_alignment":"center","show_image_collection":false,"show_first_image_product":false,"image_ratio":"56","show_sub_image_collection":true,"show_sub_first_image_product":false,"label":"","label_color":"#ce021e","label_text_color_light":"#ffffff","label_color_dark":"#ce021e","label_text_color_dark":"#ffffff","icon":"none","custom_icon":"","promotion_position":"right","background_color":"rgba(0,0,0,0)","color_text":"rgba(0,0,0,0)","color_button":"rgba(0,0,0,0)","color_text_button":"rgba(0,0,0,0)","color_button_hover":"rgba(0,0,0,0)","color_text_button_hover":"rgba(0,0,0,0)","color_button_secondary":"rgba(0,0,0,0)","secondary_button_text":"rgba(0,0,0,0)","colors_text_link":"rgba(0,0,0,0)","promotion_layout":"horizontal","image_height_1":150,"enable_text_overlay_1":false,"content_position_1":"bottom","overlay_opacity_1":0,"heading_1":"","heading_size_1":100,"text_1":"","text_size_1":100,"button_label_1":"","button_link_1":"","open_new_window_button_1":false,"show_button_style_1":"primary","image_height_2":150,"enable_text_overlay_2":false,"content_position_2":"bottom","overlay_opacity_2":0,"heading_2":"","heading_size_2":100,"text_2":"","text_size_2":100,"button_label_2":"","button_link_2":"","open_new_window_button_2":false,"show_button_style_2":"primary","image_height_3":150,"enable_text_overlay_3":false,"content_position_3":"bottom","overlay_opacity_3":0,"heading_3":"","heading_size_3":100,"text_3":"","text_size_3":100,"button_label_3":"","button_link_3":"","open_new_window_button_3":false,"show_button_style_3":"primary"}},"tabbed_menu_qex4KV":{"type":"tabbed_menu","settings":{"heading":"ACCESSORIES","menu":"accessories-1","menu_item_link":"shopify:\/\/collections\/natural-stone-accessories","open_new_window":false,"tab_style":"vertical","see_more_link":"","see_more_open_new_window":false,"see_more_title":"See more","see_more_alignment":"center","show_image_collection":true,"show_first_image_product":true,"show_sub_image_collection":true,"show_sub_first_image_product":true,"image_ratio":"100","label":"","label_color":"#ce021e","label_text_color_light":"#ffffff","label_color_dark":"#ce021e","label_text_color_dark":"#ffffff","icon":"none","custom_icon":"","promotion_position":"right","background_color":"rgba(0,0,0,0)","color_text":"rgba(0,0,0,0)","color_button":"rgba(0,0,0,0)","color_text_button":"rgba(0,0,0,0)","color_button_hover":"rgba(0,0,0,0)","color_text_button_hover":"rgba(0,0,0,0)","color_button_secondary":"rgba(0,0,0,0)","secondary_button_text":"rgba(0,0,0,0)","colors_text_link":"rgba(0,0,0,0)","promotion_layout":"vertical","image_height_1":150,"enable_text_overlay_1":false,"content_position_1":"bottom","overlay_opacity_1":0,"heading_1":"","heading_size_1":100,"text_1":"","text_size_1":100,"button_label_1":"","button_link_1":"","open_new_window_button_1":false,"show_button_style":"primary","image_height_2":150,"enable_text_overlay_2":false,"content_position_2":"bottom","overlay_opacity_2":0,"heading_2":"","heading_size_2":100,"text_2":"","text_size_2":100,"button_label_2":"","button_link_2":"","open_new_window_button_2":false,"show_button_style_2":"primary","image_height_3":150,"enable_text_overlay_3":false,"content_position_3":"bottom","overlay_opacity_3":0,"heading_3":"","heading_size_3":100,"text_3":"","text_size_3":100,"button_label_3":"","button_link_3":"","open_new_window_button_3":false,"show_button_style_3":"primary"}},"simple_menu_Gchb7g":{"type":"simple_menu","disabled":true,"settings":{"heading":"ACCESSORIES","menu":"accessories-1","menu_item_link":"shopify:\/\/collections\/natural-stone-accessories","open_new_window":false,"see_more_link":"","see_more_open_new_window":false,"see_more_title":"See more","see_more_alignment":"center","show_image_collection":false,"show_first_image_product":true,"image_ratio":"auto","show_sub_image_collection":true,"show_sub_first_image_product":true,"label":"","label_color":"#ce021e","label_text_color_light":"#ffffff","label_color_dark":"#ce021e","label_text_color_dark":"#ffffff","icon":"none","custom_icon":"","promotion_position":"right","background_color":"rgba(0,0,0,0)","color_text":"rgba(0,0,0,0)","color_button":"rgba(0,0,0,0)","color_text_button":"rgba(0,0,0,0)","color_button_hover":"rgba(0,0,0,0)","color_text_button_hover":"rgba(0,0,0,0)","color_button_secondary":"rgba(0,0,0,0)","secondary_button_text":"rgba(0,0,0,0)","colors_text_link":"rgba(0,0,0,0)","promotion_layout":"horizontal","image_height_1":150,"enable_text_overlay_1":false,"content_position_1":"bottom","overlay_opacity_1":0,"heading_1":"","heading_size_1":100,"text_1":"","text_size_1":100,"button_label_1":"","button_link_1":"","open_new_window_button_1":false,"show_button_style_1":"primary","image_height_2":150,"enable_text_overlay_2":false,"content_position_2":"bottom","overlay_opacity_2":0,"heading_2":"","heading_size_2":100,"text_2":"","text_size_2":100,"button_label_2":"","button_link_2":"","open_new_window_button_2":false,"show_button_style_2":"primary","image_height_3":150,"enable_text_overlay_3":false,"content_position_3":"bottom","overlay_opacity_3":0,"heading_3":"","heading_size_3":100,"text_3":"","text_size_3":100,"button_label_3":"","button_link_3":"","open_new_window_button_3":false,"show_button_style_3":"primary"}},"tabbed_menu_9JE8Ky":{"type":"tabbed_menu","settings":{"heading":"CARE","menu":"installation-care","menu_item_link":"shopify:\/\/collections\/installation-care","open_new_window":false,"tab_style":"vertical","see_more_link":"","see_more_open_new_window":false,"see_more_title":"See more","see_more_alignment":"center","show_image_collection":true,"show_first_image_product":true,"show_sub_image_collection":true,"show_sub_first_image_product":true,"image_ratio":"100","label":"","label_color":"#ce021e","label_text_color_light":"#ffffff","label_color_dark":"#ce021e","label_text_color_dark":"#ffffff","icon":"none","custom_icon":"","promotion_position":"right","background_color":"rgba(0,0,0,0)","color_text":"rgba(0,0,0,0)","color_button":"rgba(0,0,0,0)","color_text_button":"rgba(0,0,0,0)","color_button_hover":"rgba(0,0,0,0)","color_text_button_hover":"rgba(0,0,0,0)","color_button_secondary":"rgba(0,0,0,0)","secondary_button_text":"rgba(0,0,0,0)","colors_text_link":"rgba(0,0,0,0)","promotion_layout":"vertical","image_height_1":150,"enable_text_overlay_1":false,"content_position_1":"bottom","overlay_opacity_1":0,"heading_1":"","heading_size_1":100,"text_1":"","text_size_1":100,"button_label_1":"","button_link_1":"","open_new_window_button_1":false,"show_button_style":"primary","image_height_2":150,"enable_text_overlay_2":false,"content_position_2":"bottom","overlay_opacity_2":0,"heading_2":"","heading_size_2":100,"text_2":"","text_size_2":100,"button_label_2":"","button_link_2":"","open_new_window_button_2":false,"show_button_style_2":"primary","image_height_3":150,"enable_text_overlay_3":false,"content_position_3":"bottom","overlay_opacity_3":0,"heading_3":"","heading_size_3":100,"text_3":"","text_size_3":100,"button_label_3":"","button_link_3":"","open_new_window_button_3":false,"show_button_style_3":"primary"}},"simple_menu_XXypxy":{"type":"simple_menu","disabled":true,"settings":{"heading":"INSTALLATION & CARE","menu":"installation-care-1","menu_item_link":"shopify:\/\/collections\/care-maintenance","open_new_window":false,"see_more_link":"","see_more_open_new_window":false,"see_more_title":"See more","see_more_alignment":"center","show_image_collection":true,"show_first_image_product":true,"image_ratio":"56","show_sub_image_collection":true,"show_sub_first_image_product":true,"label":"","label_color":"#ce021e","label_text_color_light":"#ffffff","label_color_dark":"#ce021e","label_text_color_dark":"#ffffff","icon":"none","custom_icon":"","promotion_position":"right","background_color":"rgba(0,0,0,0)","color_text":"rgba(0,0,0,0)","color_button":"rgba(0,0,0,0)","color_text_button":"rgba(0,0,0,0)","color_button_hover":"rgba(0,0,0,0)","color_text_button_hover":"rgba(0,0,0,0)","color_button_secondary":"rgba(0,0,0,0)","secondary_button_text":"rgba(0,0,0,0)","colors_text_link":"rgba(0,0,0,0)","promotion_layout":"horizontal","image_height_1":150,"enable_text_overlay_1":false,"content_position_1":"bottom","overlay_opacity_1":0,"heading_1":"","heading_size_1":100,"text_1":"","text_size_1":100,"button_label_1":"","button_link_1":"","open_new_window_button_1":false,"show_button_style_1":"primary","image_height_2":150,"enable_text_overlay_2":false,"content_position_2":"bottom","overlay_opacity_2":0,"heading_2":"","heading_size_2":100,"text_2":"","text_size_2":100,"button_label_2":"","button_link_2":"","open_new_window_button_2":false,"show_button_style_2":"primary","image_height_3":150,"enable_text_overlay_3":false,"content_position_3":"bottom","overlay_opacity_3":0,"heading_3":"","heading_size_3":100,"text_3":"","text_size_3":100,"button_label_3":"","button_link_3":"","open_new_window_button_3":false,"show_button_style_3":"primary"}},"simple_menu_mcDjNR":{"type":"simple_menu","settings":{"heading":"CLEARANCE","menu":"","menu_item_link":"shopify:\/\/collections\/clearance-items","open_new_window":false,"see_more_link":"","see_more_open_new_window":false,"see_more_title":"See more","see_more_alignment":"center","show_image_collection":false,"show_first_image_product":true,"image_ratio":"56","show_sub_image_collection":true,"show_sub_first_image_product":true,"label":"","label_color":"#ce021e","label_text_color_light":"#ffffff","label_color_dark":"#ce021e","label_text_color_dark":"#ffffff","icon":"none","custom_icon":"","promotion_position":"right","background_color":"rgba(0,0,0,0)","color_text":"rgba(0,0,0,0)","color_button":"rgba(0,0,0,0)","color_text_button":"rgba(0,0,0,0)","color_button_hover":"rgba(0,0,0,0)","color_text_button_hover":"rgba(0,0,0,0)","color_button_secondary":"rgba(0,0,0,0)","secondary_button_text":"rgba(0,0,0,0)","colors_text_link":"rgba(0,0,0,0)","promotion_layout":"horizontal","image_height_1":150,"enable_text_overlay_1":false,"content_position_1":"bottom","overlay_opacity_1":0,"heading_1":"","heading_size_1":100,"text_1":"","text_size_1":100,"button_label_1":"","button_link_1":"","open_new_window_button_1":false,"show_button_style_1":"primary","image_height_2":150,"enable_text_overlay_2":false,"content_position_2":"bottom","overlay_opacity_2":0,"heading_2":"","heading_size_2":100,"text_2":"","text_size_2":100,"button_label_2":"","button_link_2":"","open_new_window_button_2":false,"show_button_style_2":"primary","image_height_3":150,"enable_text_overlay_3":false,"content_position_3":"bottom","overlay_opacity_3":0,"heading_3":"","heading_size_3":100,"text_3":"","text_size_3":100,"button_label_3":"","button_link_3":"","open_new_window_button_3":false,"show_button_style_3":"primary"}},"simple_menu_4gmEVx":{"type":"simple_menu","disabled":true,"settings":{"heading":"INSPIRATION","menu":"","menu_item_link":"shopify:\/\/collections\/inspiration","open_new_window":false,"see_more_link":"","see_more_open_new_window":false,"see_more_title":"See more","see_more_alignment":"center","show_image_collection":true,"show_first_image_product":true,"image_ratio":"56","show_sub_image_collection":false,"show_sub_first_image_product":true,"label":"","label_color":"#ce021e","label_text_color_light":"#ffffff","label_color_dark":"#ce021e","label_text_color_dark":"#ffffff","icon":"none","custom_icon":"","promotion_position":"right","background_color":"rgba(0,0,0,0)","color_text":"rgba(0,0,0,0)","color_button":"rgba(0,0,0,0)","color_text_button":"rgba(0,0,0,0)","color_button_hover":"rgba(0,0,0,0)","color_text_button_hover":"rgba(0,0,0,0)","color_button_secondary":"rgba(0,0,0,0)","secondary_button_text":"rgba(0,0,0,0)","colors_text_link":"rgba(0,0,0,0)","promotion_layout":"horizontal","image_height_1":150,"enable_text_overlay_1":false,"content_position_1":"bottom","overlay_opacity_1":0,"heading_1":"","heading_size_1":100,"text_1":"","text_size_1":100,"button_label_1":"","button_link_1":"","open_new_window_button_1":false,"show_button_style_1":"primary","image_height_2":150,"enable_text_overlay_2":false,"content_position_2":"bottom","overlay_opacity_2":0,"heading_2":"","heading_size_2":100,"text_2":"","text_size_2":100,"button_label_2":"","button_link_2":"","open_new_window_button_2":false,"show_button_style_2":"primary","image_height_3":150,"enable_text_overlay_3":false,"content_position_3":"bottom","overlay_opacity_3":0,"heading_3":"","heading_size_3":100,"text_3":"","text_size_3":100,"button_label_3":"","button_link_3":"","open_new_window_button_3":false,"show_button_style_3":"primary"}}},"block_order":["tabbed_menu_ezMqLj","simple_menu_j3zUXt","tabbed_menu_pKbUtg","simple_menu_tkLYJt","tabbed_menu_Kgieih","simple_menu_ADWY9H","tabbed_menu_qex4KV","simple_menu_Gchb7g","tabbed_menu_9JE8Ky","simple_menu_XXypxy","simple_menu_mcDjNR","simple_menu_4gmEVx"],"custom_css":[".simple_menu_item.relative {font-weight: bold;}",".p-break-words {font-weight: bold;}",".inline-block.relative.overflow-hidden {width: 64px; height: 64px;}","#sticky-header-content > header > nav > ul > li.simple_menu.pr-5.pl-5 > div > a {color: #2596be !important; font-size: 1rem !important;}","#sticky-header-content > header > nav > ul > li.simple_menu.pr-5.pl-5 > div > a,#sticky-header-content > header > nav > ul > li.simple_menu.pr-5.pl-5 > div > a * {font-size: 0.95rem !important;}"],"settings":{"menu":"updated_menu","full_width":true,"logo_position":"left-center","sticky_header_type":"none","logo":"shopify:\/\/shop_images\/original-9920-3403825.png","logo_dark":"shopify:\/\/shop_images\/layer_1008.png","logo_width":130,"logo_width_mobile":100,"show_social_icons":true,"enable_on_homepage":false,"enable_on_collection_page":false,"shadow":0,"text_color_light":"#ffffff","textlink_color_light":"rgba(0,0,0,0)","text_color_dark":"#ffffff","textlink_color_dark":"rgba(0,0,0,0)","shadow_color":"rgba(0,0,0,0)","shadow_color_dark":"#000000","header_show_language_selector":true,"header_show_currency_selector":true,"show_section_divider":true,"padding_top":4,"padding_bottom":0,"show_section_divider_mobile":true,"padding_top_mobile":24,"padding_bottom_mobile":16}},"mobile-navigation":{"type":"mobile-navigation","blocks":{"menu_bnBFNk":{"type":"menu","settings":{"heading":"NATURAL STONE","menu":"new-menu","menu_item_link":"shopify:\/\/collections\/all-products","open_new_window":false}},"menu_6cz6AW":{"type":"menu","settings":{"heading":"TILE","menu":"tile","menu_item_link":"shopify:\/\/collections\/all-products","open_new_window":false}},"menu_t86eEp":{"type":"menu","settings":{"heading":"ACCESSORIES","menu":"accessories-1","menu_item_link":"shopify:\/\/collections\/all-products","open_new_window":false}},"menu_Q8XgEw":{"type":"menu","settings":{"heading":"PERFORMANCE FLOORING","menu":"performance-flooring","menu_item_link":"","open_new_window":false}},"menu_WjPjLV":{"type":"menu","settings":{"heading":"CARE","menu":"installation-care-1","menu_item_link":"shopify:\/\/collections\/all-products","open_new_window":false}},"menu_8kV9PA":{"type":"menu","settings":{"heading":"CLEARANCE","menu":"","menu_item_link":"shopify:\/\/collections\/clearance-items","open_new_window":false}},"menu_UeXDTG":{"type":"menu","disabled":true,"settings":{"heading":"INSPIRATION","menu":"","menu_item_link":"shopify:\/\/collections\/inspiration","open_new_window":false}},"mobile-navigation-2":{"type":"account","settings":{}},"mobile-navigation-3":{"type":"social","settings":{}}},"block_order":["menu_bnBFNk","menu_6cz6AW","menu_t86eEp","menu_Q8XgEw","menu_WjPjLV","menu_8kV9PA","menu_UeXDTG","mobile-navigation-2","mobile-navigation-3"],"settings":{"menu":"main-menu","show_language_selector":true,"show_currency_selector":true,"background_color":"#ffffff","text_color":"#000000","divider_color":"#f2f2f2","background_color_dark":"#202020","text_color_dark":"#ffffff","divider_color_dark":"#313131"}},"1729467892c9dff134":{"type":"apps","settings":{"include_margins":true}}},"order":["media_gallery_GJNH98","172926769093c84722","announcement-bar","ss_scrolling_announcement_bar_2_qMxt8t","header","mobile-navigation","1729467892c9dff134"]}