{"sections":{"main":{"type":"main-article","blocks":{"breadcrumbs":{"type":"breadcrumbs","settings":{"show_breadcrumbs_border":true,"full_width_breadcrumb":true,"desktop_content_alignment":"text-center","mobile_content_alignment":"text-center","background_color_light":"rgba(0,0,0,0)","text_color_light":"rgba(0,0,0,0)","textlink_color_light":"rgba(0,0,0,0)","background_color_dark":"rgba(0,0,0,0)","text_color_dark":"rgba(0,0,0,0)","textlink_color_dark":"rgba(0,0,0,0)"}},"featured_image":{"type":"featured_image","settings":{"desktop_height":"550px","full_width":true,"mobile_height":"400px","full_width_mobile":true}},"title":{"type":"title","settings":{"blog_show_author":true,"blog_show_date":true}},"content":{"type":"content","settings":{}},"button":{"type":"button","settings":{"show_back_to_blog":true,"blog_show_tags":true,"blog_show_share_social":true}}},"block_order":["breadcrumbs","featured_image","title","content","button"],"settings":{"blog_show_comment_counts":true,"top_padding":0,"bottom_padding":100}},"a4415918-c557-4c04-9acc-78592197ebeb":{"type":"multicolumn","blocks":{"template--16227738386592__a4415918-c557-4c04-9acc-78592197ebeb-column-1":{"type":"column","settings":{"icon":"truck","custom_icon":"","title":"Free Shipping","title_link":"","open_new_window":false,"heading_size":120,"text":"<p>Free Shipping For Orders Over $130<\/p>"}},"template--16227738386592__a4415918-c557-4c04-9acc-78592197ebeb-column-3":{"type":"column","settings":{"icon":"box","custom_icon":"","title":"Big Saving","title_link":"","open_new_window":false,"heading_size":120,"text":"<p>Big Saving On First Order Over $99.99<\/p>"}},"template--16227738386592__a4415918-c557-4c04-9acc-78592197ebeb-column-2":{"type":"column","settings":{"icon":"chat-bubble","custom_icon":"","title":"Online Support","title_link":"","open_new_window":false,"heading_size":120,"text":"<p>24 Hours A Day, 7 Days A Week<\/p>"}},"04286afd-6c86-4011-b8eb-5c4d1fe9720a":{"type":"column","settings":{"icon":"check-mark","custom_icon":"","title":"Flexible Payment","title_link":"","open_new_window":false,"heading_size":120,"text":"<p>Pay With Multiple Credit Cards<\/p>"}}},"block_order":["template--16227738386592__a4415918-c557-4c04-9acc-78592197ebeb-column-1","template--16227738386592__a4415918-c557-4c04-9acc-78592197ebeb-column-3","template--16227738386592__a4415918-c557-4c04-9acc-78592197ebeb-column-2","04286afd-6c86-4011-b8eb-5c4d1fe9720a"],"settings":{"title":"","heading_size":100,"secondary_background":"section","border_column":"line_vertical","column_content_alignment":"start","icon_position":"above","icon_size":36,"enable_desktop_slider":false,"swiper_on_mobile":true,"change_bar_every":3,"background_color_light":"rgba(0,0,0,0)","heading_light":"rgba(0,0,0,0)","text_light":"rgba(0,0,0,0)","line_border_light":"rgba(0,0,0,0)","color_icon_light":"#c2a27a","background_color_dark":"rgba(0,0,0,0)","heading_dark":"rgba(0,0,0,0)","text_dark":"rgba(0,0,0,0)","line_border_dark":"rgba(0,0,0,0)","color_icon_dark":"#c2a27a","column_layout_desktop":"lg:w-1\/4","section_height_desktop":"md:py-0","spacing_desktop":40,"full_width":false,"padding_full_width":false,"show_section_divider":false,"padding_top":56,"padding_bottom":56,"column_layout_mobile":"w-full","section_height_mobile":"py-0","spacing_mobile":0,"full_width_mobile":true,"show_section_divider_mobile":false,"padding_top_mobile":28,"padding_bottom_mobile":28}}},"order":["main","a4415918-c557-4c04-9acc-78592197ebeb"]}