{"sections":{"banner":{"type":"main-collection-banner","blocks":{"breadcrumbs":{"type":"breadcrumbs","settings":{"show_breadcrumbs_border":true,"full_width_breadcrumb":true,"desktop_content_alignment":"text-center","mobile_content_alignment":"text-center","background_color_light":"rgba(0,0,0,0)","text_color_light":"rgba(0,0,0,0)","textlink_color_light":"rgba(0,0,0,0)","background_color_dark":"rgba(0,0,0,0)","text_color_dark":"rgba(0,0,0,0)","textlink_color_dark":"rgba(0,0,0,0)"}}},"block_order":["breadcrumbs"],"settings":{"show_collection_image":false,"image_overlay_opacity":20,"title_position":"text-center","size_title":170,"full_width_title":false,"desktop_height":"450px","full_width":true,"padding_top":0,"padding_bottom":0,"mobile_height":"300px","full_width_mobile":true,"padding_top_mobile":0,"padding_bottom_mobile":16}},"1153e127-f094-4a71-8d82-4fa2be8e8c82":{"type":"image-with-text","blocks":{"template--21733833244973__1153e127-f094-4a71-8d82-4fa2be8e8c82-heading-1":{"type":"heading","settings":{"subheading":"","heading":"Rings Collection","heading_base_size":100,"text":"<p>Browse our selection of men's and women’s rings for any occasion, such as wedding rings, promise rings, stacker rings and more.<\/p>","heading_light":"rgba(0,0,0,0)","text_light":"rgba(0,0,0,0)","heading_dark":"rgba(0,0,0,0)","text_dark":"rgba(0,0,0,0)"}},"template--21733833244973__1153e127-f094-4a71-8d82-4fa2be8e8c82-button-1":{"type":"button","settings":{"button_label":"Button label","button_link":"","open_new_window":false,"button_light":"rgba(0,0,0,0)","button_text_light":"rgba(0,0,0,0)","button_hover_light":"rgba(0,0,0,0)","button_text_hover_light":"rgba(0,0,0,0)","button_dark":"rgba(0,0,0,0)","button_text_dark":"rgba(0,0,0,0)","button_hover_dark":"rgba(0,0,0,0)","button_text_hover_dark":"rgba(0,0,0,0)"}}},"block_order":["template--21733833244973__1153e127-f094-4a71-8d82-4fa2be8e8c82-heading-1","template--21733833244973__1153e127-f094-4a71-8d82-4fa2be8e8c82-button-1"],"settings":{"video_alt_text":"","enable_video_autoplay":false,"desktop_height":"450px","mobile_height":"400px","desktop_image_width":"large","image_layout":"normal","image_corner_radius":0,"content_layout":"no-overlap","spacing_image":false,"text_position":"center","text_alignment":"start","background_color_light":"rgba(0,0,0,0)","background_color_dark":"rgba(0,0,0,0)","image_alignment":"right","full_width":true,"top_padding":0,"bottom_padding":24,"image_alignment_mobile":"left","full_width_mobile":false,"top_padding_mobile":0,"bottom_padding_mobile":0}},"989ca900-dd4c-4024-b95b-607476afaea1":{"type":"flash-sale","blocks":{"template--21733703418157__989ca900-dd4c-4024-b95b-607476afaea1-image_banner-1":{"type":"image_banner","settings":{"heading":"Sale 45% Off","heading_size":100,"text":"<p>Hurry up! Get the best deal at best price. coupon_code<\/p>","text_size":100,"coupon_code":"Flashsale45","coupon_color":"rgba(0,0,0,0)","coupon_color_dark":"rgba(0,0,0,0)"}},"template--21733703418157__989ca900-dd4c-4024-b95b-607476afaea1-countdown_timer-1":{"type":"countdown_timer","settings":{"timezone":"-4","end_year":2023,"end_month":"1","end_day":"1","end_hour":"0","end_minute":"0","timer_style":"square","border_style":"line_vertical","overlay_opacity":100,"timer_color_countdown":"rgba(0,0,0,0)","text_color_countdown":"rgba(0,0,0,0)","bg_color_countdown":"rgba(0,0,0,0)","spacing_col":40,"spacing_col_mobile":8}},"template--21733703418157__989ca900-dd4c-4024-b95b-607476afaea1-buttons-1":{"type":"buttons","settings":{"button_label":"ORDER NOW","button_link":"","open_new_window_button":false,"color_button":"rgba(0,0,0,0)","color_button_hover":"rgba(0,0,0,0)","color_text_button":"rgba(0,0,0,0)","color_text_button_hover":"rgba(0,0,0,0)","color_button_secondary":"rgba(0,0,0,0)","secondary_button_text":"rgba(0,0,0,0)"}}},"block_order":["template--21733703418157__989ca900-dd4c-4024-b95b-607476afaea1-image_banner-1","template--21733703418157__989ca900-dd4c-4024-b95b-607476afaea1-countdown_timer-1","template--21733703418157__989ca900-dd4c-4024-b95b-607476afaea1-buttons-1"],"settings":{"image_overlay_opacity":0,"show_hero":false,"border_section":"dotted","content_layout":"horizontal","content_alignment":"left","full_width":false,"padding_full_width":false,"rounded_corner_image":true,"spacing_col":40,"spacing_row":32,"padding_top":36,"padding_bottom":36,"content_alignment_mobile":"center","full_width_mobile":false,"rounded_corner_image_mobile":true,"spacing_row_mobile":20,"padding_top_mobile":0,"padding_bottom_mobile":20,"background_color_light":"rgba(0,0,0,0)","heading_light":"rgba(0,0,0,0)","text_light":"rgba(0,0,0,0)","line_border_light":"rgba(0,0,0,0)","background_color_dark":"rgba(0,0,0,0)","heading_dark":"rgba(0,0,0,0)","text_dark":"rgba(0,0,0,0)","line_border_dark":"rgba(0,0,0,0)"}},"product-grid":{"type":"main-collection-product-grid","blocks":{"7dad774c-e708-41c8-aee2-e8bfc912cf65":{"type":"promotion_block","settings":{"heading":"Holiday Gift Guide","title_size":80,"content":"<p>FREE SHIPPING ON ORDER OVER #200<\/p>","text_size":100,"image_overlay_opacity":10,"position":4,"button_label":"ORDER NOW","button_link":"","open_new_window":false,"alignment":"center","content_position":"center","background_color_light":"#f6f6f0","text_color_light":"#4b4949","background_color_dark":"#272727","text_color_dark":"#999999","color_button":"rgba(0,0,0,0)","color_text_button":"rgba(0,0,0,0)","color_button_hover":"rgba(0,0,0,0)","color_text_button_hover":"rgba(0,0,0,0)","color_button_secondary":"rgba(0,0,0,0)","secondary_button_text":"rgba(0,0,0,0)","number_of_columns":1,"number_of_row":1,"number_of_columns_mobile":"1","number_of_row_mobile":"1"}},"71ba41d2-e184-42da-a360-d3d10d78ffbe":{"type":"promotion_block","settings":{"heading":"Jewelry Collections In All Their Radiant Beauty","title_size":90,"content":"<p>Describe a promotion, make announcements, or welcome customers to your store.<\/p>","text_size":100,"image_overlay_opacity":10,"position":8,"button_label":"ORDER NOW","button_link":"","open_new_window":false,"alignment":"center","content_position":"center","background_color_light":"#f6f6f6","text_color_light":"#000000","background_color_dark":"#2a2a2a","text_color_dark":"#ffffff","color_button":"rgba(0,0,0,0)","color_text_button":"rgba(0,0,0,0)","color_button_hover":"rgba(0,0,0,0)","color_text_button_hover":"rgba(0,0,0,0)","color_button_secondary":"rgba(0,0,0,0)","secondary_button_text":"rgba(0,0,0,0)","number_of_columns":4,"number_of_row":1,"number_of_columns_mobile":"2","number_of_row_mobile":"1"}}},"block_order":["7dad774c-e708-41c8-aee2-e8bfc912cf65","71ba41d2-e184-42da-a360-d3d10d78ffbe"],"settings":{"enable_filtering":true,"sticky_filtering":false,"filter_type":"drawer","enable_collection_count":true,"enable_sorting":true,"products_per_page":"15","products_per_row_on_desktop":4,"products_per_row_on_mobile":"2","paginate_type":"underline","show_vendor":false,"show_rating":false,"show_quickview":true,"full_width":false,"spacing_col":4,"spacing_row":50,"padding_top":24,"padding_bottom":52,"spacing_col_mobile":14,"spacing_row_mobile":20,"padding_top_mobile":0,"padding_bottom_mobile":44}},"8a952a6c-cfdb-491e-9cc0-bd1cc14244bb":{"type":"featured-collection","blocks":{"template--21733703418157__8a952a6c-cfdb-491e-9cc0-bd1cc14244bb-collection-1":{"type":"collection","settings":{"collection":"get-more-save-more","show_description":true,"description":"","show_vendor":false,"show_rating":false,"show_quickview":true,"show_promotion":false,"promotion_position":"left","card_link":"","open_new_window":false,"enable_text_overlay":false,"overlay_opacity":0,"image_ratio":"100","heading":"Featured collection","heading_size":70,"content":"<p>10% OFF<\/p>","text_size":100,"content_alignment":"center","content_position":"bottom","button_label":"See more","button_link":"","open_new_window_button":false,"background_color":"rgba(0,0,0,0)","color_text":"rgba(0,0,0,0)","color_button":"rgba(0,0,0,0)","color_text_button":"rgba(0,0,0,0)","color_button_hover":"rgba(0,0,0,0)","color_text_button_hover":"rgba(0,0,0,0)","color_button_secondary":"rgba(0,0,0,0)","secondary_button_text":"rgba(0,0,0,0)"}}},"block_order":["template--21733703418157__8a952a6c-cfdb-491e-9cc0-bd1cc14244bb-collection-1"],"settings":{"title":"Best Sellers In This Category","heading_size":100,"heading_alignment":"left","show_view_all":false,"view_all_position":"top","title_size":120,"title_style":"none","enable_desktop_slider":false,"swiper_on_mobile":false,"auto_play":false,"change_slides_speed":5,"columns_desktop":4,"rows_desktop":1,"spacing":4,"full_width":false,"show_section_divider":false,"padding_top":28,"padding_bottom":28,"columns_mobile":"1","spacing_mobile":4,"full_width_mobile":false,"show_section_divider_mobile":false,"padding_top_mobile":0,"padding_bottom_mobile":28}},"9bff3c82-d395-4524-94e1-bf7d4c841076":{"type":"faq","blocks":{"template--21733703418157__9bff3c82-d395-4524-94e1-bf7d4c841076-frequently_asked_question-1":{"type":"frequently_asked_question","settings":{"icon":"heart","custom_icon":"","heading":"How much is shipping and how do you ship it?","row_content":"<p>We want you to be completely satisfied with your purchase. If for any reason you are not, you can return any item in its original condition within 30 days of receipt for a full refund or exchange. Please ensure that the products have all original tags and packaging. To initiate a return, visit our \"Returns\" page and follow the instructions provided. Remember to keep your receipt as proof of purchase. Some exclusions may apply, so be sure to check our detailed return policy for more information.<\/p>"}},"template--21733703418157__9bff3c82-d395-4524-94e1-bf7d4c841076-frequently_asked_question-2":{"type":"frequently_asked_question","settings":{"icon":"heart","custom_icon":"","heading":"What is your return policy?","row_content":"<p>Use this text to answer questions in as much detail as possible for your customers.<\/p>"}},"template--21733703418157__9bff3c82-d395-4524-94e1-bf7d4c841076-frequently_asked_question-3":{"type":"frequently_asked_question","settings":{"icon":"heart","custom_icon":"","heading":"Where is Fern located and can I pick up my purchase?","row_content":"<p>Use this text to answer questions in as much detail as possible for your customers.<\/p>"}}},"block_order":["template--21733703418157__9bff3c82-d395-4524-94e1-bf7d4c841076-frequently_asked_question-1","template--21733703418157__9bff3c82-d395-4524-94e1-bf7d4c841076-frequently_asked_question-2","template--21733703418157__9bff3c82-d395-4524-94e1-bf7d4c841076-frequently_asked_question-3"],"settings":{"heading":"Frequently Asked Questions","heading_size":110,"heading_alignment":"left","row_background":false,"collapsible":true,"show_view_all":false,"view_all_position":"top","button_link":"","open_new_window":false,"background_color_light":"rgba(0,0,0,0)","background_color_dark":"rgba(0,0,0,0)","desktop_layout":"1","image_alignment":"right","desktop_height":"400px","show_section_divider":false,"make_full_page_width":true,"padding_top":28,"padding_bottom":100,"image_alignment_mobile":"left","mobile_height":"250px","show_section_divider_mobile":false,"padding_top_mobile":0,"padding_bottom_mobile":40}},"b84ad124-a083-44ac-82f0-33b146a44236":{"type":"media-gallery","blocks":{"template--21733304697133__b84ad124-a083-44ac-82f0-33b146a44236-media-1":{"type":"media","settings":{"image_link":"","open_new_window":false,"video_url":"","enable_video_autoplay":true,"video_alt_text":"","enable_content_overlay":true,"content_position":"center","overlay_opacity":0,"number_of_columns":1,"number_of_row":1,"icon":"none","custom_icon":"","icon_size":45,"sub_title":"","title":"","title_size":80,"text":"","text_size":130,"text_align":"center","media_position":"top","button_label":"","button_link":"","open_new_window_button":false,"color_overlay":"rgba(0,0,0,0)","title_color":"rgba(0,0,0,0)","text_color":"rgba(0,0,0,0)","color_button":"rgba(0,0,0,0)","background_button":"rgba(0,0,0,0)","color_button_hover":"rgba(0,0,0,0)","background_button_hover":"rgba(0,0,0,0)","color_button_secondary":"rgba(0,0,0,0)","secondary_button_text":"rgba(0,0,0,0)"}},"template--21733304697133__b84ad124-a083-44ac-82f0-33b146a44236-media-2":{"type":"media","settings":{"image_link":"","open_new_window":false,"video_url":"","enable_video_autoplay":true,"video_alt_text":"","enable_content_overlay":true,"content_position":"center","overlay_opacity":0,"number_of_columns":1,"number_of_row":1,"icon":"none","custom_icon":"","icon_size":45,"sub_title":"","title":"","title_size":80,"text":"","text_size":130,"text_align":"center","media_position":"top","button_label":"","button_link":"","open_new_window_button":false,"color_overlay":"rgba(0,0,0,0)","title_color":"rgba(0,0,0,0)","text_color":"rgba(0,0,0,0)","color_button":"rgba(0,0,0,0)","background_button":"rgba(0,0,0,0)","color_button_hover":"rgba(0,0,0,0)","background_button_hover":"rgba(0,0,0,0)","color_button_secondary":"rgba(0,0,0,0)","secondary_button_text":"rgba(0,0,0,0)"}},"template--21733304697133__b84ad124-a083-44ac-82f0-33b146a44236-media-3":{"type":"media","settings":{"image_link":"","open_new_window":false,"video_url":"","enable_video_autoplay":true,"video_alt_text":"","enable_content_overlay":true,"content_position":"center","overlay_opacity":0,"number_of_columns":1,"number_of_row":1,"icon":"none","custom_icon":"","icon_size":45,"sub_title":"","title":"","title_size":80,"text":"","text_size":130,"text_align":"center","media_position":"top","button_label":"","button_link":"","open_new_window_button":false,"color_overlay":"rgba(0,0,0,0)","title_color":"rgba(0,0,0,0)","text_color":"rgba(0,0,0,0)","color_button":"rgba(0,0,0,0)","background_button":"rgba(0,0,0,0)","color_button_hover":"rgba(0,0,0,0)","background_button_hover":"rgba(0,0,0,0)","color_button_secondary":"rgba(0,0,0,0)","secondary_button_text":"rgba(0,0,0,0)"}},"aa3f0c15-e89f-4b65-a534-8cc8f583a498":{"type":"media","settings":{"image_link":"","open_new_window":false,"video_url":"","enable_video_autoplay":true,"video_alt_text":"","enable_content_overlay":true,"content_position":"center","overlay_opacity":0,"number_of_columns":1,"number_of_row":1,"icon":"none","custom_icon":"","icon_size":45,"sub_title":"","title":"","title_size":80,"text":"","text_size":130,"text_align":"center","media_position":"top","button_label":"","button_link":"","open_new_window_button":false,"color_overlay":"rgba(0,0,0,0)","title_color":"rgba(0,0,0,0)","text_color":"rgba(0,0,0,0)","color_button":"rgba(0,0,0,0)","background_button":"rgba(0,0,0,0)","color_button_hover":"rgba(0,0,0,0)","background_button_hover":"rgba(0,0,0,0)","color_button_secondary":"rgba(0,0,0,0)","secondary_button_text":"rgba(0,0,0,0)"}},"580a3362-ff6d-493c-b5e4-e0b6fb275cb2":{"type":"media","settings":{"image_link":"","open_new_window":false,"video_url":"","enable_video_autoplay":true,"video_alt_text":"","enable_content_overlay":true,"content_position":"center","overlay_opacity":0,"number_of_columns":1,"number_of_row":1,"icon":"none","custom_icon":"","icon_size":45,"sub_title":"","title":"","title_size":80,"text":"","text_size":130,"text_align":"center","media_position":"top","button_label":"","button_link":"","open_new_window_button":false,"color_overlay":"rgba(0,0,0,0)","title_color":"rgba(0,0,0,0)","text_color":"rgba(0,0,0,0)","color_button":"rgba(0,0,0,0)","background_button":"rgba(0,0,0,0)","color_button_hover":"rgba(0,0,0,0)","background_button_hover":"rgba(0,0,0,0)","color_button_secondary":"rgba(0,0,0,0)","secondary_button_text":"rgba(0,0,0,0)"}}},"block_order":["template--21733304697133__b84ad124-a083-44ac-82f0-33b146a44236-media-1","template--21733304697133__b84ad124-a083-44ac-82f0-33b146a44236-media-2","template--21733304697133__b84ad124-a083-44ac-82f0-33b146a44236-media-3","aa3f0c15-e89f-4b65-a534-8cc8f583a498","580a3362-ff6d-493c-b5e4-e0b6fb275cb2"],"settings":{"heading":"Get Inspired With @Eurus Jewelry","heading_size":110,"heading_alignment":"center","max_columns":5,"spacing":4,"height_desktop":300,"show_section_divider":true,"full_width":true,"padding_full_width":true,"padding_top":68,"padding_bottom":4,"min_columns_mobile":"1","spacing_mobile":4,"height_mobile":250,"show_section_divider_mobile":false,"full_width_mobile":false,"padding_top_mobile":28,"padding_bottom_mobile":4}}},"order":["banner","1153e127-f094-4a71-8d82-4fa2be8e8c82","989ca900-dd4c-4024-b95b-607476afaea1","product-grid","8a952a6c-cfdb-491e-9cc0-bd1cc14244bb","9bff3c82-d395-4524-94e1-bf7d4c841076","b84ad124-a083-44ac-82f0-33b146a44236"]}