{"sections":{"banner":{"type":"main-collection-banner","blocks":{"breadcrumbs":{"type":"breadcrumbs","settings":{"show_breadcrumbs_border":false,"full_width_breadcrumb":true,"desktop_content_alignment":"text-center","mobile_content_alignment":"text-center","background_color_light":"#f2f2f2","text_color_light":"rgba(0,0,0,0)","textlink_color_light":"rgba(0,0,0,0)","background_color_dark":"#313131","text_color_dark":"rgba(0,0,0,0)","textlink_color_dark":"rgba(0,0,0,0)"}},"description":{"type":"description","settings":{"read_more_label":"Read more","full_width":true,"desktop_content_alignment":"text-center","mobile_content_alignment":"text-center","background_color_light":"rgba(0,0,0,0)","text_color_light":"rgba(0,0,0,0)","background_color_dark":"rgba(0,0,0,0)","text_color_dark":"rgba(0,0,0,0)","padding_top":60,"padding_bottom":0}}},"block_order":["breadcrumbs","description"],"settings":{"show_collection_image":false,"image_overlay_opacity":20,"show_collection_name":false,"title_position":"text-center","size_title":110,"heading_tag":"h1","full_width_title":true,"desktop_height":"550px","full_width":true,"padding_top":0,"padding_bottom":0,"mobile_height":"300px","full_width_mobile":true,"padding_top_mobile":0,"padding_bottom_mobile":0}},"ss_slider_2_UAcQCg":{"type":"ss-slider-2","blocks":{"slide_kjRHdp":{"type":"slide","settings":{"image":"shopify:\/\/shop_images\/Dolomite_White_main.jpg","title":"","button":"Bianco Dolomite","url":"shopify:\/\/collections\/bianco-dolomite"}},"slide_jbQgPx":{"type":"slide","settings":{"image":"shopify:\/\/shop_images\/24-X-24-Calacatta-Gold-Honed-Tile-Marble-Tile-Large-Formate-American-Tile-Depot_994d7666-7eb1-43b9-ba51-d0236b3efccc.jpg","title":"","button":"Calacatta Gold","url":"shopify:\/\/collections\/calacatta-gold-marble"}},"slide_qEteDn":{"type":"slide","settings":{"image":"shopify:\/\/shop_images\/Calacatta_Oliva_main.jpg","title":"","button":"Calacatta Oliva","url":"shopify:\/\/collections\/calacatta-oliva-marble"}},"slide_gVHyd7":{"type":"slide","settings":{"image":"shopify:\/\/shop_images\/24-X-24-Cappuccino-Marble-Polished-Tile-Marble-Tile-Large-Formate-American-Tile-Depot.jpg","title":"","button":"Cappuccino","url":"shopify:\/\/collections\/cappuccino-marble"}},"slide_BgJGc9":{"type":"slide","settings":{"image":"shopify:\/\/shop_images\/carrara_white_main.jpg","title":"","button":"Carrara White","url":"shopify:\/\/collections\/carrara-white-marble"}},"slide_jFcXbV":{"type":"slide","settings":{"image":"shopify:\/\/shop_images\/24-X-24-Crema-Marfil-Marble-Honed-Tile-Marble-Tile-Large-Formate-American-Tile-Depot.jpg","title":"","button":"Crema Marfil","url":"shopify:\/\/collections\/crema-marfil-marble"}},"slide_dzNMG4":{"type":"slide","settings":{"image":"shopify:\/\/shop_images\/18-X-18-Diano-Royal-Queen-Beige-Marble-Honed-Tile-Marble-Tile-Large-Formate-American-Tile-Depot-3.jpg","title":"","button":"Diano Royal","url":"shopify:\/\/collections\/diano-royal-queen-beige-marble"}},"slide_yDqfjy":{"type":"slide","settings":{"image":"shopify:\/\/shop_images\/Emperador_Dark_main.jpg","title":"","button":"Emperador Dark","url":"shopify:\/\/collections\/emperador-dark-marble"}},"slide_4LqDTf":{"type":"slide","settings":{"image":"shopify:\/\/shop_images\/Emperador_Light_18x18_2-transformed.jpg","title":"","button":"Emperador Light","url":"shopify:\/\/collections\/emperador-light-marble"}},"slide_LLTg8i":{"type":"slide","settings":{"image":"shopify:\/\/shop_images\/Haisa_Light_Main_from_Surfaces_Galore.jpg","title":"","button":"Haisa Light","url":"shopify:\/\/collections\/haisa-light"}},"slide_9tqKkB":{"type":"slide","settings":{"image":"shopify:\/\/shop_images\/12-X-12-Mink-Marmara-Equator-Marble-Polished-Field-Tile-Marble-Tile-American-Tile-Depot-2.jpg","title":"","button":"Mink Marmara Equator","url":"shopify:\/\/collections\/mink-marmara-equator-marble"}},"slide_VqER7m":{"type":"slide","settings":{"image":"shopify:\/\/shop_images\/24-X-24-Black-Marquina-Marble-Honed-Tile-Marble-Tile-Large-Formate-American-Tile-Depot.jpg","title":"","button":"Black Marquina","url":"shopify:\/\/collections\/black-marquina-marble"}},"slide_bDpqGc":{"type":"slide","settings":{"image":"shopify:\/\/shop_images\/24-X-24-Oriental-White-Asian-Statuary-Marble-Honed-Tile-Marble-Tile-Large-Formate-American-Tile-Depot-no_margin.png","title":"","button":"Oriental White","url":"shopify:\/\/collections\/oriental-white-asian-statuary-marble"}},"slide_LrjjJU":{"type":"slide","settings":{"image":"shopify:\/\/shop_images\/12-X-12-Tundra-Gray-Atlantic-Gray-Marble-Honed-Field-Tile-Marble-Tile-American-Tile-Depot.jpg","title":"","button":"Tundra Gray","url":"shopify:\/\/collections\/tundra-gray-atlantic-gray-marble"}},"slide_G6z4Ac":{"type":"slide","settings":{"image":"shopify:\/\/shop_images\/White_Pearl_THIS_-_square_jpeg_ab470ef7-405c-4cbf-881f-61f486152734.jpg","title":"","button":"White Pearl","url":"shopify:\/\/collections\/white-pearl-botticino-marble"}},"slide_MXBKWj":{"type":"slide","settings":{"image":"shopify:\/\/shop_images\/18-X-18-Thassos-White-Marble-Polished-Field-Tile-Marble-Tile-Large-Formate-American-Tile-Depot.jpg","title":"","button":"Thassos White","url":"shopify:\/\/collections\/thassos-white-marble"}}},"block_order":["slide_kjRHdp","slide_jbQgPx","slide_qEteDn","slide_gVHyd7","slide_BgJGc9","slide_jFcXbV","slide_dzNMG4","slide_yDqfjy","slide_4LqDTf","slide_LLTg8i","slide_9tqKkB","slide_VqER7m","slide_bDpqGc","slide_LrjjJU","slide_G6z4Ac","slide_MXBKWj"],"settings":{"slider_view":5,"slider_view_mobile":1.5,"slider_rotate":20,"card_padding_vertical":6,"card_padding_vertical_mobile":4,"card_padding_horizontal":40,"card_padding_horizontal_mobile":30,"card_radius":16,"card_border_thickness":0,"card_shadow":true,"card_ratio":"square","card_ratio_mobile":"square","card_overlay":0,"content_horizontal_position":"center","content_horizontal_position_mobile":"center","content_vertical_position":"end","content_vertical_position_mobile":"end","title_custom":false,"title_font":"josefin_sans_n7","title_size":28,"title_size_mobile":18,"title_height":100,"button_custom":true,"button_font":"josefin_sans_n4","button_size":18,"button_size_mobile":14,"button_height":100,"button_mt":16,"button_padding_vertical":12,"button_padding_horizontal":20,"button_radius":8,"button_border_thickness":1,"arrow_size":50,"arrow_size_mobile":32,"arrow_icon_size":20,"arrow_icon_size_mobile":12,"arrow_border_thickness":0,"arrow_show_desktop":true,"arrow_show_mobile":true,"card_border_color":"#000000","card_shadow_color":"#000000","card_overlay_color":"#000000","title_color":"#ffffff","button_color":"#1c4170","button_hover_color":"#ffffff","button_bg_color":"#e1e7f5","button_bg_hover_color":"#1c4170","button_border_color":"#ffffff","button_border_hover_color":"#ffffff","arrow_color":"#000000","arrow_hover_color":"#ffffff","arrow_bg_color":"#ffffff","arrow_bg_hover_color":"#000000","arrow_border_color":"#000000","arrow_border_hover_color":"#454545","background_color":"#ffffff","background_gradient":"","border_color":"#000000","margin_top":0,"margin_bottom":0,"padding_top":36,"padding_bottom":36,"padding_horizontal":0,"padding_horizontal_mobile":0,"full_width":true,"content_width":120,"border_thickness":0,"lazy":false}},"product-grid":{"type":"main-collection-product-grid","custom_css":[".sold-by-text {text-align: center !important;}"],"settings":{"collection_label":"{{ collection.metafields.custom.main_collection_name.value }}","collections":"{{ collection.metafields.custom.subcategory.value }}","enable_filtering":true,"filter_alignment":"ACCESSORIES,BORDER,COLOR,CORNER,FIELD TILE,FINISH,MATERIAL,MOLDINGS\/TRIMS,MOSAIC,SIZE,TYPE","sticky_filtering":false,"filter_type":"aside","expand_filter":false,"enable_collection_count":false,"enable_sorting":true,"products_per_page":"21,24,27,30,33,36,39,60","products_per_row_on_desktop":4,"products_per_row_on_mobile":"2","paginate_type":"circle","show_vendor":false,"show_rating":false,"show_quickview":true,"enable_advanced_filter":false,"key_value":"","hide_unavaiable_filter":true,"columns_desktop_1":4,"desktop_image_width_1":150,"columns_desktop_2":4,"desktop_image_width_2":150,"enable_desktop_slider":false,"image_ratio_filter":"square","full_width":true,"spacing_col":30,"spacing_row":60,"padding_top":0,"padding_bottom":100,"spacing_col_mobile":16,"spacing_row_mobile":32,"padding_top_mobile":0,"padding_bottom_mobile":48}},"custom_liquid_VB9diN":{"type":"custom-liquid","settings":{"custom_liquid":"<div class=\"elfsight-sapp-0506b398-b409-4d76-93bb-a1733c635d46\"><\/div>","full_width":true,"show_section_divider":true,"padding_top":28,"padding_bottom":28,"full_width_mobile":false,"show_section_divider_mobile":false,"padding_top_mobile":28,"padding_bottom_mobile":28}}},"order":["banner","ss_slider_2_UAcQCg","product-grid","custom_liquid_VB9diN"]}