{"sections":{"banner":{"type":"main-collection-banner","blocks":{"breadcrumbs":{"type":"breadcrumbs","settings":{"show_breadcrumbs_border":true,"full_width_breadcrumb":true,"desktop_content_alignment":"text-center","mobile_content_alignment":"text-center","background_color_light":"rgba(0,0,0,0)","text_color_light":"rgba(0,0,0,0)","textlink_color_light":"rgba(0,0,0,0)","background_color_dark":"rgba(0,0,0,0)","text_color_dark":"rgba(0,0,0,0)","textlink_color_dark":"rgba(0,0,0,0)"}},"description":{"type":"description","settings":{"desktop_content_alignment":"text-center","mobile_content_alignment":"text-center","background_color_light":"rgba(0,0,0,0)","text_color_light":"rgba(0,0,0,0)","background_color_dark":"rgba(0,0,0,0)","text_color_dark":"rgba(0,0,0,0)","padding_top":56,"padding_bottom":20}}},"block_order":["breadcrumbs","description"],"settings":{"show_collection_image":true,"image_overlay_opacity":20,"title_position":"text-center","size_title":170,"desktop_height":"450px","full_width":true,"padding_top":0,"padding_bottom":20,"mobile_height":"300px","full_width_mobile":true,"padding_top_mobile":0,"padding_bottom_mobile":16}},"6748aaa0-b80b-4949-a77c-8d29b7c20d44":{"type":"media-gallery","blocks":{"template--21416149385517__6748aaa0-b80b-4949-a77c-8d29b7c20d44-media-1":{"type":"media","settings":{"image":"","image_link":"","open_new_window":false,"video_url":"","enable_video_autoplay":true,"video_alt_text":"","content_position":"top","overlay_opacity":0,"number_of_columns":1,"number_of_row":2,"title":"New Arrivals","title_size":70,"text":"","text_size":130,"text_align":"left","button_label":"Explore Now","button_link":"","open_new_window_button":false,"color_overlay":"rgba(0,0,0,0)","title_color":"#ffffff","text_color":"#ffffff","color_button":"#4b4949","background_button":"#f6f6f0","color_button_hover":"rgba(0,0,0,0)","background_button_hover":"rgba(0,0,0,0)"}},"5da5b703-e372-4ac4-b489-ee2f32b2ba66":{"type":"media","settings":{"image":"","image_link":"","open_new_window":false,"video_url":"","enable_video_autoplay":true,"video_alt_text":"","content_position":"top","overlay_opacity":0,"number_of_columns":1,"number_of_row":2,"title":"Animal FriendlyPlants","title_size":70,"text":"","text_size":130,"text_align":"left","button_label":"Explore Now","button_link":"","open_new_window_button":false,"color_overlay":"rgba(0,0,0,0)","title_color":"#ffffff","text_color":"#ffffff","color_button":"#4b4949","background_button":"#f6f6f0","color_button_hover":"rgba(0,0,0,0)","background_button_hover":"rgba(0,0,0,0)"}},"c3a16346-4af4-4b58-ba16-938d4247c868":{"type":"media","settings":{"image":"","image_link":"","open_new_window":false,"video_url":"","enable_video_autoplay":true,"video_alt_text":"","content_position":"top","overlay_opacity":0,"number_of_columns":1,"number_of_row":2,"title":"Special Plants","title_size":70,"text":"","text_size":130,"text_align":"left","button_label":"Explore Now","button_link":"","open_new_window_button":false,"color_overlay":"rgba(0,0,0,0)","title_color":"#ffffff","text_color":"#ffffff","color_button":"#4b4949","background_button":"#f6f6f0","color_button_hover":"rgba(0,0,0,0)","background_button_hover":"rgba(0,0,0,0)"}},"9debdbab-390f-4850-ac89-efc16f8671b4":{"type":"media","settings":{"image":"","image_link":"","open_new_window":false,"video_url":"","enable_video_autoplay":true,"video_alt_text":"","content_position":"top","overlay_opacity":0,"number_of_columns":1,"number_of_row":2,"title":"Plant Gifts","title_size":70,"text":"","text_size":130,"text_align":"left","button_label":"Explore Now","button_link":"","open_new_window_button":false,"color_overlay":"rgba(0,0,0,0)","title_color":"#ffffff","text_color":"#ffffff","color_button":"#4b4949","background_button":"#f6f6f0","color_button_hover":"rgba(0,0,0,0)","background_button_hover":"rgba(0,0,0,0)"}},"d86cc7e8-58f8-44a3-984e-89a42fe3eef0":{"type":"media","settings":{"image":"","image_link":"","open_new_window":false,"video_url":"","enable_video_autoplay":true,"video_alt_text":"","content_position":"top","overlay_opacity":0,"number_of_columns":1,"number_of_row":2,"title":"Special Plants","title_size":70,"text":"","text_size":130,"text_align":"left","button_label":"Explore Now","button_link":"","open_new_window_button":false,"color_overlay":"rgba(0,0,0,0)","title_color":"#ffffff","text_color":"#ffffff","color_button":"#4b4949","background_button":"#f6f6f0","color_button_hover":"rgba(0,0,0,0)","background_button_hover":"rgba(0,0,0,0)"}}},"block_order":["template--21416149385517__6748aaa0-b80b-4949-a77c-8d29b7c20d44-media-1","5da5b703-e372-4ac4-b489-ee2f32b2ba66","c3a16346-4af4-4b58-ba16-938d4247c868","9debdbab-390f-4850-ac89-efc16f8671b4","d86cc7e8-58f8-44a3-984e-89a42fe3eef0"],"settings":{"heading":"","heading_size":100,"max_columns":5,"spacing":20,"height_desktop":300,"show_section_divider":false,"full_width":true,"padding_top":20,"padding_bottom":48,"min_columns_mobile":"2","spacing_mobile":14,"height_mobile":200,"show_section_divider_mobile":false,"full_width_mobile":false,"padding_top_mobile":16,"padding_bottom_mobile":48}},"product-grid":{"type":"main-collection-product-grid","blocks":{"955184c7-9450-4725-bcd6-01206eae4b24":{"type":"promotion_block","settings":{"heading":"Office Plant","title_size":70,"content":"<p>Upto 40% Off<\/p>","text_size":100,"image":"","image_overlay_opacity":10,"position":10,"button_label":"Shop Now","button_link":"","open_new_window":false,"alignment":"center","content_position":"center","background_color_light":"#f6f6f0","text_color_light":"#4b4949","background_color_dark":"#272727","text_color_dark":"#999999"}}},"block_order":["955184c7-9450-4725-bcd6-01206eae4b24"],"settings":{"enable_filtering":true,"sticky_filtering":false,"filter_type":"drawer","enable_collection_count":true,"enable_sorting":true,"products_per_page":"14","products_per_row_on_desktop":5,"products_per_row_on_mobile":"2","paginate_type":"underline","show_vendor":false,"show_rating":false,"show_quickview":true,"full_width":true,"spacing_col":20,"spacing_row":30,"padding_top":0,"padding_bottom":80,"spacing_col_mobile":14,"spacing_row_mobile":20,"padding_top_mobile":0,"padding_bottom_mobile":64}}},"order":["banner","6748aaa0-b80b-4949-a77c-8d29b7c20d44","product-grid"]}