{"sections":{"banner":{"type":"main-collection-banner","blocks":{"breadcrumbs":{"type":"breadcrumbs","settings":{"show_breadcrumbs_border":false,"full_width_breadcrumb":true,"desktop_content_alignment":"text-center","mobile_content_alignment":"text-center","background_color_light":"#ffffff","text_color_light":"#0a1e33","textlink_color_light":"rgba(0,0,0,0)","background_color_dark":"rgba(0,0,0,0)","text_color_dark":"rgba(0,0,0,0)","textlink_color_dark":"rgba(0,0,0,0)"}},"description":{"type":"description","disabled":true,"settings":{"read_more_label":"Read more","full_width":true,"desktop_content_alignment":"text-center","mobile_content_alignment":"text-center","background_color_light":"rgba(0,0,0,0)","text_color_light":"rgba(0,0,0,0)","background_color_dark":"rgba(0,0,0,0)","text_color_dark":"rgba(0,0,0,0)","padding_top":60,"padding_bottom":0}}},"block_order":["breadcrumbs","description"],"settings":{"show_collection_image":false,"image_overlay_opacity":20,"show_collection_name":false,"title_position":"text-center","size_title":110,"heading_tag":"h1","full_width_title":true,"desktop_height":"550px","full_width":true,"padding_top":0,"padding_bottom":0,"mobile_height":"300px","full_width_mobile":true,"padding_top_mobile":0,"padding_bottom_mobile":0}},"ss_slider_2_UAcQCg":{"type":"ss-slider-2","blocks":{"slide_kjRHdp":{"type":"slide","settings":{"image":"shopify:\/\/shop_images\/Solana-Coastal-Collection-SPC-Waterproof-Flooring-SPC-American-Tile-Depot-7.jpg","title":"","button":"Coastal","url":"shopify:\/\/collections\/mcmillan-coastal-series"}},"slide_jbQgPx":{"type":"slide","settings":{"image":"shopify:\/\/shop_images\/Alassio-EVOLVED-Series-Waterproof-Laminate-Flooring-Laminate-American-Tile-Depot-2.jpg","title":"","button":"Evolved","url":"shopify:\/\/collections\/mcmillan-evolved-series"}},"slide_qEteDn":{"type":"slide","settings":{"image":"shopify:\/\/shop_images\/Diva-McMillan-Original-Series-European-Oak-Engineered-Hardwood-Engineered-Hardwood-American-Tile-Depot-3.jpg","title":"","button":"McMillan Original","url":"shopify:\/\/collections\/performance-flooring-mcmillan-original"}},"slide_gVHyd7":{"type":"slide","settings":{"image":"shopify:\/\/shop_images\/Eden-Thomas-House-Plus-Matte-SPC-Luxury-Vinyl-Plank-SPC-American-Tile-Depot-2_4a3aab27-2cd8-47c9-adeb-23458545f135.jpg","title":"","button":"Thomas House Plus Matte","url":"shopify:\/\/collections\/performance-flooring-thomas-house-plus"}},"slide_BgJGc9":{"type":"slide","settings":{"image":"shopify:\/\/shop_images\/Nordico-TUFF-ROCK-Series-Waterproof-Flooring-Fiber-Board-American-Tile-Depot.jpg","title":"","button":"TUFF","url":"shopify:\/\/collections\/mcmillan-tuff-rock-series"}}},"block_order":["slide_kjRHdp","slide_jbQgPx","slide_qEteDn","slide_gVHyd7","slide_BgJGc9"],"settings":{"slider_view":5,"slider_view_mobile":1.5,"slider_rotate":20,"card_padding_vertical":6,"card_padding_vertical_mobile":4,"card_padding_horizontal":40,"card_padding_horizontal_mobile":30,"card_radius":16,"card_border_thickness":0,"card_shadow":true,"card_ratio":"portrait","card_ratio_mobile":"portrait","card_overlay":0,"content_horizontal_position":"center","content_horizontal_position_mobile":"center","content_vertical_position":"end","content_vertical_position_mobile":"end","title_custom":true,"title_font":"josefin_sans_n7","title_size":28,"title_size_mobile":18,"title_height":100,"button_custom":true,"button_font":"josefin_sans_n4","button_size":18,"button_size_mobile":14,"button_height":100,"button_mt":16,"button_padding_vertical":12,"button_padding_horizontal":20,"button_radius":8,"button_border_thickness":1,"arrow_size":50,"arrow_size_mobile":32,"arrow_icon_size":20,"arrow_icon_size_mobile":12,"arrow_border_thickness":0,"arrow_show_desktop":true,"arrow_show_mobile":true,"card_border_color":"#000000","card_shadow_color":"#000000","card_overlay_color":"#000000","title_color":"#ffffff","button_color":"#1c4170","button_hover_color":"#ffffff","button_bg_color":"#e1e7f5","button_bg_hover_color":"#1c4170","button_border_color":"#ffffff","button_border_hover_color":"#ffffff","arrow_color":"#000000","arrow_hover_color":"#ffffff","arrow_bg_color":"#ffffff","arrow_bg_hover_color":"#000000","arrow_border_color":"#000000","arrow_border_hover_color":"#454545","background_color":"#ffffff","background_gradient":"","border_color":"#000000","margin_top":0,"margin_bottom":0,"padding_top":36,"padding_bottom":36,"padding_horizontal":0,"padding_horizontal_mobile":0,"full_width":true,"content_width":120,"border_thickness":0,"lazy":false}},"product-grid":{"type":"main-collection-product-grid","custom_css":[".sold-by-text {text-align: center !important;}"],"settings":{"collection_label":"{{ collection.metafields.custom.main_collection_name.value }}","collections":"{{ collection.metafields.custom.subcategory.value }}","enable_filtering":true,"filter_alignment":"ACCESSORIES,BORDER,COLOR,CORNER,FIELD TILE,FINISH,MATERIAL,MOLDINGS\/TRIMS,MOSAIC,SIZE,TYPE","sticky_filtering":false,"filter_type":"aside","expand_filter":false,"enable_collection_count":false,"enable_sorting":true,"products_per_page":"21,24,27,30,33,36,39,60","products_per_row_on_desktop":4,"products_per_row_on_mobile":"2","paginate_type":"circle","show_vendor":false,"show_rating":false,"show_quickview":true,"enable_advanced_filter":false,"key_value":"","hide_unavaiable_filter":true,"columns_desktop_1":4,"desktop_image_width_1":150,"columns_desktop_2":4,"desktop_image_width_2":150,"enable_desktop_slider":false,"image_ratio_filter":"square","full_width":true,"spacing_col":30,"spacing_row":60,"padding_top":0,"padding_bottom":100,"spacing_col_mobile":16,"spacing_row_mobile":32,"padding_top_mobile":0,"padding_bottom_mobile":48}},"custom_liquid_VB9diN":{"type":"custom-liquid","settings":{"custom_liquid":"<div class=\"elfsight-sapp-0506b398-b409-4d76-93bb-a1733c635d46\"><\/div>","full_width":true,"show_section_divider":true,"padding_top":28,"padding_bottom":28,"full_width_mobile":false,"show_section_divider_mobile":false,"padding_top_mobile":28,"padding_bottom_mobile":28}}},"order":["banner","ss_slider_2_UAcQCg","product-grid","custom_liquid_VB9diN"]}