{"sections":{"otsb_media_with_text_4_r6ziwK":{"type":"otsb-media-with-text-4","blocks":{"heading_mWxXrb":{"type":"heading","settings":{"subheading":"","heading":"Special Sale","heading_base_size":130,"heading_tag":"h2","text":"<p>Celebrate 10 years of American Tile Depot with 10% OFF sitewide*<br\/><br\/>Use code YEAR10 at checkout.<br\/><br\/>*Samples and Clearance Items are excluded from this offer.<\/p>","read_more_label":"Read more","heading_light":"#1c4170","text_light":"#444444","color_text_link":"#FD8E16"}}},"block_order":["heading_mWxXrb"],"name":"OT: Media with Text #4","settings":{"image":"shopify:\/\/shop_images\/10th-Anniversery-1452x652_1_82ede9f3-62ef-4399-8eb1-1616779f49d4.jpg","video_alt_text":"","enable_video_autoplay":false,"desktop_height":"natural","mobile_height":"natural","desktop_image_width":"large","image_layout":"normal","is_lazyload":false,"disable_parallax_effect":false,"image_corner_radius":0,"content_layout":"no-overlap","spacing_image":false,"text_position":"center","text_alignment":"start","background_color_light":"#FFFFFF","video_icon":"#FFFFFF","image_alignment":"left","full_width":false,"top_padding":16,"bottom_padding":16,"image_alignment_mobile":"left","full_width_mobile":false,"top_padding_mobile":0,"bottom_padding_mobile":0}},"banner":{"type":"main-collection-banner","blocks":{"breadcrumbs":{"type":"breadcrumbs","settings":{"show_breadcrumbs_border":false,"full_width_breadcrumb":true,"desktop_content_alignment":"text-center","mobile_content_alignment":"text-center","background_color_light":"#f2f2f2","text_color_light":"rgba(0,0,0,0)","textlink_color_light":"rgba(0,0,0,0)","background_color_dark":"#313131","text_color_dark":"rgba(0,0,0,0)","textlink_color_dark":"rgba(0,0,0,0)"}},"description":{"type":"description","settings":{"read_more_label":"Read more","full_width":true,"desktop_content_alignment":"text-center","mobile_content_alignment":"text-center","background_color_light":"rgba(0,0,0,0)","text_color_light":"rgba(0,0,0,0)","background_color_dark":"rgba(0,0,0,0)","text_color_dark":"rgba(0,0,0,0)","padding_top":60,"padding_bottom":0}}},"block_order":["breadcrumbs","description"],"disabled":true,"settings":{"show_collection_image":false,"image_overlay_opacity":20,"show_collection_name":false,"title_position":"text-center","size_title":110,"heading_tag":"h1","full_width_title":true,"desktop_height":"550px","full_width":true,"padding_top":0,"padding_bottom":36,"mobile_height":"300px","full_width_mobile":true,"padding_top_mobile":0,"padding_bottom_mobile":0}},"featured_collection_U7tnyB":{"type":"featured-collection","blocks":{"collection_ML4EDB":{"type":"collection","settings":{"collection":"clearance-items-all","show_description":true,"description":"","read_more_label":"Read more","show_vendor":false,"show_rating":false,"show_quickview":true,"show_promotion":false,"promotion_position":"left","card_link":"","open_new_window":false,"enable_text_overlay":false,"overlay_opacity":0,"image_ratio":"100","video_url":"","enable_video_autoplay":false,"video_alt_text":"","product_card":"","heading":"Featured collection","heading_size":70,"content":"<p>10% OFF<\/p>","text_size":100,"content_alignment":"center","content_position":"bottom","button_label":"See more","button_link":"","open_new_window_button":false,"show_button_style":"primary","background_color":"rgba(0,0,0,0)","color_text":"rgba(0,0,0,0)","color_button":"rgba(0,0,0,0)","color_text_button":"rgba(0,0,0,0)","color_button_hover":"rgba(0,0,0,0)","color_text_button_hover":"rgba(0,0,0,0)","color_button_secondary":"rgba(0,0,0,0)","secondary_button_text":"rgba(0,0,0,0)","colors_text_link":"rgba(0,0,0,0)"}}},"block_order":["collection_ML4EDB"],"custom_css":["h2 {font-family: serif !important; font-size: 30px; color: #1c4070; font-weight: bold;}"],"settings":{"title":"Clearance Tiles","heading_size":100,"heading_tag":"h2","heading_alignment":"center","subheading":"","text":"","show_view_all":true,"view_all_position":"top","title_size":120,"title_style":"none","enable_desktop_slider":false,"slider_style":"horizontal","swiper_on_mobile":false,"auto_play":false,"change_slides_speed":5,"columns_desktop":5,"rows_desktop":1,"spacing":28,"full_width":false,"show_section_divider":false,"padding_top":28,"padding_bottom":28,"columns_mobile":"2","spacing_mobile":16,"full_width_mobile":false,"show_section_divider_mobile":false,"padding_top_mobile":28,"padding_bottom_mobile":28}},"collection_list_Ed7yUp":{"type":"collection-list","blocks":{"featured_collection_MTKRA9":{"type":"featured_collection","settings":{"collection":"clearance-items"}},"featured_collection_4xWR47":{"type":"featured_collection","settings":{"collection":"gio-porcelain-mosaic-tile-deals"}},"featured_collection_ncPN6x":{"type":"featured_collection","settings":{"collection":"natural-stone-deals"}},"featured_collection_e4UKMm":{"type":"featured_collection","settings":{"collection":"shipping-discount-performance-flooring"}}},"block_order":["featured_collection_MTKRA9","featured_collection_4xWR47","featured_collection_ncPN6x","featured_collection_e4UKMm"],"disabled":true,"custom_css":[".collection-item-title p {font-family: serif !important; font-size: 18px;}","h2 {font-family: serif !important; font-size: 40px; color: #1c4070; font-weight: bold;}"],"settings":{"heading":"Our Current Deals","heading_size":70,"heading_tag":"h2","heading_alignment":"center","show_view_all":false,"background_color_light":"","background_color_dark":"","image_ratio":"square","title_size":50,"show_text_overlay":false,"content_alignment":"center","content_position":"center","image_overlay_opacity":5,"title_color":"rgba(0,0,0,0)","text_light":"rgba(0,0,0,0)","title_color_dark":"rgba(0,0,0,0)","text_dark":"rgba(0,0,0,0)","show_item_count":false,"columns_desktop":4,"columns_mobile":"1","enable_desktop_slider":true,"swiper_on_mobile":true,"spacing":20,"show_section_divider":false,"full_width":false,"padding_top":16,"padding_bottom":16,"spacing_mobile":5,"show_section_divider_mobile":false,"padding_top_mobile":16,"padding_bottom_mobile":16}},"featured_collection_qwa4Je":{"type":"featured-collection","blocks":{"collection_CA7fQJ":{"type":"collection","settings":{"collection":"natural-stone-deals","show_description":true,"description":"","read_more_label":"Read more","show_vendor":false,"show_rating":false,"show_quickview":true,"show_promotion":false,"promotion_position":"left","card_link":"","open_new_window":false,"enable_text_overlay":false,"overlay_opacity":0,"image_ratio":"100","video_url":"","enable_video_autoplay":false,"video_alt_text":"","product_card":"","heading":"Featured collection","heading_size":70,"content":"<p>10% OFF<\/p>","text_size":100,"content_alignment":"center","content_position":"bottom","button_label":"See more","button_link":"","open_new_window_button":false,"show_button_style":"primary","background_color":"rgba(0,0,0,0)","color_text":"rgba(0,0,0,0)","color_button":"rgba(0,0,0,0)","color_text_button":"rgba(0,0,0,0)","color_button_hover":"rgba(0,0,0,0)","color_text_button_hover":"rgba(0,0,0,0)","color_button_secondary":"rgba(0,0,0,0)","secondary_button_text":"rgba(0,0,0,0)","colors_text_link":"rgba(0,0,0,0)"}}},"block_order":["collection_CA7fQJ"],"custom_css":["h2 {font-family: serif !important; font-size: 30px; color: #1c4070; font-weight: bold;}"],"settings":{"title":"Natural Stone Deals","heading_size":100,"heading_tag":"h2","heading_alignment":"center","subheading":"","text":"","show_view_all":true,"view_all_position":"top","title_size":120,"title_style":"none","enable_desktop_slider":true,"slider_style":"horizontal","swiper_on_mobile":false,"auto_play":false,"change_slides_speed":5,"columns_desktop":5,"rows_desktop":2,"spacing":28,"full_width":false,"show_section_divider":false,"padding_top":28,"padding_bottom":28,"columns_mobile":"2","spacing_mobile":16,"full_width_mobile":false,"show_section_divider_mobile":false,"padding_top_mobile":28,"padding_bottom_mobile":28}},"featured_collection_PCB7Xq":{"type":"featured-collection","blocks":{"collection_ehtLdT":{"type":"collection","settings":{"collection":"gio-white-porcelain","show_description":true,"description":"","read_more_label":"Read more","show_vendor":false,"show_rating":false,"show_quickview":true,"show_promotion":false,"promotion_position":"left","card_link":"","open_new_window":false,"enable_text_overlay":false,"overlay_opacity":0,"image_ratio":"100","video_url":"","enable_video_autoplay":false,"video_alt_text":"","product_card":"","heading":"Featured collection","heading_size":70,"content":"<p>10% OFF<\/p>","text_size":100,"content_alignment":"center","content_position":"bottom","button_label":"See more","button_link":"","open_new_window_button":false,"show_button_style":"primary","background_color":"rgba(0,0,0,0)","color_text":"rgba(0,0,0,0)","color_button":"rgba(0,0,0,0)","color_text_button":"rgba(0,0,0,0)","color_button_hover":"rgba(0,0,0,0)","color_text_button_hover":"rgba(0,0,0,0)","color_button_secondary":"rgba(0,0,0,0)","secondary_button_text":"rgba(0,0,0,0)","colors_text_link":"rgba(0,0,0,0)"}}},"block_order":["collection_ehtLdT"],"custom_css":["h2 {font-family: serif !important; font-size: 30px; color: #1c4070; font-weight: bold;}"],"settings":{"title":"Gio Porcelain Mosaic Tile Deals","heading_size":100,"heading_tag":"h2","heading_alignment":"center","subheading":"","text":"","show_view_all":true,"view_all_position":"top","title_size":120,"title_style":"none","enable_desktop_slider":true,"slider_style":"horizontal","swiper_on_mobile":false,"auto_play":false,"change_slides_speed":5,"columns_desktop":5,"rows_desktop":1,"spacing":28,"full_width":false,"show_section_divider":false,"padding_top":28,"padding_bottom":28,"columns_mobile":"2","spacing_mobile":8,"full_width_mobile":false,"show_section_divider_mobile":false,"padding_top_mobile":28,"padding_bottom_mobile":28}},"featured_collection_QqyKNd":{"type":"featured-collection","blocks":{"collection_QrEF7B":{"type":"collection","settings":{"collection":"shipping-discount-performance-flooring","show_description":true,"description":"","read_more_label":"Read more","show_vendor":false,"show_rating":false,"show_quickview":true,"show_promotion":false,"promotion_position":"left","card_link":"","open_new_window":false,"enable_text_overlay":false,"overlay_opacity":0,"image_ratio":"100","video_url":"","enable_video_autoplay":false,"video_alt_text":"","product_card":"","heading":"Featured collection","heading_size":70,"content":"<p>10% OFF<\/p>","text_size":100,"content_alignment":"center","content_position":"bottom","button_label":"See more","button_link":"","open_new_window_button":false,"show_button_style":"primary","background_color":"rgba(0,0,0,0)","color_text":"rgba(0,0,0,0)","color_button":"rgba(0,0,0,0)","color_text_button":"rgba(0,0,0,0)","color_button_hover":"rgba(0,0,0,0)","color_text_button_hover":"rgba(0,0,0,0)","color_button_secondary":"rgba(0,0,0,0)","secondary_button_text":"rgba(0,0,0,0)","colors_text_link":"rgba(0,0,0,0)"}}},"block_order":["collection_QrEF7B"],"custom_css":["h2 {font-family: serif !important; font-size: 30px; color: #1c4070; font-weight: bold;}"],"settings":{"title":"Buy more to save on shipping on our Performance Flooring items!","heading_size":70,"heading_tag":"h2","heading_alignment":"center","subheading":"","text":"","show_view_all":true,"view_all_position":"top","title_size":120,"title_style":"none","enable_desktop_slider":true,"slider_style":"horizontal","swiper_on_mobile":false,"auto_play":false,"change_slides_speed":5,"columns_desktop":5,"rows_desktop":1,"spacing":28,"full_width":false,"show_section_divider":false,"padding_top":28,"padding_bottom":28,"columns_mobile":"2","spacing_mobile":8,"full_width_mobile":false,"show_section_divider_mobile":false,"padding_top_mobile":28,"padding_bottom_mobile":28}},"product-grid":{"type":"main-collection-product-grid","disabled":true,"custom_css":[".sold-by-text {text-align: center !important;}"],"settings":{"collection_label":"{{ collection.metafields.custom.main_collection_name.value }}","collections":"{{ collection.metafields.custom.subcategory.value }}","enable_filtering":true,"filter_alignment":"ACCESSORIES,BORDER,COLOR,CORNER,FIELD TILE,FINISH,MATERIAL,MOLDINGS\/TRIMS,MOSAIC,SIZE,TYPE","sticky_filtering":false,"filter_type":"aside","expand_filter":false,"enable_collection_count":false,"enable_sorting":true,"products_per_page":"21,24,27,30,33,36,39,60","products_per_row_on_desktop":4,"products_per_row_on_mobile":"2","paginate_type":"circle","show_vendor":false,"show_rating":false,"show_quickview":true,"enable_advanced_filter":false,"key_value":"","hide_unavaiable_filter":true,"columns_desktop_1":4,"desktop_image_width_1":150,"columns_desktop_2":4,"desktop_image_width_2":150,"enable_desktop_slider":false,"image_ratio_filter":"square","full_width":true,"spacing_col":30,"spacing_row":60,"padding_top":0,"padding_bottom":100,"spacing_col_mobile":16,"spacing_row_mobile":32,"padding_top_mobile":0,"padding_bottom_mobile":48}}},"order":["otsb_media_with_text_4_r6ziwK","banner","featured_collection_U7tnyB","collection_list_Ed7yUp","featured_collection_qwa4Je","featured_collection_PCB7Xq","featured_collection_QqyKNd","product-grid"]}