{"sections":{"banner":{"type":"main-collection-banner","blocks":{"breadcrumbs":{"type":"breadcrumbs","settings":{"show_breadcrumbs_border":false,"full_width_breadcrumb":true,"desktop_content_alignment":"text-left","mobile_content_alignment":"text-left","background_color_light":"#f8f8f8","text_color_light":"rgba(0,0,0,0)","textlink_color_light":"rgba(0,0,0,0)","background_color_dark":"#171f1e","text_color_dark":"rgba(0,0,0,0)","textlink_color_dark":"rgba(0,0,0,0)"}},"d6d092d4-5c8a-438f-b3f0-5889399797ff":{"type":"description","settings":{"full_width":false,"desktop_content_alignment":"text-left","mobile_content_alignment":"text-left","background_color_light":"rgba(0,0,0,0)","text_color_light":"rgba(0,0,0,0)","background_color_dark":"rgba(0,0,0,0)","text_color_dark":"rgba(0,0,0,0)","padding_top":32,"padding_bottom":32}}},"block_order":["breadcrumbs","d6d092d4-5c8a-438f-b3f0-5889399797ff"],"custom_css":[],"settings":{"show_collection_image":true,"image_overlay_opacity":20,"title_position":"text-center","size_title":170,"full_width_title":false,"desktop_height":"450px","full_width":true,"padding_top":0,"padding_bottom":0,"mobile_height":"300px","full_width_mobile":true,"padding_top_mobile":0,"padding_bottom_mobile":0}},"7a9ae029-b1ea-498e-8792-a8d7fc3170df":{"type":"scrolling-banner","blocks":{"template--15967054626916__7a9ae029-b1ea-498e-8792-a8d7fc3170df-text-1":{"type":"text","settings":{"text":"Autumn Winter Sale","text_size":120,"text_color":"primary","spacing_left":0,"spacing_right":0,"spacing_left_mobile":0,"spacing_right_mobile":0}},"template--15967054626916__7a9ae029-b1ea-498e-8792-a8d7fc3170df-text-2":{"type":"text","settings":{"text":"Use code: EURUSKIDS","text_size":120,"text_color":"primary","spacing_left":0,"spacing_right":0,"spacing_left_mobile":0,"spacing_right_mobile":0}}},"block_order":["template--15967054626916__7a9ae029-b1ea-498e-8792-a8d7fc3170df-text-1","template--15967054626916__7a9ae029-b1ea-498e-8792-a8d7fc3170df-text-2"],"settings":{"show_border":false,"speed":20,"direction":"right","pause_hover":false,"bg_light":"#e46a4b","color_text_light":"#ffffff","color_text_light_2":"rgba(0,0,0,0)","bg_dark":"#e46a4b","color_text_dark":"#ffffff","color_text_dark_2":"rgba(0,0,0,0)","space_block":65,"padding_top":12,"padding_bottom":12,"space_block_mobile":110,"padding_top_mobile":12,"padding_bottom_mobile":12}},"product-grid":{"type":"main-collection-product-grid","settings":{"enable_filtering":true,"sticky_filtering":true,"filter_type":"drawer","enable_collection_count":true,"enable_sorting":true,"products_per_page":"10;20;40","products_per_row_on_desktop":5,"products_per_row_on_mobile":"2","paginate_type":"circle","show_vendor":false,"show_rating":true,"show_quickview":true,"full_width":true,"spacing_col":30,"spacing_row":30,"padding_top":64,"padding_bottom":32,"spacing_col_mobile":20,"spacing_row_mobile":20,"padding_top_mobile":40,"padding_bottom_mobile":20}},"9362c7f3-bf17-4a32-8270-b82ec63f667e":{"type":"media-gallery","blocks":{"template--15967054626916__9362c7f3-bf17-4a32-8270-b82ec63f667e-media-1":{"type":"media","settings":{"image":"","image_link":"","open_new_window":false,"video_url":"","enable_video_autoplay":true,"video_alt_text":"","content_position":"bottom","overlay_opacity":20,"number_of_columns":1,"number_of_row":1,"title":"Upto 30% Off Collection","title_size":70,"text":"","text_size":130,"text_align":"center","button_label":"Discovery Now","button_link":"","open_new_window_button":false,"color_overlay":"rgba(0,0,0,0)","title_color":"#ffffff","text_color":"#2cb29b","color_button":"#2cb29b","background_button":"#ffffff","color_button_hover":"rgba(0,0,0,0)","background_button_hover":"rgba(0,0,0,0)"}},"template--15967054626916__9362c7f3-bf17-4a32-8270-b82ec63f667e-media-2":{"type":"media","settings":{"image":"","image_link":"","open_new_window":false,"video_url":"","enable_video_autoplay":true,"video_alt_text":"","content_position":"bottom","overlay_opacity":20,"number_of_columns":1,"number_of_row":1,"title":"Upto 70% Off Collection","title_size":70,"text":"","text_size":130,"text_align":"center","button_label":"Discovery Now","button_link":"","open_new_window_button":false,"color_overlay":"rgba(0,0,0,0)","title_color":"#ffffff","text_color":"#ffffff","color_button":"#2cb29b","background_button":"#ffffff","color_button_hover":"rgba(0,0,0,0)","background_button_hover":"rgba(0,0,0,0)"}},"template--15967054626916__9362c7f3-bf17-4a32-8270-b82ec63f667e-media-3":{"type":"media","settings":{"image":"","image_link":"","open_new_window":false,"video_url":"","enable_video_autoplay":true,"video_alt_text":"","content_position":"bottom","overlay_opacity":20,"number_of_columns":1,"number_of_row":1,"title":"Upto 50% Off Collection","title_size":70,"text":"","text_size":130,"text_align":"center","button_label":"Discovery Now","button_link":"","open_new_window_button":false,"color_overlay":"rgba(0,0,0,0)","title_color":"#ffffff","text_color":"#2cb29b","color_button":"#2cb29b","background_button":"#ffffff","color_button_hover":"rgba(0,0,0,0)","background_button_hover":"rgba(0,0,0,0)"}},"972b61bf-b997-45af-b09b-64fbe08bcbcb":{"type":"media","settings":{"image":"","image_link":"","open_new_window":false,"video_url":"","enable_video_autoplay":true,"video_alt_text":"","content_position":"bottom","overlay_opacity":20,"number_of_columns":1,"number_of_row":1,"title":"Upto 10% Off Collection","title_size":70,"text":"","text_size":130,"text_align":"center","button_label":"Discovery Now","button_link":"","open_new_window_button":false,"color_overlay":"rgba(0,0,0,0)","title_color":"#ffffff","text_color":"#ffffff","color_button":"#2cb29b","background_button":"#ffffff","color_button_hover":"rgba(0,0,0,0)","background_button_hover":"rgba(0,0,0,0)"}}},"block_order":["template--15967054626916__9362c7f3-bf17-4a32-8270-b82ec63f667e-media-1","template--15967054626916__9362c7f3-bf17-4a32-8270-b82ec63f667e-media-2","template--15967054626916__9362c7f3-bf17-4a32-8270-b82ec63f667e-media-3","972b61bf-b997-45af-b09b-64fbe08bcbcb"],"settings":{"heading":"BEST DEALS","heading_size":80,"heading_alignment":"left","max_columns":4,"spacing":30,"height_desktop":350,"show_section_divider":false,"full_width":true,"padding_full_width":true,"padding_top":32,"padding_bottom":32,"min_columns_mobile":"2","spacing_mobile":20,"height_mobile":250,"show_section_divider_mobile":false,"full_width_mobile":false,"padding_top_mobile":20,"padding_bottom_mobile":32}},"e2ec2fa6-f8c7-48d9-b09f-4aa270cfb1c3":{"type":"media-gallery","blocks":{"template--15967054626916__e2ec2fa6-f8c7-48d9-b09f-4aa270cfb1c3-media-1":{"type":"media","settings":{"image":"","image_link":"","open_new_window":false,"video_url":"","enable_video_autoplay":true,"video_alt_text":"","content_position":"center","overlay_opacity":0,"number_of_columns":2,"number_of_row":2,"title":"","title_size":80,"text":"","text_size":130,"text_align":"center","button_label":"","button_link":"","open_new_window_button":false,"color_overlay":"rgba(0,0,0,0)","title_color":"rgba(0,0,0,0)","text_color":"rgba(0,0,0,0)","color_button":"rgba(0,0,0,0)","background_button":"rgba(0,0,0,0)","color_button_hover":"rgba(0,0,0,0)","background_button_hover":"rgba(0,0,0,0)"}},"template--15967054626916__e2ec2fa6-f8c7-48d9-b09f-4aa270cfb1c3-media-2":{"type":"media","settings":{"image":"","image_link":"","open_new_window":false,"video_url":"","enable_video_autoplay":true,"video_alt_text":"","content_position":"center","overlay_opacity":0,"number_of_columns":1,"number_of_row":1,"title":"","title_size":80,"text":"","text_size":130,"text_align":"center","button_label":"","button_link":"","open_new_window_button":false,"color_overlay":"rgba(0,0,0,0)","title_color":"rgba(0,0,0,0)","text_color":"rgba(0,0,0,0)","color_button":"rgba(0,0,0,0)","background_button":"rgba(0,0,0,0)","color_button_hover":"rgba(0,0,0,0)","background_button_hover":"rgba(0,0,0,0)"}},"template--15967054626916__e2ec2fa6-f8c7-48d9-b09f-4aa270cfb1c3-media-3":{"type":"media","settings":{"image":"","image_link":"","open_new_window":false,"video_url":"","enable_video_autoplay":true,"video_alt_text":"","content_position":"center","overlay_opacity":0,"number_of_columns":2,"number_of_row":2,"title":"","title_size":80,"text":"","text_size":130,"text_align":"center","button_label":"","button_link":"","open_new_window_button":false,"color_overlay":"rgba(0,0,0,0)","title_color":"rgba(0,0,0,0)","text_color":"rgba(0,0,0,0)","color_button":"rgba(0,0,0,0)","background_button":"rgba(0,0,0,0)","color_button_hover":"rgba(0,0,0,0)","background_button_hover":"rgba(0,0,0,0)"}},"0df9ae75-b130-46ad-bed5-b1da2ab07d82":{"type":"media","settings":{"image":"","image_link":"","open_new_window":false,"video_url":"","enable_video_autoplay":true,"video_alt_text":"","content_position":"center","overlay_opacity":0,"number_of_columns":1,"number_of_row":1,"title":"","title_size":80,"text":"","text_size":130,"text_align":"center","button_label":"","button_link":"","open_new_window_button":false,"color_overlay":"rgba(0,0,0,0)","title_color":"rgba(0,0,0,0)","text_color":"rgba(0,0,0,0)","color_button":"rgba(0,0,0,0)","background_button":"rgba(0,0,0,0)","color_button_hover":"rgba(0,0,0,0)","background_button_hover":"rgba(0,0,0,0)"}},"c803fa49-4bd7-41d7-895c-64c5aad1844f":{"type":"media","settings":{"image":"","image_link":"","open_new_window":false,"video_url":"","enable_video_autoplay":true,"video_alt_text":"","content_position":"center","overlay_opacity":0,"number_of_columns":1,"number_of_row":1,"title":"","title_size":80,"text":"","text_size":130,"text_align":"center","button_label":"","button_link":"","open_new_window_button":false,"color_overlay":"rgba(0,0,0,0)","title_color":"rgba(0,0,0,0)","text_color":"rgba(0,0,0,0)","color_button":"rgba(0,0,0,0)","background_button":"rgba(0,0,0,0)","color_button_hover":"rgba(0,0,0,0)","background_button_hover":"rgba(0,0,0,0)"}},"60758750-fc0d-41e6-bff4-812fbac43998":{"type":"media","settings":{"image":"","image_link":"","open_new_window":false,"video_url":"","enable_video_autoplay":true,"video_alt_text":"","content_position":"center","overlay_opacity":0,"number_of_columns":1,"number_of_row":1,"title":"","title_size":80,"text":"","text_size":130,"text_align":"center","button_label":"","button_link":"","open_new_window_button":false,"color_overlay":"rgba(0,0,0,0)","title_color":"rgba(0,0,0,0)","text_color":"rgba(0,0,0,0)","color_button":"rgba(0,0,0,0)","background_button":"rgba(0,0,0,0)","color_button_hover":"rgba(0,0,0,0)","background_button_hover":"rgba(0,0,0,0)"}}},"block_order":["template--15967054626916__e2ec2fa6-f8c7-48d9-b09f-4aa270cfb1c3-media-1","template--15967054626916__e2ec2fa6-f8c7-48d9-b09f-4aa270cfb1c3-media-2","template--15967054626916__e2ec2fa6-f8c7-48d9-b09f-4aa270cfb1c3-media-3","0df9ae75-b130-46ad-bed5-b1da2ab07d82","c803fa49-4bd7-41d7-895c-64c5aad1844f","60758750-fc0d-41e6-bff4-812fbac43998"],"settings":{"heading":"JOIN US OF #EURUSKIDS INSTAGRAM","heading_size":80,"heading_alignment":"left","max_columns":6,"spacing":4,"height_desktop":300,"show_section_divider":false,"full_width":true,"padding_full_width":true,"padding_top":32,"padding_bottom":0,"min_columns_mobile":"1","spacing_mobile":4,"height_mobile":250,"show_section_divider_mobile":false,"full_width_mobile":false,"padding_top_mobile":32,"padding_bottom_mobile":20}}},"order":["banner","7a9ae029-b1ea-498e-8792-a8d7fc3170df","product-grid","9362c7f3-bf17-4a32-8270-b82ec63f667e","e2ec2fa6-f8c7-48d9-b09f-4aa270cfb1c3"]}