{"sections":{"banner":{"type":"main-collection-banner","blocks":{"breadcrumbs":{"type":"breadcrumbs","settings":{"show_breadcrumbs_border":true,"full_width_breadcrumb":false,"desktop_content_alignment":"text-left","mobile_content_alignment":"text-left","background_color_light":"#f8f8f8","text_color_light":"rgba(0,0,0,0)","textlink_color_light":"rgba(0,0,0,0)","background_color_dark":"#171f1e","text_color_dark":"rgba(0,0,0,0)","textlink_color_dark":"rgba(0,0,0,0)"}},"a979fcda-0be4-4397-884b-7743b7b6e5b7":{"type":"description","settings":{"full_width":false,"desktop_content_alignment":"text-center","mobile_content_alignment":"text-center","background_color_light":"rgba(0,0,0,0)","text_color_light":"rgba(0,0,0,0)","background_color_dark":"rgba(0,0,0,0)","text_color_dark":"rgba(0,0,0,0)","padding_top":32,"padding_bottom":32}}},"block_order":["breadcrumbs","a979fcda-0be4-4397-884b-7743b7b6e5b7"],"custom_css":[],"settings":{"show_collection_image":true,"image_overlay_opacity":20,"title_position":"text-center","size_title":170,"full_width_title":true,"desktop_height":"450px","full_width":true,"padding_top":0,"padding_bottom":32,"mobile_height":"300px","full_width_mobile":true,"padding_top_mobile":0,"padding_bottom_mobile":20}},"82dfdaa3-4415-4564-99f3-1b204e64b7ab":{"type":"collection-list","blocks":{"template--15966942822500__82dfdaa3-4415-4564-99f3-1b204e64b7ab-featured_collection-1":{"type":"featured_collection","settings":{"collection":"get-more-save-more"}},"template--15966942822500__82dfdaa3-4415-4564-99f3-1b204e64b7ab-featured_collection-2":{"type":"featured_collection","settings":{"collection":"get-more-save-more"}},"template--15966942822500__82dfdaa3-4415-4564-99f3-1b204e64b7ab-featured_collection-3":{"type":"featured_collection","settings":{"collection":"get-more-save-more"}},"template--15966942822500__82dfdaa3-4415-4564-99f3-1b204e64b7ab-featured_collection-4":{"type":"featured_collection","settings":{"collection":"get-more-save-more"}},"2daa461d-1829-492d-b1f1-a6b9b174f080":{"type":"featured_collection","settings":{"collection":"get-more-save-more"}},"5dc1a126-88a0-4a21-8a3a-0e9df22c3418":{"type":"featured_collection","settings":{"collection":"get-more-save-more"}}},"block_order":["template--15966942822500__82dfdaa3-4415-4564-99f3-1b204e64b7ab-featured_collection-1","template--15966942822500__82dfdaa3-4415-4564-99f3-1b204e64b7ab-featured_collection-2","template--15966942822500__82dfdaa3-4415-4564-99f3-1b204e64b7ab-featured_collection-3","template--15966942822500__82dfdaa3-4415-4564-99f3-1b204e64b7ab-featured_collection-4","2daa461d-1829-492d-b1f1-a6b9b174f080","5dc1a126-88a0-4a21-8a3a-0e9df22c3418"],"settings":{"heading":"EXPLORE THE LATEST COLLECTION","heading_size":80,"heading_alignment":"center","show_view_all":false,"background_color_light":"","background_color_dark":"","image_ratio":"round","title_size":80,"show_text_overlay":false,"content_alignment":"center","content_position":"bottom","image_overlay_opacity":20,"title_color":"rgba(0,0,0,0)","text_light":"rgba(0,0,0,0)","title_color_dark":"rgba(0,0,0,0)","text_dark":"rgba(0,0,0,0)","show_item_count":true,"columns_desktop":6,"columns_mobile":"2","enable_desktop_slider":false,"swiper_on_mobile":true,"spacing":30,"show_section_divider":false,"full_width":false,"padding_top":32,"padding_bottom":32,"spacing_mobile":20,"show_section_divider_mobile":false,"padding_top_mobile":20,"padding_bottom_mobile":20}},"product-grid":{"type":"main-collection-product-grid","blocks":{"e9213dc2-4ebd-4960-b9a9-53251ef1d8a6":{"type":"promotion_block","settings":{"heading":"Upto 70% Off Collection","title_size":70,"content":"<p>Cool Fashion Collection for Cool Kids All Items<\/p>","text_size":90,"image":"","image_overlay_opacity":10,"position":4,"button_label":"Shop Now","button_link":"","open_new_window":false,"alignment":"left","content_position":"end","background_color_light":"rgba(0,0,0,0)","text_color_light":"rgba(0,0,0,0)","background_color_dark":"rgba(0,0,0,0)","text_color_dark":"rgba(0,0,0,0)","color_button":"#ffffff","color_text_button":"#2cb29b","color_button_hover":"rgba(0,0,0,0)","color_text_button_hover":"rgba(0,0,0,0)","color_button_secondary":"rgba(0,0,0,0)"}}},"block_order":["e9213dc2-4ebd-4960-b9a9-53251ef1d8a6"],"settings":{"enable_filtering":true,"sticky_filtering":true,"filter_type":"aside","enable_collection_count":true,"enable_sorting":true,"products_per_page":"7;15;31","products_per_row_on_desktop":4,"products_per_row_on_mobile":"2","paginate_type":"circle","show_vendor":false,"show_rating":true,"show_quickview":true,"full_width":false,"spacing_col":28,"spacing_row":64,"padding_top":0,"padding_bottom":56,"spacing_col_mobile":16,"spacing_row_mobile":32,"padding_top_mobile":0,"padding_bottom_mobile":48}},"899cc50e-39b2-4cc9-bee0-754f3706b158":{"type":"multicolumn","blocks":{"template--15966408441956__899cc50e-39b2-4cc9-bee0-754f3706b158-column-1":{"type":"column","settings":{"icon":"packages","custom_icon":"","title":"FREE RETURNS","title_link":"","open_new_window":false,"heading_size":100,"text":"<p>Returns within 30 days receive a full refund.<\/p>"}},"template--15966408441956__899cc50e-39b2-4cc9-bee0-754f3706b158-column-2":{"type":"column","settings":{"icon":"planet","custom_icon":"","title":"WORLDWIDE SHIPPING","title_link":"","open_new_window":false,"heading_size":100,"text":"<p>Ship anywhere, rates available at checkout<\/p>"}},"template--15966408441956__899cc50e-39b2-4cc9-bee0-754f3706b158-column-3":{"type":"column","settings":{"icon":"shop-alt","custom_icon":"","title":"24\/7 SUPPORT","title_link":"","open_new_window":false,"heading_size":100,"text":"<p>Call us anytime at 1(900) 777-1234<\/p>"}},"template--15966408441956__899cc50e-39b2-4cc9-bee0-754f3706b158-column-4":{"type":"column","settings":{"icon":"tag","custom_icon":"","title":"REFER A FRIEND","title_link":"","open_new_window":false,"heading_size":100,"text":"<p>Refer a friend and get 15% off each other<\/p>"}}},"block_order":["template--15966408441956__899cc50e-39b2-4cc9-bee0-754f3706b158-column-1","template--15966408441956__899cc50e-39b2-4cc9-bee0-754f3706b158-column-2","template--15966408441956__899cc50e-39b2-4cc9-bee0-754f3706b158-column-3","template--15966408441956__899cc50e-39b2-4cc9-bee0-754f3706b158-column-4"],"settings":{"title":"","heading_size":100,"secondary_background":"column","border_column":"column","column_content_alignment":"center","icon_position":"above","icon_size":40,"enable_desktop_slider":false,"swiper_on_mobile":true,"change_bar_every":5,"background_color_light":"#f8f8f8","heading_light":"#0a1e33","text_light":"#334354","line_border_light":"#d7e5e5","color_icon_light":"#2cb29b","background_color_dark":"#171f1e","heading_dark":"#ffffff","text_dark":"#b6cdcc","line_border_dark":"#739b99","color_icon_dark":"#2cb29b","column_layout_desktop":"lg:w-1\/4","section_height_desktop":"md:py-7","spacing_desktop":28,"full_width":false,"show_section_divider":false,"padding_top":28,"padding_bottom":28,"column_layout_mobile":"w-full","section_height_mobile":"py-5","spacing_mobile":0,"full_width_mobile":false,"show_section_divider_mobile":false,"padding_top_mobile":20,"padding_bottom_mobile":20}},"a091b16c-770f-4e49-9c5b-1264c6abfa37":{"type":"slideshow","blocks":{"template--15966942822500__a091b16c-770f-4e49-9c5b-1264c6abfa37-slide-1":{"type":"slide","settings":{"image":"","image_mobile":"","overlay_opacity":0,"subheading":"","heading":"New sesson, new arrival","heading_size":170,"text":"<p>Sale Minium 25% Discount Or Up 75% Off On A Big Range Of Products<\/p>","button_label_1":"DISCOVER NOW","button_link_1":"","open_new_window_button":false,"button_label_2":"","button_link_2":"","open_new_window_button_2":false,"content_alignment":"middle-center","custom_horizontal":50,"custom_vertical":50,"color_text":"rgba(0,0,0,0)","color_button":"#ffffff","color_text_button":"#2cb29b","color_button_hover":"rgba(0,0,0,0)","color_text_button_hover":"rgba(0,0,0,0)","color_button_secondary":"rgba(0,0,0,0)"}}},"block_order":["template--15966942822500__a091b16c-770f-4e49-9c5b-1264c6abfa37-slide-1"],"settings":{"show_hero":false,"auto_play":true,"change_slides_speed":5,"show_arrow":true,"slider_visual":"bars","transition_style":"fade","full_width":true,"padding_full_width":false,"rounded_corner_image":false,"desktop_height":"550","padding_top":0,"padding_bottom":0,"full_width_mobile":true,"rounded_corner_image_mobile":false,"mobile_height":"300","padding_top_mobile":0,"padding_bottom_mobile":0}}},"order":["banner","82dfdaa3-4415-4564-99f3-1b204e64b7ab","product-grid","899cc50e-39b2-4cc9-bee0-754f3706b158","a091b16c-770f-4e49-9c5b-1264c6abfa37"]}