{"sections":{"banner":{"type":"main-collection-banner","blocks":{"breadcrumbs":{"type":"breadcrumbs","settings":{"show_breadcrumbs_border":false,"full_width_breadcrumb":true,"desktop_content_alignment":"text-center","mobile_content_alignment":"text-center","background_color_light":"#f2f2f2","text_color_light":"rgba(0,0,0,0)","textlink_color_light":"rgba(0,0,0,0)","background_color_dark":"#313131","text_color_dark":"rgba(0,0,0,0)","textlink_color_dark":"rgba(0,0,0,0)"}},"description":{"type":"description","disabled":true,"settings":{"read_more_label":"Read more","full_width":true,"desktop_content_alignment":"text-center","mobile_content_alignment":"text-center","background_color_light":"rgba(0,0,0,0)","text_color_light":"rgba(0,0,0,0)","background_color_dark":"rgba(0,0,0,0)","text_color_dark":"rgba(0,0,0,0)","padding_top":60,"padding_bottom":0}}},"block_order":["breadcrumbs","description"],"settings":{"show_collection_image":false,"image_overlay_opacity":20,"show_collection_name":false,"title_position":"text-center","size_title":110,"heading_tag":"h1","full_width_title":true,"desktop_height":"550px","full_width":true,"padding_top":0,"padding_bottom":0,"mobile_height":"300px","full_width_mobile":true,"padding_top_mobile":0,"padding_bottom_mobile":0}},"ss_slider_2_UAcQCg":{"type":"ss-slider-2","blocks":{"slide_kjRHdp":{"type":"slide","settings":{"image":"shopify:\/\/shop_images\/12-X-24-Mystic-Beige-Matte-Onyx-Look-Porcelain-Tile-PORCELAIN-Large-Format-American-Tile-Depot.jpg","title":"","button":"Beige","url":"shopify:\/\/collections\/tile-beige"}},"slide_jbQgPx":{"type":"slide","settings":{"image":"shopify:\/\/shop_images\/24-X-48-Prexious-Thunder-Night-Matte-Marble-Look-Porcelain-Tile-PORCELAIN-Large-Format-American-Tile-Depot-2_052662d3-7eb4-4557-8f54-3a7972037698.jpg","title":"","button":"Black","url":"shopify:\/\/collections\/tile-black"}},"slide_qEteDn":{"type":"slide","settings":{"image":"shopify:\/\/shop_images\/30-X-30-Crash-Blue-Porcelain-Field-Tile-Porcelain-Tile-Large-Formate-American-Tile-Depot.jpg","title":"","button":"Blue","url":"shopify:\/\/collections\/tile-blue"}},"slide_gVHyd7":{"type":"slide","settings":{"image":"shopify:\/\/shop_images\/24-X-48-Reves-Choco-Glossy-Onyx-Look-Porcelain-Tile-PORCELAIN-Large-Format-American-Tile-Depot-10.jpg","title":"","button":"Brown","url":"shopify:\/\/collections\/tile-brown"}},"slide_jFcXbV":{"type":"slide","settings":{"image":"shopify:\/\/shop_images\/12-X-24-Mystic-Pearl-Polished-Onyx-Look-Porcelain-Tile-PORCELAIN-Large-Format-American-Tile-Depot-10.jpg","title":"","button":"Gray","url":"shopify:\/\/collections\/tile-gray"}},"slide_dzNMG4":{"type":"slide","settings":{"image":"shopify:\/\/shop_images\/24-X-48-Reves-Jade-Matte-Onyx-Look-Porcelain-Tile-PORCELAIN-Large-Format-American-Tile-Depot-9_96cef3eb-7bba-40f3-97f4-3793baa2cec9.jpg","title":"","button":"Green","url":"shopify:\/\/collections\/tile-green"}},"slide_gktYiw":{"type":"slide","settings":{"image":"shopify:\/\/shop_images\/24-X-48-Mystic-Ivory-Polished-Onyx-Look-Porcelain-Tile-PORCELAIN-Large-Format-American-Tile-Depot-10.jpg","title":"","button":"Ivory","url":"shopify:\/\/collections\/tile-ivory"}},"slide_yDqfjy":{"type":"slide","settings":{"image":"shopify:\/\/shop_images\/Arrow-Beach-Elongated-Hexagon-Glass-Mosaic-Tile-Glass-Mosaic-American-Tile-Depot-4.jpg","title":"","button":"Multi-color","url":"shopify:\/\/collections\/tile-multi-color"}},"slide_DjjgGF":{"type":"slide","settings":{"image":"shopify:\/\/shop_images\/24-X-48-Reves-Rose-Matte-Onyx-Look-Porcelain-Tile-PORCELAIN-Large-Format-American-Tile-Depot-6_13c7c35c-28cb-405f-bca9-f525bf686297.jpg","title":"","button":"Pink","url":"shopify:\/\/collections\/tile-pink"}},"slide_czHxyB":{"type":"slide","settings":{"image":"shopify:\/\/shop_images\/24-X-48-Dripart-Copper-Matte-Metal-Look-Porcelain-Tile-PORCELAIN-Large-Format-American-Tile-Depot-13.jpg","title":"","button":"Red","url":"shopify:\/\/collections\/tile-red-1"}},"slide_4LqDTf":{"type":"slide","settings":{"image":"shopify:\/\/shop_images\/Gio-White-Matte-1-X-6-Stacked-Linear-Porcelain-Mosaic-Tile-SALE-Porcelain-Mosaic-American-Tile-Depot-7.jpg","title":"","button":"White","url":"shopify:\/\/collections\/tile-white"}},"slide_P4Ehyq":{"type":"slide","settings":{"image":"shopify:\/\/shop_images\/3-X-12-Golden-Rock-Marble-Look-Glass-Subway-Tile-Glass-Tile-American-Tile-Depot.jpg","title":"","button":"Yellow","url":"shopify:\/\/collections\/tile-gold-yellow"}}},"block_order":["slide_kjRHdp","slide_jbQgPx","slide_qEteDn","slide_gVHyd7","slide_jFcXbV","slide_dzNMG4","slide_gktYiw","slide_yDqfjy","slide_DjjgGF","slide_czHxyB","slide_4LqDTf","slide_P4Ehyq"],"settings":{"slider_view":5,"slider_view_mobile":1.5,"slider_rotate":20,"card_padding_vertical":6,"card_padding_vertical_mobile":4,"card_padding_horizontal":40,"card_padding_horizontal_mobile":30,"card_radius":16,"card_border_thickness":0,"card_shadow":true,"card_ratio":"portrait","card_ratio_mobile":"portrait","card_overlay":0,"content_horizontal_position":"center","content_horizontal_position_mobile":"center","content_vertical_position":"end","content_vertical_position_mobile":"end","title_custom":true,"title_font":"josefin_sans_n7","title_size":28,"title_size_mobile":18,"title_height":100,"button_custom":true,"button_font":"josefin_sans_n4","button_size":18,"button_size_mobile":14,"button_height":100,"button_mt":16,"button_padding_vertical":12,"button_padding_horizontal":20,"button_radius":8,"button_border_thickness":1,"arrow_size":50,"arrow_size_mobile":32,"arrow_icon_size":20,"arrow_icon_size_mobile":12,"arrow_border_thickness":0,"arrow_show_desktop":true,"arrow_show_mobile":true,"card_border_color":"#000000","card_shadow_color":"#000000","card_overlay_color":"#000000","title_color":"#ffffff","button_color":"#1c4170","button_hover_color":"#ffffff","button_bg_color":"#e1e7f5","button_bg_hover_color":"#1c4170","button_border_color":"#ffffff","button_border_hover_color":"#ffffff","arrow_color":"#000000","arrow_hover_color":"#ffffff","arrow_bg_color":"#ffffff","arrow_bg_hover_color":"#000000","arrow_border_color":"#000000","arrow_border_hover_color":"#454545","background_color":"#ffffff","background_gradient":"","border_color":"#000000","margin_top":0,"margin_bottom":0,"padding_top":36,"padding_bottom":36,"padding_horizontal":0,"padding_horizontal_mobile":0,"full_width":true,"content_width":120,"border_thickness":0,"lazy":false}},"product-grid":{"type":"main-collection-product-grid","custom_css":[".sold-by-text {text-align: center !important;}"],"settings":{"collection_label":"{{ collection.metafields.custom.main_collection_name.value }}","collections":"{{ collection.metafields.custom.subcategory.value }}","enable_filtering":true,"filter_alignment":"ACCESSORIES,BORDER,COLOR,CORNER,FIELD TILE,FINISH,MATERIAL,MOLDINGS\/TRIMS,MOSAIC,SIZE,TYPE","sticky_filtering":false,"filter_type":"aside","expand_filter":false,"enable_collection_count":false,"enable_sorting":true,"products_per_page":"21,24,27,30,33,36,39,60","products_per_row_on_desktop":4,"products_per_row_on_mobile":"2","paginate_type":"circle","show_vendor":false,"show_rating":false,"show_quickview":true,"enable_advanced_filter":false,"key_value":"","hide_unavaiable_filter":true,"columns_desktop_1":4,"desktop_image_width_1":150,"columns_desktop_2":4,"desktop_image_width_2":150,"enable_desktop_slider":false,"image_ratio_filter":"square","full_width":true,"spacing_col":30,"spacing_row":60,"padding_top":0,"padding_bottom":100,"spacing_col_mobile":16,"spacing_row_mobile":32,"padding_top_mobile":0,"padding_bottom_mobile":48}},"custom_liquid_VB9diN":{"type":"custom-liquid","settings":{"custom_liquid":"<div class=\"elfsight-sapp-0506b398-b409-4d76-93bb-a1733c635d46\"><\/div>","full_width":true,"show_section_divider":true,"padding_top":28,"padding_bottom":28,"full_width_mobile":false,"show_section_divider_mobile":false,"padding_top_mobile":28,"padding_bottom_mobile":28}}},"order":["banner","ss_slider_2_UAcQCg","product-grid","custom_liquid_VB9diN"]}