{"sections":{"banner":{"type":"main-collection-banner","blocks":{"breadcrumbs":{"type":"breadcrumbs","settings":{"show_breadcrumbs_border":true,"full_width_breadcrumb":true,"desktop_content_alignment":"text-center","mobile_content_alignment":"text-center","background_color_light":"rgba(0,0,0,0)","text_color_light":"rgba(0,0,0,0)","textlink_color_light":"rgba(0,0,0,0)","background_color_dark":"rgba(0,0,0,0)","text_color_dark":"rgba(0,0,0,0)","textlink_color_dark":"rgba(0,0,0,0)"}},"description":{"type":"description","settings":{"number_of_lines_shown":2,"read_more_label":"Read more","full_width":true,"desktop_content_alignment":"text-center","mobile_content_alignment":"text-center","background_color_light":"rgba(0,0,0,0)","text_color_light":"rgba(0,0,0,0)","background_color_dark":"rgba(0,0,0,0)","text_color_dark":"rgba(0,0,0,0)","padding_top":16,"padding_bottom":20}}},"block_order":["breadcrumbs","description"],"settings":{"show_collection_image":true,"image_overlay_opacity":20,"show_collection_name":true,"title_position":"text-center","size_title":170,"heading_tag":"h2","full_width_title":true,"desktop_height":"450px","full_width":true,"padding_top":0,"padding_bottom":20,"mobile_height":"300px","full_width_mobile":true,"padding_top_mobile":0,"padding_bottom_mobile":4}},"product-grid":{"type":"main-collection-product-grid","blocks":{"promotion_block_6fgFA3":{"type":"promotion_block","settings":{"subheading":"BESTSELLERS","heading":"Super Sale!Up To 80% Off","title_size":80,"content":"","text_size":100,"image_overlay_opacity":0,"position":9,"button_label":"Button label","button_link":"","open_new_window":false,"show_button_style":"text-link","alignment":"center","content_position":"center","background_color_light":"rgba(0,0,0,0)","text_color_light":"#ffffff","background_color_dark":"#2a2a2a","text_color_dark":"#ffffff","color_button":"rgba(0,0,0,0)","color_text_button":"rgba(0,0,0,0)","color_button_hover":"rgba(0,0,0,0)","color_text_button_hover":"rgba(0,0,0,0)","color_button_secondary":"rgba(0,0,0,0)","secondary_button_text":"rgba(0,0,0,0)","colors_text_link":"#ffffff","number_of_columns":2,"number_of_row":1,"number_of_columns_mobile":"1","number_of_row_mobile":"1"}}},"block_order":["promotion_block_6fgFA3"],"settings":{"enable_filtering":true,"sticky_filtering":false,"filter_type":"drawer","expand_filter":false,"enable_collection_count":true,"enable_sorting":true,"products_per_page":"13;18;23","products_per_row_on_desktop":5,"products_per_row_on_mobile":"2","paginate_type":"underline","show_vendor":false,"show_rating":true,"show_quickview":true,"enable_advanced_filter":true,"key_value":"","hide_unavaiable_filter":true,"columns_desktop_1":10,"desktop_image_width_1":110,"columns_desktop_2":8,"desktop_image_width_2":150,"enable_desktop_slider":false,"image_ratio_filter":"round","full_width":true,"spacing_col":5,"spacing_row":5,"padding_top":0,"padding_bottom":40,"spacing_col_mobile":5,"spacing_row_mobile":5,"padding_top_mobile":0,"padding_bottom_mobile":24}},"media_gallery_BTUfDD":{"type":"media-gallery","blocks":{"media_fqGFbD":{"type":"media","settings":{"image_link":"","open_new_window":false,"video_url":"","enable_video_autoplay":true,"video_alt_text":"","enable_content_overlay":true,"content_position":"bottom","overlay_opacity":0,"number_of_columns":1,"number_of_row":2,"icon":"none","custom_icon":"","icon_size":45,"sub_title":"","title":"Bags","title_size":80,"text":"","text_size":130,"text_align":"center","media_position":"top","button_label":"Button label","button_link":"","open_new_window_button":false,"show_button_style":"text-link","color_overlay":"rgba(0,0,0,0)","title_color":"#ffffff","text_color":"rgba(0,0,0,0)","color_button":"rgba(0,0,0,0)","background_button":"rgba(0,0,0,0)","color_button_hover":"rgba(0,0,0,0)","background_button_hover":"rgba(0,0,0,0)","color_button_secondary":"rgba(0,0,0,0)","secondary_button_text":"rgba(0,0,0,0)","colors_text_link":"#ffffff"}},"media_BCTqki":{"type":"media","settings":{"image_link":"","open_new_window":false,"video_url":"","enable_video_autoplay":true,"video_alt_text":"","enable_content_overlay":true,"content_position":"bottom","overlay_opacity":0,"number_of_columns":1,"number_of_row":2,"icon":"none","custom_icon":"","icon_size":45,"sub_title":"","title":"Shoes","title_size":80,"text":"","text_size":130,"text_align":"center","media_position":"top","button_label":"Button label","button_link":"","open_new_window_button":false,"show_button_style":"text-link","color_overlay":"rgba(0,0,0,0)","title_color":"#ffffff","text_color":"rgba(0,0,0,0)","color_button":"rgba(0,0,0,0)","background_button":"rgba(0,0,0,0)","color_button_hover":"rgba(0,0,0,0)","background_button_hover":"rgba(0,0,0,0)","color_button_secondary":"rgba(0,0,0,0)","secondary_button_text":"rgba(0,0,0,0)","colors_text_link":"#ffffff"}},"media_fxNCHg":{"type":"media","settings":{"image_link":"","open_new_window":false,"video_url":"","enable_video_autoplay":true,"video_alt_text":"","enable_content_overlay":true,"content_position":"bottom","overlay_opacity":0,"number_of_columns":1,"number_of_row":2,"icon":"none","custom_icon":"","icon_size":45,"sub_title":"","title":"Clothing","title_size":80,"text":"","text_size":130,"text_align":"center","media_position":"top","button_label":"Button label","button_link":"","open_new_window_button":false,"show_button_style":"text-link","color_overlay":"rgba(0,0,0,0)","title_color":"#ffffff","text_color":"rgba(0,0,0,0)","color_button":"rgba(0,0,0,0)","background_button":"rgba(0,0,0,0)","color_button_hover":"rgba(0,0,0,0)","background_button_hover":"rgba(0,0,0,0)","color_button_secondary":"rgba(0,0,0,0)","secondary_button_text":"rgba(0,0,0,0)","colors_text_link":"#ffffff"}},"media_btaqd3":{"type":"media","settings":{"image_link":"","open_new_window":false,"video_url":"","enable_video_autoplay":true,"video_alt_text":"","enable_content_overlay":true,"content_position":"bottom","overlay_opacity":0,"number_of_columns":1,"number_of_row":2,"icon":"none","custom_icon":"","icon_size":45,"sub_title":"","title":"Accessories","title_size":80,"text":"","text_size":130,"text_align":"center","media_position":"top","button_label":"Button label","button_link":"","open_new_window_button":false,"show_button_style":"text-link","color_overlay":"rgba(0,0,0,0)","title_color":"#ffffff","text_color":"rgba(0,0,0,0)","color_button":"rgba(0,0,0,0)","background_button":"rgba(0,0,0,0)","color_button_hover":"rgba(0,0,0,0)","background_button_hover":"rgba(0,0,0,0)","color_button_secondary":"rgba(0,0,0,0)","secondary_button_text":"rgba(0,0,0,0)","colors_text_link":"#ffffff"}}},"block_order":["media_fqGFbD","media_BCTqki","media_fxNCHg","media_btaqd3"],"settings":{"heading":"Favorite Collections","heading_size":110,"heading_tag":"h2","heading_alignment":"center","subheading":"","text":"<p>Your life simplified by a smarter, better wardrobe. Our collection is sustainably made and designed to last.<\/p>","max_columns":4,"spacing":4,"height_desktop":300,"show_section_divider":false,"full_width":true,"padding_full_width":false,"padding_top":8,"padding_bottom":0,"min_columns_mobile":"2","spacing_mobile":4,"height_mobile":250,"show_section_divider_mobile":false,"full_width_mobile":false,"padding_top_mobile":8,"padding_bottom_mobile":0}},"rich_text_pPgjxj":{"type":"rich-text","blocks":{"caption_8TJpJm":{"type":"caption","settings":{"caption":"Chic & Functional","text_style":"uppercase","text_size":100}},"heading_4jiL84":{"type":"heading","settings":{"heading":"“The extraordinary attracts us for a moment, simplicity retains us longer, because it is in it that the essential lies”","heading_size":80,"heading_tag":"h2"}}},"block_order":["caption_8TJpJm","heading_4jiL84"],"settings":{"heading_light":"rgba(0,0,0,0)","text_light":"rgba(0,0,0,0)","background_color_light":"rgba(0,0,0,0)","heading_dark":"rgba(0,0,0,0)","text_dark":"rgba(0,0,0,0)","background_color_dark":"","content_alignment":"center","show_section_divider":false,"make_full_page_width":false,"padding_top":68,"padding_bottom":16,"content_alignment_mobile":"center","show_section_divider_mobile":false,"padding_top_mobile":28,"padding_bottom_mobile":16}},"shop_the_look_BfMwkk":{"type":"shop-the-look","blocks":{"look_XFEYVK":{"type":"look","settings":{"product":"","color_hotspot":"#000000","hotspot_desktop_horizontal":30,"hotspot_desktop_vertical":50,"hotspot_mobile_horizontal":27,"hotspot_mobile_vertical":47}},"look_ikBnVW":{"type":"look","settings":{"product":"","color_hotspot":"#000000","hotspot_desktop_horizontal":53,"hotspot_desktop_vertical":27,"hotspot_mobile_horizontal":54,"hotspot_mobile_vertical":25}},"look_QyfL3Y":{"type":"look","settings":{"product":"","color_hotspot":"#000000","hotspot_desktop_horizontal":64,"hotspot_desktop_vertical":50,"hotspot_mobile_horizontal":65,"hotspot_mobile_vertical":50}}},"block_order":["look_XFEYVK","look_ikBnVW","look_QyfL3Y"],"settings":{"heading":"","heading_size":100,"heading_tag":"h2","heading_alignment":"center","image_ratio":"natural","info_alignment":"center","desktop_size":"medium","show_quickview":true,"show_vendor":false,"show_rating":false,"image_alignment":"left","full_width":false,"padding_full_width":false,"show_section_divider":false,"desktop_height":"750px","padding_top":28,"padding_bottom":28,"full_width_mobile":false,"show_section_divider_mobile":false,"mobile_height":"400px","padding_top_mobile":20,"padding_bottom_mobile":20}},"rich_text_NVHxVQ":{"type":"rich-text","blocks":{"caption_RknGDT":{"type":"caption","settings":{"caption":"Our Story","text_style":"uppercase","text_size":100}},"heading_8BN9tW":{"type":"heading","settings":{"heading":"Luxury and Designer Fashion","heading_size":100,"heading_tag":"h2"}},"text_GpcaqL":{"type":"text","settings":{"text":"<p>Eurus is the most-trusted source for finding the finest selection of luxurious wear. Our expert buying team travels the globe with a simple mission: to bring international fashion’s finest directly to your doorstep. With our runway-fresh new arrivals every week, an easy-to-navigate platform and a mobile app to shop on-the-go, we ensure a boutique-like feeling for a unique shopping experience.<\/p>","read_more_label":"Read more"}},"button_hfUgEQ":{"type":"button","settings":{"button_label":"Button label","button_link":"","open_new_window_button":false,"show_button_style_1":"secondary","button_label_2":"","open_new_window_button_2":false,"button_link_2":"","show_button_style_2":"primary","color_button":"rgba(0,0,0,0)","color_button_hover":"rgba(0,0,0,0)","color_text_button":"rgba(0,0,0,0)","color_text_button_hover":"rgba(0,0,0,0)","color_button_secondary":"rgba(0,0,0,0)","secondary_button_text":"rgba(0,0,0,0)"}}},"block_order":["caption_RknGDT","heading_8BN9tW","text_GpcaqL","button_hfUgEQ"],"settings":{"heading_light":"rgba(0,0,0,0)","text_light":"rgba(0,0,0,0)","background_color_light":"","heading_dark":"rgba(0,0,0,0)","text_dark":"rgba(0,0,0,0)","background_color_dark":"","content_alignment":"center","show_section_divider":false,"make_full_page_width":true,"padding_top":28,"padding_bottom":24,"content_alignment_mobile":"center","show_section_divider_mobile":false,"padding_top_mobile":28,"padding_bottom_mobile":28}},"text_column_with_image_4D8Fen":{"type":"text-column-with-image","blocks":{"column_YtWgxx":{"type":"column","settings":{"sub_title":"","title":"","heading_size":100,"text":"","button_label":"","button_link":"","open_new_window":false,"show_button_style":"primary"}},"column_Hx96MR":{"type":"column","settings":{"sub_title":"","title":"","heading_size":100,"text":"","button_label":"","button_link":"","open_new_window":false,"show_button_style":"primary"}},"column_LKPyXV":{"type":"column","settings":{"sub_title":"","title":"","heading_size":100,"text":"","button_label":"","button_link":"","open_new_window":false,"show_button_style":"primary"}}},"block_order":["column_YtWgxx","column_Hx96MR","column_LKPyXV"],"settings":{"title":"","heading_size":100,"heading_tag":"h2","secondary_background":"none","image_ratio":"natural","rounded_corner_image":false,"column_content_alignment":"center","background_color_light":"rgba(0,0,0,0)","heading_light":"rgba(0,0,0,0)","text_light":"rgba(0,0,0,0)","background_color_dark":"rgba(0,0,0,0)","heading_dark":"rgba(0,0,0,0)","text_dark":"rgba(0,0,0,0)","column_layout_desktop":"lg:w-1\/3","spacing_desktop":4,"full_width":false,"padding_full_width":false,"show_section_divider":false,"padding_top":0,"padding_bottom":44,"column_layout_mobile":"w-full","spacing_mobile":0,"full_width_mobile":false,"show_section_divider_mobile":false,"padding_top_mobile":0,"padding_bottom_mobile":0}},"scrolling_banner_hjWMjY":{"type":"scrolling-banner","blocks":{"text_QwwDnJ":{"type":"text","settings":{"text":"Free Delivery","text_size":100,"text_color":"primary","spacing_left":0,"spacing_right":0,"spacing_left_mobile":0,"spacing_right_mobile":0}},"icon_Mi6Wja":{"type":"icon","settings":{"icon":"zap","custom_icon":"<span class=\"h-full flex items-center justify-center\"><span class=\"inline-block\">\n<svg xmlns=\"http:\/\/www.w3.org\/2000\/svg\" viewbox=\"0 0 4 4\" fill=\"none\" height=\"4px\" width=\"4px\">\n<circle cx=\"2\" cy=\"2\" r=\"2\" fill=\"#2B2B2B\"><\/circle>\n<\/svg>\n<\/span>\n<\/span>","height_icon":20,"spacing_left":0,"spacing_right":0,"spacing_left_mobile":0,"spacing_right_mobile":0}},"text_XnM77N":{"type":"text","settings":{"text":"Money Back Guarantee","text_size":100,"text_color":"primary","spacing_left":0,"spacing_right":0,"spacing_left_mobile":0,"spacing_right_mobile":0}},"icon_NXtdTC":{"type":"icon","settings":{"icon":"zap","custom_icon":"<span class=\"h-full flex items-center justify-center\"><span class=\"inline-block\">\n<svg xmlns=\"http:\/\/www.w3.org\/2000\/svg\" viewbox=\"0 0 4 4\" fill=\"none\" height=\"4px\" width=\"4px\">\n<circle cx=\"2\" cy=\"2\" r=\"2\" fill=\"#2B2B2B\"><\/circle>\n<\/svg>\n<\/span>\n<\/span>","height_icon":20,"spacing_left":0,"spacing_right":0,"spacing_left_mobile":0,"spacing_right_mobile":0}},"text_yf6AAA":{"type":"text","settings":{"text":"High Quality Cotton","text_size":100,"text_color":"primary","spacing_left":0,"spacing_right":0,"spacing_left_mobile":0,"spacing_right_mobile":0}},"icon_PhRAAw":{"type":"icon","settings":{"icon":"zap","custom_icon":"<span class=\"h-full flex items-center justify-center\"><span class=\"inline-block\">\n<svg xmlns=\"http:\/\/www.w3.org\/2000\/svg\" viewbox=\"0 0 4 4\" fill=\"none\" height=\"4px\" width=\"4px\">\n<circle cx=\"2\" cy=\"2\" r=\"2\" fill=\"#2B2B2B\"><\/circle>\n<\/svg>\n<\/span>\n<\/span>","height_icon":20,"spacing_left":0,"spacing_right":0,"spacing_left_mobile":0,"spacing_right_mobile":0}},"text_rNTMED":{"type":"text","settings":{"text":"24\/7 Support","text_size":100,"text_color":"primary","spacing_left":0,"spacing_right":0,"spacing_left_mobile":0,"spacing_right_mobile":0}}},"block_order":["text_QwwDnJ","icon_Mi6Wja","text_XnM77N","icon_NXtdTC","text_yf6AAA","icon_PhRAAw","text_rNTMED"],"settings":{"show_border":false,"speed":20,"direction":"right","pause_hover":true,"bg_light":"#ededea","color_text_light":"rgba(0,0,0,0)","color_text_light_2":"rgba(0,0,0,0)","bg_dark":"rgba(0,0,0,0)","color_text_dark":"rgba(0,0,0,0)","color_text_dark_2":"rgba(0,0,0,0)","space_block":20,"padding_top":20,"padding_bottom":20,"space_block_mobile":20,"padding_top_mobile":20,"padding_bottom_mobile":20}},"featured_collection_dVfbEy":{"type":"featured-collection","blocks":{"collection_kJYmUL":{"type":"collection","settings":{"collection":"get-more-save-more","show_description":false,"description":"","read_more_label":"Read more","show_vendor":false,"show_rating":false,"show_quickview":true,"show_promotion":true,"promotion_position":"left","card_link":"","open_new_window":false,"enable_text_overlay":false,"overlay_opacity":0,"image_ratio":"100","video_url":"https:\/\/www.youtube.com\/watch?v=_9VUPq3SxOc","enable_video_autoplay":false,"video_alt_text":"","product_card":"","heading":"Featured collection","heading_size":70,"content":"<p>Announce a promotion.<\/p>","text_size":100,"content_alignment":"center","content_position":"bottom","button_label":"See more","button_link":"","open_new_window_button":false,"show_button_style":"primary","background_color":"rgba(0,0,0,0)","color_text":"rgba(0,0,0,0)","color_button":"rgba(0,0,0,0)","color_text_button":"rgba(0,0,0,0)","color_button_hover":"rgba(0,0,0,0)","color_text_button_hover":"rgba(0,0,0,0)","color_button_secondary":"rgba(0,0,0,0)","secondary_button_text":"rgba(0,0,0,0)","colors_text_link":"rgba(0,0,0,0)"}}},"block_order":["collection_kJYmUL"],"settings":{"title":"This Week's Hights","heading_size":100,"heading_tag":"h2","heading_alignment":"center","subheading":"","text":"","show_view_all":false,"view_all_position":"bottom","title_size":120,"title_style":"none","enable_desktop_slider":false,"slider_style":"horizontal","swiper_on_mobile":false,"auto_play":false,"change_slides_speed":5,"columns_desktop":2,"rows_desktop":2,"spacing":4,"full_width":false,"show_section_divider":false,"padding_top":72,"padding_bottom":28,"columns_mobile":"2","spacing_mobile":4,"full_width_mobile":false,"show_section_divider_mobile":false,"padding_top_mobile":40,"padding_bottom_mobile":8}}},"order":["banner","product-grid","media_gallery_BTUfDD","rich_text_pPgjxj","shop_the_look_BfMwkk","rich_text_NVHxVQ","text_column_with_image_4D8Fen","scrolling_banner_hjWMjY","featured_collection_dVfbEy"]}