{"sections":{"banner":{"type":"main-collection-banner","blocks":{"breadcrumbs":{"type":"breadcrumbs","settings":{"show_breadcrumbs_border":false,"full_width_breadcrumb":true,"desktop_content_alignment":"text-center","mobile_content_alignment":"text-center","background_color_light":"#f2f2f2","text_color_light":"rgba(0,0,0,0)","textlink_color_light":"rgba(0,0,0,0)","background_color_dark":"#313131","text_color_dark":"rgba(0,0,0,0)","textlink_color_dark":"rgba(0,0,0,0)"}},"description":{"type":"description","disabled":true,"settings":{"read_more_label":"Read more","full_width":true,"desktop_content_alignment":"text-center","mobile_content_alignment":"text-center","background_color_light":"rgba(0,0,0,0)","text_color_light":"rgba(0,0,0,0)","background_color_dark":"rgba(0,0,0,0)","text_color_dark":"rgba(0,0,0,0)","padding_top":60,"padding_bottom":0}}},"block_order":["breadcrumbs","description"],"settings":{"show_collection_image":false,"image_overlay_opacity":20,"show_collection_name":false,"title_position":"text-center","size_title":110,"heading_tag":"h1","full_width_title":true,"desktop_height":"550px","full_width":true,"padding_top":0,"padding_bottom":36,"mobile_height":"300px","full_width_mobile":true,"padding_top_mobile":0,"padding_bottom_mobile":32}},"collection_list_Bnm8EG":{"type":"collection-list","blocks":{"featured_collection_DNBWVt":{"type":"featured_collection","settings":{"collection":"sale-pavers"}},"featured_collection_aawYLJ":{"type":"featured_collection","settings":{"collection":"volume-discount-large-format-tiles"}},"featured_collection_nPjkP6":{"type":"featured_collection","settings":{"collection":"shipping-discount-large-format-tiles"}},"featured_collection_cD9MmF":{"type":"featured_collection","settings":{"collection":"shipping-discount-performance-flooring"}}},"block_order":["featured_collection_DNBWVt","featured_collection_aawYLJ","featured_collection_nPjkP6","featured_collection_cD9MmF"],"settings":{"heading":"Our Current Deals","heading_size":100,"heading_tag":"h2","heading_alignment":"center","show_view_all":false,"background_color_light":"","background_color_dark":"","image_ratio":"square","title_size":50,"show_text_overlay":false,"content_alignment":"center","content_position":"bottom","image_overlay_opacity":5,"title_color":"rgba(0,0,0,0)","text_light":"rgba(0,0,0,0)","title_color_dark":"rgba(0,0,0,0)","text_dark":"rgba(0,0,0,0)","show_item_count":false,"columns_desktop":4,"columns_mobile":"2","enable_desktop_slider":true,"swiper_on_mobile":true,"spacing":14,"show_section_divider":false,"full_width":false,"padding_top":28,"padding_bottom":28,"spacing_mobile":4,"show_section_divider_mobile":false,"padding_top_mobile":28,"padding_bottom_mobile":28}},"featured_collection_zGyqcF":{"type":"featured-collection","blocks":{"collection_fr98Vp":{"type":"collection","settings":{"collection":"get-more-save-more","show_description":true,"description":"","read_more_label":"Read more","show_vendor":false,"show_rating":false,"show_quickview":true,"show_promotion":false,"promotion_position":"left","card_link":"","open_new_window":false,"enable_text_overlay":false,"overlay_opacity":0,"image_ratio":"100","enable_video_autoplay":false,"video_alt_text":"","product_card":"","heading":"Featured collection","heading_size":70,"content":"<p>10% OFF<\/p>","text_size":100,"content_alignment":"center","content_position":"bottom","button_label":"See more","button_link":"","open_new_window_button":false,"show_button_style":"primary","background_color":"rgba(0,0,0,0)","color_text":"rgba(0,0,0,0)","color_button":"rgba(0,0,0,0)","color_text_button":"rgba(0,0,0,0)","color_button_hover":"rgba(0,0,0,0)","color_text_button_hover":"rgba(0,0,0,0)","color_button_secondary":"rgba(0,0,0,0)","secondary_button_text":"rgba(0,0,0,0)","colors_text_link":"rgba(0,0,0,0)"}}},"block_order":["collection_fr98Vp"],"settings":{"title":"Featured collections","heading_size":100,"heading_tag":"h2","heading_alignment":"center","subheading":"","text":"","show_view_all":false,"view_all_position":"top","title_size":120,"title_style":"none","enable_desktop_slider":false,"slider_style":"horizontal","swiper_on_mobile":false,"auto_play":false,"change_slides_speed":5,"columns_desktop":4,"rows_desktop":1,"spacing":28,"full_width":false,"show_section_divider":false,"padding_top":28,"padding_bottom":28,"columns_mobile":"1","spacing_mobile":16,"full_width_mobile":false,"show_section_divider_mobile":false,"padding_top_mobile":28,"padding_bottom_mobile":28}},"product-grid":{"type":"main-collection-product-grid","disabled":true,"custom_css":[".sold-by-text {text-align: center !important;}"],"settings":{"collection_label":"{{ collection.metafields.custom.main_collection_name.value }}","collections":"{{ collection.metafields.custom.subcategory.value }}","enable_filtering":true,"filter_alignment":"ACCESSORIES,BORDER,COLOR,CORNER,FIELD TILE,FINISH,MATERIAL,MOLDINGS\/TRIMS,MOSAIC,SIZE,TYPE","sticky_filtering":false,"filter_type":"aside","expand_filter":false,"enable_collection_count":false,"enable_sorting":true,"products_per_page":"21,24,27,30,33,36,39,60","products_per_row_on_desktop":4,"products_per_row_on_mobile":"2","paginate_type":"circle","show_vendor":false,"show_rating":false,"show_quickview":true,"enable_advanced_filter":false,"key_value":"","hide_unavaiable_filter":true,"columns_desktop_1":4,"desktop_image_width_1":150,"columns_desktop_2":4,"desktop_image_width_2":150,"enable_desktop_slider":false,"image_ratio_filter":"square","full_width":true,"spacing_col":30,"spacing_row":60,"padding_top":0,"padding_bottom":100,"spacing_col_mobile":16,"spacing_row_mobile":32,"padding_top_mobile":0,"padding_bottom_mobile":48}},"custom_liquid_VB9diN":{"type":"custom-liquid","settings":{"custom_liquid":"<div class=\"elfsight-sapp-0506b398-b409-4d76-93bb-a1733c635d46\"><\/div>","full_width":true,"show_section_divider":true,"padding_top":28,"padding_bottom":28,"full_width_mobile":false,"show_section_divider_mobile":false,"padding_top_mobile":28,"padding_bottom_mobile":28}}},"order":["banner","collection_list_Bnm8EG","featured_collection_zGyqcF","product-grid","custom_liquid_VB9diN"]}