{"sections":{"banner":{"type":"main-collection-banner","blocks":{"breadcrumbs":{"type":"breadcrumbs","settings":{"show_breadcrumbs_border":false,"full_width_breadcrumb":true,"desktop_content_alignment":"text-center","mobile_content_alignment":"text-center","background_color_light":"#f2f2f2","text_color_light":"rgba(0,0,0,0)","textlink_color_light":"rgba(0,0,0,0)","background_color_dark":"#313131","text_color_dark":"rgba(0,0,0,0)","textlink_color_dark":"rgba(0,0,0,0)"}},"description":{"type":"description","disabled":true,"settings":{"read_more_label":"Read more","full_width":true,"desktop_content_alignment":"text-center","mobile_content_alignment":"text-center","background_color_light":"rgba(0,0,0,0)","text_color_light":"rgba(0,0,0,0)","background_color_dark":"rgba(0,0,0,0)","text_color_dark":"rgba(0,0,0,0)","padding_top":60,"padding_bottom":0}}},"block_order":["breadcrumbs","description"],"settings":{"show_collection_image":false,"image_overlay_opacity":20,"show_collection_name":false,"title_position":"text-center","size_title":110,"heading_tag":"h1","full_width_title":true,"desktop_height":"550px","full_width":true,"padding_top":0,"padding_bottom":0,"mobile_height":"300px","full_width_mobile":true,"padding_top_mobile":0,"padding_bottom_mobile":0}},"ss_slider_2_UAcQCg":{"type":"ss-slider-2","blocks":{"slide_gVHyd7":{"type":"slide","settings":{"image":"shopify:\/\/shop_images\/Sample-of-Zeta-Modern-Grey-Elongated-Hexagon-Mosaic-Wall-Tile-Mixed-Mosaic-American-Tile-Depot-4.jpg","title":"","button":"Mosaic Tiles","url":"shopify:\/\/collections\/tile-mosaic-tiles"}},"slide_xAAMym":{"type":"slide","settings":{"image":"shopify:\/\/shop_images\/24-X-48-Reves-Noisette-Glossy-Onyx-Look-Porcelain-Tile-PORCELAIN-Large-Format-American-Tile-Depot-9_1fa85f31-2400-4b84-aa87-978b8c07153f.jpg","title":"","button":"Large Format Tiles","url":"shopify:\/\/collections\/tile-large-format-tiles"}},"slide_jbQgPx":{"type":"slide","settings":{"image":"shopify:\/\/shop_images\/3-X-6-Black-Glass-Subway-Tile-Glass-Tile-American-Tile-Depot.jpg","title":"","button":"Subway Tiles","url":"shopify:\/\/collections\/tile-subway-tiles"}},"slide_GPjLjt":{"type":"slide","settings":{"image":"shopify:\/\/shop_images\/tile-pavers.webp","title":"","button":"Pavers","url":"shopify:\/\/collections\/tile-pavers"}},"slide_pdydKG":{"type":"slide","settings":{"image":"shopify:\/\/shop_images\/Grace-Royal-Sapphire-Arabesque-Waterjet-Mosaic-Wall-Tile-Mixed-Mosaic-American-Tile-Depot-4.jpg","title":"","button":"Waterjet","url":"shopify:\/\/collections\/tile-waterjet"}}},"block_order":["slide_gVHyd7","slide_xAAMym","slide_jbQgPx","slide_GPjLjt","slide_pdydKG"],"settings":{"slider_view":5,"slider_view_mobile":1.5,"slider_rotate":20,"card_padding_vertical":6,"card_padding_vertical_mobile":4,"card_padding_horizontal":40,"card_padding_horizontal_mobile":30,"card_radius":16,"card_border_thickness":0,"card_shadow":true,"card_ratio":"portrait","card_ratio_mobile":"portrait","card_overlay":0,"content_horizontal_position":"center","content_horizontal_position_mobile":"center","content_vertical_position":"end","content_vertical_position_mobile":"end","title_custom":true,"title_font":"josefin_sans_n7","title_size":28,"title_size_mobile":18,"title_height":100,"button_custom":true,"button_font":"josefin_sans_n4","button_size":18,"button_size_mobile":14,"button_height":100,"button_mt":16,"button_padding_vertical":12,"button_padding_horizontal":20,"button_radius":8,"button_border_thickness":1,"arrow_size":50,"arrow_size_mobile":32,"arrow_icon_size":20,"arrow_icon_size_mobile":12,"arrow_border_thickness":0,"arrow_show_desktop":true,"arrow_show_mobile":true,"card_border_color":"#000000","card_shadow_color":"#000000","card_overlay_color":"#000000","title_color":"#ffffff","button_color":"#1c4170","button_hover_color":"#ffffff","button_bg_color":"#e1e7f5","button_bg_hover_color":"#1c4170","button_border_color":"#ffffff","button_border_hover_color":"#ffffff","arrow_color":"#000000","arrow_hover_color":"#ffffff","arrow_bg_color":"#ffffff","arrow_bg_hover_color":"#000000","arrow_border_color":"#000000","arrow_border_hover_color":"#454545","background_color":"#ffffff","background_gradient":"","border_color":"#000000","margin_top":0,"margin_bottom":0,"padding_top":36,"padding_bottom":36,"padding_horizontal":0,"padding_horizontal_mobile":0,"full_width":true,"content_width":120,"border_thickness":0,"lazy":false}},"product-grid":{"type":"main-collection-product-grid","custom_css":[".sold-by-text {text-align: center !important;}"],"settings":{"collection_label":"{{ collection.metafields.custom.main_collection_name.value }}","collections":"{{ collection.metafields.custom.subcategory.value }}","enable_filtering":true,"filter_alignment":"ACCESSORIES,BORDER,COLOR,CORNER,FIELD TILE,FINISH,MATERIAL,MOLDINGS\/TRIMS,MOSAIC,SIZE,TYPE","sticky_filtering":false,"filter_type":"aside","expand_filter":false,"enable_collection_count":false,"enable_sorting":true,"products_per_page":"21,24,27,30,33,36,39,60","products_per_row_on_desktop":4,"products_per_row_on_mobile":"2","paginate_type":"circle","show_vendor":false,"show_rating":false,"show_quickview":true,"enable_advanced_filter":false,"key_value":"","hide_unavaiable_filter":true,"columns_desktop_1":4,"desktop_image_width_1":150,"columns_desktop_2":4,"desktop_image_width_2":150,"enable_desktop_slider":false,"image_ratio_filter":"square","full_width":true,"spacing_col":30,"spacing_row":60,"padding_top":0,"padding_bottom":100,"spacing_col_mobile":16,"spacing_row_mobile":32,"padding_top_mobile":0,"padding_bottom_mobile":48}},"custom_liquid_VB9diN":{"type":"custom-liquid","settings":{"custom_liquid":"<div class=\"elfsight-sapp-0506b398-b409-4d76-93bb-a1733c635d46\"><\/div>","full_width":true,"show_section_divider":true,"padding_top":28,"padding_bottom":28,"full_width_mobile":false,"show_section_divider_mobile":false,"padding_top_mobile":28,"padding_bottom_mobile":28}}},"order":["banner","ss_slider_2_UAcQCg","product-grid","custom_liquid_VB9diN"]}