{"sections":{"otsb_slideshow_2_DRhAEa":{"type":"otsb-slideshow-2","blocks":{"slide_Vg7LbU":{"type":"slide","disabled":true,"settings":{"image":"shopify:\/\/shop_images\/4julyhero.jpg","image_mobile":"shopify:\/\/shop_images\/4julyhero_mobil.jpg","overlay_opacity":0,"image_overlay_color":"#202020","slide_link":"","open_new_window_slide":false,"subheading":"","heading":"","heading_size":170,"heading_tag":"h2","text":"","button_type":"square","button_color_mobile":"color","button_animation":"underline","custom_icon_button":"","button_label_1":"","button_link_1":"","open_new_window_button":false,"button_primary_1":true,"button_label_2":"","button_link_2":"","open_new_window_button_2":false,"button_primary_2":false,"content_alignment":"custom","custom_horizontal":15,"custom_vertical":80,"alignment":"left","mobile_custom_position":false,"custom_horizontal_mobile":50,"custom_vertical_mobile":50,"alignment_mobile":"center","heading_color":"#ffffff","color_text":"#ffffff","color_text_link":"#ffffff","color_button":"#f5f0e7","color_text_button":"#2e1c13","color_button_hover":"#9d7e67","color_text_button_hover":"#ffffff","color_button_secondary":"","secondary_button_text":""}},"slide_D34RRd":{"type":"slide","settings":{"image":"shopify:\/\/shop_images\/10th-Anniversery-1452x652_1.jpg","image_mobile":"shopify:\/\/shop_images\/10th-Anniversery-391x500_1.jpg","overlay_opacity":0,"image_overlay_color":"#202020","slide_link":"","open_new_window_slide":false,"subheading":"","heading":"","heading_size":170,"heading_tag":"h2","text":"","button_type":"square","button_color_mobile":"color","button_animation":"underline","custom_icon_button":"","button_label_1":"","button_link_1":"","open_new_window_button":false,"button_primary_1":true,"button_label_2":"","button_link_2":"","open_new_window_button_2":false,"button_primary_2":false,"content_alignment":"custom","custom_horizontal":15,"custom_vertical":80,"alignment":"left","mobile_custom_position":false,"custom_horizontal_mobile":50,"custom_vertical_mobile":50,"alignment_mobile":"center","heading_color":"#ffffff","color_text":"#ffffff","color_text_link":"#ffffff","color_button":"#f5f0e7","color_text_button":"#2e1c13","color_button_hover":"#9d7e67","color_text_button_hover":"#ffffff","color_button_secondary":"","secondary_button_text":""}},"slide_kHLmMh":{"type":"slide","settings":{"image":"shopify:\/\/shop_images\/Natural_Stone_3_section.webp","image_mobile":"shopify:\/\/shop_images\/Natural_Stone_mobile_3_vertical.png","overlay_opacity":0,"image_overlay_color":"#202020","slide_link":"shopify:\/\/collections\/natural-stone","open_new_window_slide":false,"subheading":"","heading":"","heading_size":50,"heading_tag":"h2","text":"<h2><em>Marble, travertine, onyx and more!<\/em><\/h2>","button_type":"rounded_corners","button_color_mobile":"color","button_animation":"underline","custom_icon_button":"","button_label_1":"Natural Stone Collection","button_link_1":"shopify:\/\/collections\/natural-stone","open_new_window_button":false,"button_primary_1":true,"button_label_2":"","button_link_2":"","open_new_window_button_2":false,"button_primary_2":true,"content_alignment":"bottom-center","custom_horizontal":95,"custom_vertical":100,"alignment":"center","mobile_custom_position":false,"custom_horizontal_mobile":50,"custom_vertical_mobile":50,"alignment_mobile":"center","heading_color":"#ffffff","color_text":"#ffffff","color_text_link":"#ffffff","color_button":"#1c4170","color_text_button":"#ffffff","color_button_hover":"#ffffff","color_text_button_hover":"#1c4170","color_button_secondary":"","secondary_button_text":""}},"slide_EepcyN":{"type":"slide","settings":{"image":"shopify:\/\/shop_images\/002557142_v2.jpg","image_mobile":"shopify:\/\/shop_images\/002557142_v2.jpg","overlay_opacity":0,"image_overlay_color":"#202020","slide_link":"","open_new_window_slide":false,"subheading":"","heading":"","heading_size":170,"heading_tag":"h2","text":"<p>Unlock stunning mosaics now!<\/p>","button_type":"rounded_corners","button_color_mobile":"color","button_animation":"underline","custom_icon_button":"","button_label_1":"Mosaics","button_link_1":"shopify:\/\/collections\/glass","open_new_window_button":false,"button_primary_1":true,"button_label_2":"","button_link_2":"","open_new_window_button_2":false,"button_primary_2":false,"content_alignment":"bottom-center","custom_horizontal":15,"custom_vertical":80,"alignment":"center","mobile_custom_position":false,"custom_horizontal_mobile":50,"custom_vertical_mobile":50,"alignment_mobile":"center","heading_color":"#ffffff","color_text":"#ffffff","color_text_link":"#ffffff","color_button":"#1c4170","color_text_button":"#ffffff","color_button_hover":"#ffffff","color_text_button_hover":"#1c4170","color_button_secondary":"","secondary_button_text":""}},"slide_3hKLqk":{"type":"slide","settings":{"image":"shopify:\/\/shop_images\/Porcelain_Hero_Banner_Desktop.jpg","image_mobile":"shopify:\/\/shop_images\/Porcelain_Hero_mobile.jpg","overlay_opacity":0,"image_overlay_color":"#202020","slide_link":"","open_new_window_slide":false,"subheading":"","heading":"","heading_size":170,"heading_tag":"h2","text":"<p>Discover premium tiles for your space<\/p>","button_type":"rounded_corners","button_color_mobile":"color","button_animation":"underline","custom_icon_button":"","button_label_1":"Porcelain Subway Tiles","button_link_1":"shopify:\/\/collections\/tile-subway-tiles","open_new_window_button":false,"button_primary_1":true,"button_label_2":"","button_link_2":"","open_new_window_button_2":false,"button_primary_2":false,"content_alignment":"bottom-center","custom_horizontal":15,"custom_vertical":80,"alignment":"center","mobile_custom_position":false,"custom_horizontal_mobile":50,"custom_vertical_mobile":50,"alignment_mobile":"center","heading_color":"#ffffff","color_text":"#ffffff","color_text_link":"#ffffff","color_button":"#1c4170","color_text_button":"#ffffff","color_button_hover":"#ffffff","color_text_button_hover":"#1c4170","color_button_secondary":"","secondary_button_text":""}},"slide_X9xqeB":{"type":"slide","settings":{"image":"shopify:\/\/shop_images\/levante-product-premium-3500x3250.jpg","overlay_opacity":0,"image_overlay_color":"#202020","slide_link":"","open_new_window_slide":false,"subheading":"","heading":"","heading_size":170,"heading_tag":"h2","text":"<p>Discover luxury at scale<\/p>","button_type":"rounded_corners","button_color_mobile":"color","button_animation":"underline","custom_icon_button":"","button_label_1":"Luxury Tile Collection","button_link_1":"shopify:\/\/collections\/discover-luxury-at-scale","open_new_window_button":false,"button_primary_1":true,"button_label_2":"","button_link_2":"","open_new_window_button_2":false,"button_primary_2":true,"content_alignment":"bottom-center","custom_horizontal":15,"custom_vertical":80,"alignment":"center","mobile_custom_position":false,"custom_horizontal_mobile":50,"custom_vertical_mobile":50,"alignment_mobile":"center","heading_color":"#ffffff","color_text":"#ffffff","color_text_link":"#ffffff","color_button":"#1c4170","color_text_button":"#ffffff","color_button_hover":"#ffffff","color_text_button_hover":"#1c4170","color_button_secondary":"","secondary_button_text":""}},"slide_JKjAB4":{"type":"slide","settings":{"image":"shopify:\/\/shop_images\/Clearance_Hero_Banner_Desktop_Original.jpg","image_mobile":"shopify:\/\/shop_images\/Clearance_Hero_Banner_Mobile.jpg","overlay_opacity":0,"image_overlay_color":"#202020","slide_link":"","open_new_window_slide":false,"subheading":"","heading":"","heading_size":170,"heading_tag":"h2","text":"","button_type":"rounded_corners","button_color_mobile":"color","button_animation":"underline","custom_icon_button":"","button_label_1":"Show me the deals!","button_link_1":"shopify:\/\/collections\/clearance-items","open_new_window_button":false,"button_primary_1":true,"button_label_2":"","button_link_2":"","open_new_window_button_2":false,"button_primary_2":false,"content_alignment":"bottom-center","custom_horizontal":15,"custom_vertical":80,"alignment":"center","mobile_custom_position":false,"custom_horizontal_mobile":50,"custom_vertical_mobile":50,"alignment_mobile":"center","heading_color":"#ffffff","color_text":"#ffffff","color_text_link":"#ffffff","color_button":"#1c4170","color_text_button":"#10d7e2","color_button_hover":"#10d7e2","color_text_button_hover":"#1c4170","color_button_secondary":"","secondary_button_text":""}}},"block_order":["slide_Vg7LbU","slide_D34RRd","slide_kHLmMh","slide_EepcyN","slide_3hKLqk","slide_X9xqeB","slide_JKjAB4"],"custom_css":["[class*=\"content-text-slide_\"] h2 em,[class*=\"content-text-slide_\"] p {color: #fff !important; font-style: italic !important; font-weight: bold !important; text-shadow: -0.5px -0.5px 0 #1c4070, 0.5px -0.5px 0 #1c4070, -0.5px 0.5px 0 #1c4070, 0.5px 0.5px 0 #1c4070 !important; -webkit-text-stroke: 0.3px #1c4070 !important;}","@media (min-width: 1024px) {[class*=\"content-text-slide_\"] h2 em, [class*=\"content-text-slide_\"] p {font-size: 2.5rem !important; } .hero-text {font-size: 1.5rem !important; font-weight: bold !important; }}"],"settings":{"show_hero":true,"auto_play":true,"change_slides_speed":6,"show_arrow":true,"slider_button_color":"#525151","slider_button_text_color":"#525151","slider_button_hover_color":"#1c4170","slider_button_hover_text_color":"#000000","transition_style":"fade","slider_visual":"bars","full_width":false,"padding_full_width":false,"rounded_corner_image":false,"desktop_height":"650","padding_top":0,"padding_bottom":0,"full_width_mobile":true,"rounded_corner_image_mobile":false,"mobile_height":"500","padding_top_mobile":0,"padding_bottom_mobile":0}},"toros_swiper_p8haFn":{"type":"Toros-Swiper","blocks":{"collection_slide_ewDHEK":{"type":"collection_slide","settings":{"collection_url":"shopify:\/\/collections\/porcelain","collection_image":"shopify:\/\/shop_images\/24-X-48-Heritage-Luxe-Azure-Glossy-Marble-Look-Porcelain-Tile-PORCELAIN-Large-Format-American-Tile-Depot-7.webp","collection_label":"","button_text":"","button_url":""}},"collection_slide_dzpmjj":{"type":"collection_slide","settings":{"collection_url":"shopify:\/\/collections\/absolute-black-granite","collection_image":"shopify:\/\/shop_images\/Phoenix-Jasper-Green-Polished-Square-Glass-Mosaic-Tile-Recycled-Glass-Mosaic-American-Tile-Depot-4.webp","collection_label":"","button_text":"","button_url":""}},"collection_slide_Ew4XPz":{"type":"collection_slide","settings":{"collection_url":"shopify:\/\/collections\/accessories-multi-color","collection_label":"","button_text":"","button_url":""}},"collection_slide_nNJhL4":{"type":"collection_slide","settings":{"collection_url":"shopify:\/\/collections\/akoya-ocean-porcelain-tile-collection","collection_label":"","button_text":"","button_url":""}},"collection_slide_adqfTz":{"type":"collection_slide","settings":{"collection_url":"shopify:\/\/collections\/angelo-porcelain-tile-collection","collection_label":"","button_text":"","button_url":""}},"collection_slide_AQN8er":{"type":"collection_slide","settings":{"collection_url":"shopify:\/\/collections\/accessories-1","collection_image":"shopify:\/\/shop_images\/accessories_collage_canvas_3.webp","collection_label":"","button_text":"Accessories","button_url":""}},"collection_slide_4cdPmk":{"type":"collection_slide","settings":{"collection_url":"shopify:\/\/collections\/calacatta-blue-porcelain-tile-collection","collection_label":"","button_text":"","button_url":""}}},"block_order":["collection_slide_ewDHEK","collection_slide_dzpmjj","collection_slide_Ew4XPz","collection_slide_nNJhL4","collection_slide_adqfTz","collection_slide_AQN8er","collection_slide_4cdPmk"],"disabled":true,"settings":{"slider_per_view":5,"slider_per_view_mobile":1.5,"slide_rotate":20,"slide_padding_vertical":6,"slide_padding_vertical_mobile":4,"slide_border_radius":10,"slide_shadow":true,"slide_gap":0,"card_aspect_ratio":"portrait","card_aspect_ratio_mobile":"portrait","slide_border_color":"#000000","slide_shadow_color":"#000000","slide_title_color":"#e1e7f5","slide_heading_size":28,"slide_heading_size_mobile":18,"slide_heading_font":"Josefin Sans Bold","button_size":16,"button_size_mobile":14,"button_margin_top":0,"button_padding_vertical":12,"button_padding_horizontal":12,"button_border_radius":16,"button_border_thickness":0,"button_font":"Josefin Sans","show_button":true,"show_text":false,"show_border":false}},"ss_slider_2_FiNagK":{"type":"ss-slider-2","blocks":{"slide_ffPkc8":{"type":"slide","settings":{"image":"shopify:\/\/shop_images\/Phoenix-Jasper-Green-Polished-Square-Glass-Mosaic-Tile-Recycled-Glass-Mosaic-American-Tile-Depot-4.webp","title":"","button":"Glass","url":"shopify:\/\/collections\/tile-glass"}},"slide_VcW73U":{"type":"slide","settings":{"image":"shopify:\/\/shop_images\/24-X-48-Heritage-Luxe-Azure-Glossy-Marble-Look-Porcelain-Tile-PORCELAIN-Large-Format-American-Tile-Depot-7.webp","title":"","button":"Porcelain","url":"shopify:\/\/collections\/tile-porcelain"}},"slide_gLTXTJ":{"type":"slide","settings":{"image":"shopify:\/\/shop_images\/calacatta_gold_bathroom_emperor_marble_uk_e944c41a-6b31-4f32-8a33-827850cc2d95.webp","title":"","button":"Marble","url":"shopify:\/\/collections\/marble"}},"slide_qaA7PQ":{"type":"slide","settings":{"image":"shopify:\/\/shop_images\/travertine-backyard-bbq-flowers.webp","title":"","button":"Travertine","url":"shopify:\/\/collections\/travertine"}},"slide_4ynDwF":{"type":"slide","settings":{"image":"shopify:\/\/shop_images\/honey_onyx_shower.webp","title":"","button":"Onyx","url":"shopify:\/\/collections\/onyx"}},"slide_rycdtN":{"type":"slide","settings":{"image":"shopify:\/\/shop_images\/diva-mcmillan-original-series-european-oak-engineered-hardwood-3.webp","title":"","button":"Performance Flooring","url":"shopify:\/\/collections\/performance-flooring"}},"slide_Qbkjrr":{"type":"slide","settings":{"image":"shopify:\/\/shop_images\/accessories_collage_canvas_3.webp","title":"","button":"Accessories","url":"shopify:\/\/collections\/accessories-type"}}},"block_order":["slide_ffPkc8","slide_VcW73U","slide_gLTXTJ","slide_qaA7PQ","slide_4ynDwF","slide_rycdtN","slide_Qbkjrr"],"disabled":true,"settings":{"slider_view":5,"slider_view_mobile":1.5,"slider_rotate":20,"card_padding_vertical":6,"card_padding_vertical_mobile":4,"card_padding_horizontal":40,"card_padding_horizontal_mobile":30,"card_radius":10,"card_border_thickness":0,"card_shadow":true,"card_ratio":"portrait","card_ratio_mobile":"portrait","card_overlay":0,"content_horizontal_position":"center","content_horizontal_position_mobile":"center","content_vertical_position":"end","content_vertical_position_mobile":"end","title_custom":false,"title_font":"josefin_sans_n7","title_size":28,"title_size_mobile":18,"title_height":100,"button_custom":true,"button_font":"josefin_sans_n4","button_size":16,"button_size_mobile":14,"button_height":100,"button_mt":0,"button_padding_vertical":12,"button_padding_horizontal":12,"button_radius":16,"button_border_thickness":0,"arrow_size":50,"arrow_size_mobile":32,"arrow_icon_size":20,"arrow_icon_size_mobile":12,"arrow_border_thickness":0,"arrow_show_desktop":true,"arrow_show_mobile":true,"card_border_color":"#000000","card_shadow_color":"#000000","card_overlay_color":"#000000","title_color":"#e1e7f5","button_color":"#1c4170","button_hover_color":"#ffffff","button_bg_color":"#e1e7f5","button_bg_hover_color":"#1c4170","button_border_color":"#ffffff","button_border_hover_color":"#ffffff","arrow_color":"#000000","arrow_hover_color":"#ffffff","arrow_bg_color":"#ffffff","arrow_bg_hover_color":"#000000","arrow_border_color":"#000000","arrow_border_hover_color":"#454545","background_color":"#ffffff","background_gradient":"","border_color":"#000000","margin_top":0,"margin_bottom":0,"padding_top":36,"padding_bottom":36,"padding_horizontal":0,"padding_horizontal_mobile":0,"full_width":true,"content_width":120,"border_thickness":0,"lazy":false}},"otsb_collection_list_2_D3J3XG":{"type":"otsb-collection-list-2","blocks":{"featured_collection_qCFFUW":{"type":"featured_collection","settings":{"collection":"porcelain","image_custom_collection":"shopify:\/\/shop_images\/OT_Collection_Porcelain_2_-_Blue_Bathroom.png","custom_name_collection":"Porcelain Tiles"}},"featured_collection_dEXmTC":{"type":"featured_collection","settings":{"collection":"marble","image_custom_collection":"shopify:\/\/shop_images\/OT_Collection_Marble_-_Carrara_Bathroom_Sink.jpg","custom_name_collection":"Marble"}},"featured_collection_gjdGdR":{"type":"featured_collection","settings":{"collection":"travertine","image_custom_collection":"shopify:\/\/shop_images\/OT_Collection_Travertine_-_Noce_Shower.jpg","custom_name_collection":"Travertine"}},"featured_collection_abtLVN":{"type":"featured_collection","settings":{"collection":"accessories-1","image_custom_collection":"shopify:\/\/shop_images\/accessories_collage_canvas_3.webp","custom_name_collection":"Accessories"}}},"block_order":["featured_collection_qCFFUW","featured_collection_dEXmTC","featured_collection_gjdGdR","featured_collection_abtLVN"],"custom_css":[".collection-item-title p {font-size: 1.5rem; \/* make the text larger (adjust as needed) *\/ font-weight: 700; \/* make the text bolder *\/ color: #1c4070 !important; \/* force the new color *\/}"],"name":"OT: Collection List #2","settings":{"heading":"","heading_size":100,"heading_tag":"h2","heading_alignment":"center","show_view_all":false,"background_color_light":"","image_ratio":"3\/4","is_lazyload":false,"edges_type":"rounded_corners","title_size":120,"show_text_overlay":false,"content_alignment":"center","content_position":"bottom","image_overlay_opacity":5,"image_overlay_color":"#202020","color_text_link":"#6b7050","color_heading":"#242424","title_color":"rgba(0,0,0,0)","text_light":"rgba(0,0,0,0)","color_line":"#e3e3e3","show_item_count":true,"columns_desktop":4,"columns_mobile":"1","slider_button_color":"#242424","slider_button_hover_color":"#000000","slider_button_hover_text_color":"#ffffff","enable_desktop_slider":false,"swiper_on_mobile":true,"enable_mobile_nav":false,"spacing":20,"show_section_divider":false,"full_width":false,"padding_top":28,"padding_bottom":28,"spacing_mobile":4,"show_section_divider_mobile":false,"padding_top_mobile":28,"padding_bottom_mobile":28}},"featured_collection_iYY6E7":{"type":"featured-collection","blocks":{"collection_UCw84X":{"type":"collection","settings":{"collection":"clearance-items","show_description":false,"description":"","read_more_label":"Read more","show_vendor":false,"show_rating":false,"show_quickview":true,"show_promotion":false,"promotion_position":"left","card_link":"","open_new_window":false,"enable_text_overlay":false,"overlay_opacity":0,"image_ratio":"100","video_url":"","enable_video_autoplay":false,"video_alt_text":"","product_card":"","heading":"Featured collection","heading_size":70,"content":"<p>10% OFF<\/p>","text_size":100,"content_alignment":"center","content_position":"bottom","button_label":"See more","button_link":"","open_new_window_button":false,"show_button_style":"primary","background_color":"rgba(0,0,0,0)","color_text":"rgba(0,0,0,0)","color_button":"rgba(0,0,0,0)","color_text_button":"rgba(0,0,0,0)","color_button_hover":"rgba(0,0,0,0)","color_text_button_hover":"rgba(0,0,0,0)","color_button_secondary":"rgba(0,0,0,0)","secondary_button_text":"rgba(0,0,0,0)","colors_text_link":"rgba(0,0,0,0)"}}},"block_order":["collection_UCw84X"],"settings":{"title":"Exclusive Offers","heading_size":110,"heading_tag":"h2","heading_alignment":"center","subheading":"","text":"","show_view_all":false,"view_all_position":"top","title_size":120,"title_style":"none","enable_desktop_slider":true,"slider_style":"horizontal","swiper_on_mobile":true,"auto_play":true,"change_slides_speed":5,"columns_desktop":5,"rows_desktop":2,"spacing":28,"full_width":false,"show_section_divider":false,"padding_top":28,"padding_bottom":28,"columns_mobile":"2","spacing_mobile":4,"full_width_mobile":false,"show_section_divider_mobile":false,"padding_top_mobile":8,"padding_bottom_mobile":0}},"otsb_collection_list_2_ncMkA8":{"type":"otsb-collection-list-2","blocks":{"featured_collection_6bUJmJ":{"type":"featured_collection","settings":{"collection":"","image_custom_collection":"shopify:\/\/shop_images\/Nationwide_and_Beyond_Shipping_3_webp_format.webp","custom_name_collection":""}},"featured_collection_EqkacV":{"type":"featured_collection","settings":{"collection":"","image_custom_collection":"shopify:\/\/shop_images\/Expedited_and_Reliable_Shipping_3BLUE_BG_webp_format.webp","custom_name_collection":""}},"featured_collection_FGG7aQ":{"type":"featured_collection","settings":{"collection":"","custom_name_collection":""}},"featured_collection_9YQwcD":{"type":"featured_collection","settings":{"collection":"","custom_name_collection":""}}},"block_order":["featured_collection_6bUJmJ","featured_collection_EqkacV","featured_collection_FGG7aQ","featured_collection_9YQwcD"],"disabled":true,"name":"OT: Collection List #2","settings":{"heading":"Collection List","heading_size":100,"heading_tag":"h2","heading_alignment":"center","show_view_all":false,"background_color_light":"","image_ratio":"3\/4","is_lazyload":false,"edges_type":"rounded_corners","title_size":120,"show_text_overlay":false,"content_alignment":"center","content_position":"bottom","image_overlay_opacity":5,"image_overlay_color":"#202020","color_text_link":"#6b7050","color_heading":"#242424","title_color":"rgba(0,0,0,0)","text_light":"rgba(0,0,0,0)","color_line":"#e3e3e3","show_item_count":true,"columns_desktop":4,"columns_mobile":"2","slider_button_color":"#242424","slider_button_hover_color":"#000000","slider_button_hover_text_color":"#ffffff","enable_desktop_slider":false,"swiper_on_mobile":true,"enable_mobile_nav":false,"spacing":20,"show_section_divider":false,"full_width":false,"padding_top":28,"padding_bottom":28,"spacing_mobile":4,"show_section_divider_mobile":false,"padding_top_mobile":28,"padding_bottom_mobile":28}},"ss_scrolling_images_PYbrtN":{"type":"ss-scrolling-images","blocks":{"image_RmKc3K":{"type":"image","settings":{"image":"shopify:\/\/shop_images\/Nationwide_and_Beyond_Shipping_3_webp_format.webp","url":""}},"image_k47maE":{"type":"image","settings":{"image":"shopify:\/\/shop_images\/Expedited_and_Reliable_Shipping_3BLUE_BG_webp_format.webp","url":""}},"image_NAHD8c":{"type":"image","settings":{"image":"shopify:\/\/shop_images\/Quality_Assurance_3_webp_format.webp","url":""}},"image_G9Hzt7":{"type":"image","disabled":true,"settings":{"image":"shopify:\/\/shop_images\/Damage-Free_Guarantee_kopya_webp_format.webp","url":""}},"image_y4tPFh":{"type":"image","settings":{"image":"shopify:\/\/shop_images\/Affordable_Sample_Options_3_webp_format.webp","url":""}},"image_XtUV6P":{"type":"image","settings":{"image":"shopify:\/\/shop_images\/Extensive_Product_Selection_3_webp_format.webp","url":""}}},"block_order":["image_RmKc3K","image_k47maE","image_NAHD8c","image_G9Hzt7","image_y4tPFh","image_XtUV6P"],"settings":{"heading":"","heading_custom":false,"heading_font":"josefin_sans_n4","heading_size":40,"heading_height":130,"heading_align":"center","slider_speed":30,"slider_gap":10,"slider_gap_mobile":10,"slider_mt":0,"slider_direction":"right","pause_hover":true,"image_width_desktop":350,"image_width_mobile":280,"image_height_desktop":350,"image_height_mobile":280,"image_radius":10,"use_content":true,"content_position":"center","content_max_width":340,"content_max_width_mobile":340,"content_padding_vertical":20,"content_padding_horizontal":30,"content_distance":0,"content_radius":10,"content_border_thickness":0,"use_shadow":true,"text":"<p><strong>Why Choose American Tile Depot?<\/strong><\/p>","text_custom":false,"text_font":"assistant_n4","text_size":16,"text_height":50,"heading_color":"#000000","content_bg":"#1c4170","content_border_color":"#000000","text_color":"#ffffff","background_color":"#ffffff","background_gradient":"","border_color":"#000000","margin_top":0,"margin_bottom":0,"padding_top":36,"padding_bottom":36,"padding_horizontal":0,"padding_horizontal_mobile":0,"full_width":true,"content_width":120,"border_thickness":0,"lazy":true}},"ss_multicolumns_78Kaea":{"type":"ss-multicolumns","blocks":{"block_e8YyQy":{"type":"block","settings":{"image":"shopify:\/\/shop_images\/Match_Your_Items_2_webp_format.webp","heading":"","text":"","link":"Matching an Item?","link_url":"https:\/\/www.americantiledepot.com\/pages\/item-matching-form"}},"block_AyUb4r":{"type":"block","settings":{"image":"shopify:\/\/shop_images\/Seamless_Damage_Claims_webp_format.webp","heading":"","text":"","link":"File a Shipping Claim","link_url":"https:\/\/www.americantiledepot.com\/pages\/shipping-claim-form"}},"block_PbAzDM":{"type":"block","settings":{"image":"shopify:\/\/shop_images\/Trade_Partner_Benefits_webp_format.webp","heading":"","text":"","link":"Become a Trade Partner","link_url":"https:\/\/www.americantiledepot.com\/pages\/wholesale-form-preliminary"}},"block_p3Hx6Q":{"type":"block","settings":{"image":"shopify:\/\/shop_images\/Price_Match_Guarantee_webp_format.webp","heading":"","text":"","link":"Click to Learn How","link_url":"https:\/\/www.americantiledepot.com\/pages\/how-to-submit-a-price-match-request"}}},"block_order":["block_e8YyQy","block_AyUb4r","block_PbAzDM","block_p3Hx6Q"],"settings":{"heading":"","heading_custom":false,"heading_font":"assistant_n4","heading_size":50,"heading_letter":0,"heading_height":130,"heading_align":"center","heading_mt":4,"heading_mb":4,"text":"","text_custom":false,"text_font":"assistant_n4","text_size":26,"text_letter":0,"text_height":130,"text_align":"center","column_mt":0,"column_direction":"center","column_gap":40,"column_gap_mobile":6,"column_style":"columns","column_style_mobile":"slider","column_row":"4","column_row_mobile":"1","column_radius":28,"column_padding_horizontal":16,"column_padding_top":16,"column_padding_bottom":16,"numbers":false,"autoplay":false,"autoplay_speed":3,"nav_size":40,"nav_size_mobile":30,"hide_nav":false,"column_number_custom":false,"column_number_font":"assistant_n4","column_number_size":36,"column_heading_custom":false,"column_heading_font":"assistant_n4","column_heading_size":24,"column_heading_letter":0,"column_heading_height":110,"column_heading_mt":4,"column_text_custom":false,"column_text_font":"assistant_n4","column_text_size":14,"column_text_letter":0,"column_text_height":130,"column_text_mt":8,"column_link_width":"full","column_link_max":170,"column_link_padding_horizontal":8,"column_link_padding_vertical":8,"column_link_radius":16,"column_link_custom":false,"column_link_font":"assistant_n4","column_link_size":18,"column_link_letter":0,"column_link_height":130,"column_link_mt":12,"column_link_style":"button","column_image_max":300,"column_image_max_mobile":300,"column_image_radius":12,"heading_color":"#2d281d","column_heading_color":"#2d281d","text_color":"#2d281d","column_text_color":"#2d281d","column_link_color":"#ffffff","column_link_hover_color":"#ffffff","column_link_bg_color":"#1c4170","column_link_bg_hover_color":"#10d7e2","column_number_color":"#ffffff","column_number_bg_color":"#e86940","column_bg_color":"#209ee3","nav_btn_bg":"#1c4170","nav_btn_hover_bg":"#caaba1","nav_border":"#220099","nav_border_hover":"#caaba1","nav_icon":"#caaba1","nav_hover_icon":"#ffffff","background_color":"#ffffff","background_gradient":"","border_color":"#000000","padding_top":0,"padding_bottom":20,"padding_horizontal":0,"padding_horizontal_mobile":1,"margin_top":0,"margin_bottom":0,"full_width":true,"content_width":400,"border_thickness":0,"lazy":true}},"ss_split_screen_video_bbzH3J":{"type":"ss-split-screen-video","blocks":{"slide_HMannw":{"type":"slide","settings":{"slide_columns":"3","slide_columns_mobile":"first","slide_layout":"row-reverse","slide_layout_big":"second","columns_gap":12,"columns_gap_mobile":12,"media_gap":12,"slide_media":"video","slide_media_width":34,"slide_media_radius":10,"slide_media_position_mobile":"column","media_custom":true,"media_height":550,"media_height_mobile":300,"slide_video":"shopify:\/\/files\/videos\/Homepage-Lithos Nordica White.mp4","slide_video_url":"","slide_icon_size":30,"slide_controls":true,"slide_autoplay":true,"slide_loop":true,"secondary_slide_media":"video","secondary_slide_media_radius":0,"secondary_media_custom":false,"secondary_media_height":400,"secondary_media_height_mobile":170,"secondary_slide_video":"shopify:\/\/files\/videos\/Homepage-Lithos Isla White.mp4","secondary_slide_video_url":"","secondary_slide_icon_size":30,"secondary_slide_controls":true,"secondary_slide_autoplay":true,"secondary_slide_loop":true,"text_padding_horizontal":16,"text_padding_horizontal_mobile":16,"text_padding_vertical":16,"text_padding_vertical_mobile":40,"text_border_thickness":2,"text_radius":10,"heading":"Create stunning spaces","heading_custom":true,"heading_font":"josefin_sans_n7","heading_size":26,"heading_letter":0,"heading_height":120,"heading_align":"center","sub_heading":"<p>with modern elegance!<\/p>","sub_heading_custom":true,"sub_heading_font":"josefin_sans_n4","sub_heading_size":22,"sub_heading_letter":0,"sub_heading_height":100,"sub_heading_align":"center","sub_heading_mt":12,"text":"<p>View our collections and<\/p>","text_custom":true,"text_font":"josefin_sans_n4","text_size":22,"text_letter":0,"text_height":100,"text_align":"center","text_mt":12,"link":"Catch the deals","link_url":"shopify:\/\/collections\/lithos-porcelain-tile-collection","link_custom":true,"link_font":"josefin_sans_n7","link_size":22,"link_letter":0,"link_height":100,"link_align":"center","link_style":"button","link_padding_horizontal":40,"link_padding_vertical":12,"link_border_thickness":0,"link_radius":6,"link_mt":12,"slide_heading_color":"#ffffff","slide_sub_heading_color":"#ffffff","slide_text_color":"#ffffff","slide_link_color":"#ffffff","slide_link_hover_color":"#1c4170","slide_link_bg_color":"#10d7e2","slide_link_bg_hover_color":"#ffffff","slide_link_border_color":"#000000","slide_link_border_hover_color":"#10d7e2","slide_text_bg_color":"#1c4170","slide_text_border_color":"#000000","slide_bg_color":""}},"slide_8C4fHW":{"type":"slide","settings":{"slide_columns":"3","slide_columns_mobile":"first","slide_layout":"row","slide_layout_big":"second","columns_gap":12,"columns_gap_mobile":12,"media_gap":12,"slide_media":"video","slide_media_width":34,"slide_media_radius":10,"slide_media_position_mobile":"column","media_custom":true,"media_height":550,"media_height_mobile":300,"slide_image":"shopify:\/\/shop_images\/calacatta-blue-marble-effect-wall-and-floor-60x120-tile-bathroom-wall-2300-1.jpg","slide_video":"shopify:\/\/files\/videos\/Homepage-Mc Millan Original Plaza.mp4","slide_video_url":"","slide_icon_size":30,"slide_controls":true,"slide_autoplay":true,"slide_loop":true,"secondary_slide_media":"video","secondary_slide_media_radius":0,"secondary_media_custom":false,"secondary_media_height":400,"secondary_media_height_mobile":170,"secondary_slide_video":"shopify:\/\/files\/videos\/Homepage-Hamilton - Thomas House Plus Matte SPC Luxury Vinyl Plank.mp4","secondary_slide_video_url":"","secondary_slide_icon_size":30,"secondary_slide_controls":true,"secondary_slide_autoplay":true,"secondary_slide_loop":true,"text_padding_horizontal":16,"text_padding_horizontal_mobile":16,"text_padding_vertical":16,"text_padding_vertical_mobile":40,"text_border_thickness":2,"text_radius":10,"heading":"Discover","heading_custom":true,"heading_font":"josefin_sans_n7","heading_size":38,"heading_letter":0,"heading_height":100,"heading_align":"center","sub_heading":"<p>Performance Flooring items.<\/p>","sub_heading_custom":true,"sub_heading_font":"josefin_sans_n4","sub_heading_size":22,"sub_heading_letter":0,"sub_heading_height":100,"sub_heading_align":"center","sub_heading_mt":12,"text":"<p>Get deals!<\/p>","text_custom":true,"text_font":"josefin_sans_n4","text_size":22,"text_letter":0,"text_height":100,"text_align":"center","text_mt":12,"link":"Shop now!","link_url":"shopify:\/\/collections\/shipping-discount-performance-flooring","link_custom":true,"link_font":"josefin_sans_n7","link_size":22,"link_letter":0,"link_height":100,"link_align":"center","link_style":"button","link_padding_horizontal":40,"link_padding_vertical":12,"link_border_thickness":0,"link_radius":10,"link_mt":12,"slide_heading_color":"#ffffff","slide_sub_heading_color":"#ffffff","slide_text_color":"#ffffff","slide_link_color":"#ffffff","slide_link_hover_color":"#1c4170","slide_link_bg_color":"#10d7e2","slide_link_bg_hover_color":"#ffffff","slide_link_border_color":"#0a1e33","slide_link_border_hover_color":"#000000","slide_text_bg_color":"#1c4170","slide_text_border_color":"#000000","slide_bg_color":""}}},"block_order":["slide_HMannw","slide_8C4fHW"],"disabled":true,"settings":{"slide_navigation":"bullets","slide_bullets_radius":30,"bullets_padding_horizontal":16,"bullets_padding_vertical":8,"bullets_mb":8,"bullets_mb_mobile":8,"hide_navigation":false,"slider_autoplay":true,"slider_autoplay_seconds":10,"background_color":"#ffffff","background_gradient":"","border_color":"#000000","btn_bg_color":"#000000","btn_bg_hover_color":"#000000","bullets_bg_color":"#000000","bullets_color":"#ffffff","margin_top":0,"margin_bottom":0,"padding_top":20,"padding_bottom":20,"padding_horizontal":3,"padding_horizontal_mobile":1.5,"content_width":120,"border_thickness":0}},"featured_collection_RW3rD7":{"type":"featured-collection","blocks":{"collection_qTwyDQ":{"type":"collection","settings":{"collection":"new-arrivals-1","show_description":true,"description":"","read_more_label":"Read more","show_vendor":false,"show_rating":false,"show_quickview":true,"show_promotion":false,"promotion_position":"left","card_link":"","open_new_window":false,"enable_text_overlay":false,"overlay_opacity":0,"image_ratio":"100","video_url":"","enable_video_autoplay":false,"video_alt_text":"","product_card":"","heading":"Featured collection","heading_size":70,"content":"<p>10% OFF<\/p>","text_size":100,"content_alignment":"center","content_position":"bottom","button_label":"See more","button_link":"","open_new_window_button":false,"show_button_style":"primary","background_color":"rgba(0,0,0,0)","color_text":"rgba(0,0,0,0)","color_button":"rgba(0,0,0,0)","color_text_button":"rgba(0,0,0,0)","color_button_hover":"rgba(0,0,0,0)","color_text_button_hover":"rgba(0,0,0,0)","color_button_secondary":"rgba(0,0,0,0)","secondary_button_text":"rgba(0,0,0,0)","colors_text_link":"rgba(0,0,0,0)"}}},"block_order":["collection_qTwyDQ"],"settings":{"title":"New Arrivals","heading_size":100,"heading_tag":"h2","heading_alignment":"center","subheading":"","text":"","show_view_all":false,"view_all_position":"top","title_size":120,"title_style":"none","enable_desktop_slider":false,"slider_style":"horizontal","swiper_on_mobile":false,"auto_play":false,"change_slides_speed":5,"columns_desktop":5,"rows_desktop":2,"spacing":28,"full_width":false,"show_section_divider":false,"padding_top":28,"padding_bottom":28,"columns_mobile":"2","spacing_mobile":16,"full_width_mobile":false,"show_section_divider_mobile":false,"padding_top_mobile":28,"padding_bottom_mobile":28}},"ss_scrolling_images_mMPatc":{"type":"ss-scrolling-images","blocks":{"image_c9CVAY":{"type":"image","settings":{"image":"shopify:\/\/shop_images\/Affordable_Sample_Options_3_webp_format.webp","url":""}},"image_g4Pxp4":{"type":"image","settings":{"image":"shopify:\/\/shop_images\/Customer-Focused_Policies_2_webp_format.webp","url":""}},"image_NBznt9":{"type":"image","settings":{"image":"shopify:\/\/shop_images\/Extensive_Product_Selection_3_webp_format.webp","url":""}},"image_rF7U6Q":{"type":"image","settings":{"image":"shopify:\/\/shop_images\/Flexible_Payment_Options_2_Blue_BG_webp_format.webp","url":""}}},"block_order":["image_c9CVAY","image_g4Pxp4","image_NBznt9","image_rF7U6Q"],"disabled":true,"settings":{"heading":"","heading_custom":false,"heading_font":"josefin_sans_n4","heading_size":40,"heading_height":130,"heading_align":"center","slider_speed":40,"slider_gap":10,"slider_gap_mobile":10,"slider_mt":0,"slider_direction":"left","pause_hover":true,"image_width_desktop":350,"image_width_mobile":280,"image_height_desktop":350,"image_height_mobile":280,"image_radius":10,"use_content":true,"content_position":"center","content_max_width":340,"content_max_width_mobile":340,"content_padding_vertical":20,"content_padding_horizontal":30,"content_distance":0,"content_radius":10,"content_border_thickness":0,"use_shadow":true,"text":"<p><strong>Why choose American Tile Depot?<\/strong><\/p>","text_custom":false,"text_font":"assistant_n4","text_size":16,"text_height":50,"heading_color":"#000000","content_bg":"#1c4170","content_border_color":"#000000","text_color":"#ffffff","background_color":"#ffffff","background_gradient":"","border_color":"#000000","margin_top":0,"margin_bottom":0,"padding_top":36,"padding_bottom":36,"padding_horizontal":0,"padding_horizontal_mobile":0,"full_width":true,"content_width":120,"border_thickness":0,"lazy":false}},"ss_multicolumns_zxVKLf":{"type":"ss-multicolumns","blocks":{"block_7ExxTW":{"type":"block","settings":{"image":"shopify:\/\/shop_images\/Hand-Made_Accessories_and_Special_Cut_Items_webp_format.webp","heading":"","text":"","link":"Explore Items","link_url":"https:\/\/www.americantiledepot.com\/collections\/hand-made-accessories-and-special-cut-items"}},"block_Y9agra":{"type":"block","settings":{"image":"shopify:\/\/shop_images\/Visual_Search_for_Convenience_2_webp_format.webp","heading":"","text":"","link":"Click to Learn How","link_url":"https:\/\/www.americantiledepot.com\/pages\/how-to-search-with-image"}},"block_9k36FA":{"type":"block","settings":{"image":"shopify:\/\/shop_images\/Innovative_Technology_1_webp_format.webp","heading":"","text":"","link":"Click to Learn How","link_url":"https:\/\/www.americantiledepot.com\/pages\/how-to-use-product-visualizer"}},"block_EjtaGz":{"type":"block","settings":{"image":"shopify:\/\/shop_images\/Helpful_Resources_2_webp_format.webp","heading":"","text":"","link":"Visit our FAQ","link_url":"https:\/\/www.americantiledepot.com\/a\/faq"}}},"block_order":["block_7ExxTW","block_Y9agra","block_9k36FA","block_EjtaGz"],"settings":{"heading":"","heading_custom":false,"heading_font":"assistant_n4","heading_size":50,"heading_letter":0,"heading_height":130,"heading_align":"center","heading_mt":4,"heading_mb":4,"text":"","text_custom":false,"text_font":"assistant_n4","text_size":26,"text_letter":0,"text_height":130,"text_align":"center","column_mt":0,"column_direction":"center","column_gap":40,"column_gap_mobile":6,"column_style":"columns","column_style_mobile":"slider","column_row":"4","column_row_mobile":"1","column_radius":28,"column_padding_horizontal":16,"column_padding_top":16,"column_padding_bottom":8,"numbers":false,"autoplay":false,"autoplay_speed":3,"nav_size":40,"nav_size_mobile":30,"hide_nav":false,"column_number_custom":false,"column_number_font":"assistant_n4","column_number_size":36,"column_heading_custom":false,"column_heading_font":"assistant_n4","column_heading_size":24,"column_heading_letter":0,"column_heading_height":110,"column_heading_mt":4,"column_text_custom":false,"column_text_font":"assistant_n4","column_text_size":18,"column_text_letter":0,"column_text_height":130,"column_text_mt":8,"column_link_width":"regular","column_link_max":170,"column_link_padding_horizontal":8,"column_link_padding_vertical":8,"column_link_radius":16,"column_link_custom":false,"column_link_font":"assistant_n4","column_link_size":18,"column_link_letter":0,"column_link_height":130,"column_link_mt":12,"column_link_style":"button","column_image_max":300,"column_image_max_mobile":300,"column_image_radius":12,"heading_color":"#2d281d","column_heading_color":"#2d281d","text_color":"#2d281d","column_text_color":"#2d281d","column_link_color":"#ffffff","column_link_hover_color":"#ffffff","column_link_bg_color":"#1c4170","column_link_bg_hover_color":"#10d7e2","column_number_color":"#ffffff","column_number_bg_color":"#e86940","column_bg_color":"#209ee3","nav_btn_bg":"#1c4170","nav_btn_hover_bg":"#caaba1","nav_border":"#caaba1","nav_border_hover":"#caaba1","nav_icon":"#caaba1","nav_hover_icon":"#ffffff","background_color":"#ffffff","background_gradient":"","border_color":"#000000","padding_top":0,"padding_bottom":36,"padding_horizontal":0,"padding_horizontal_mobile":1,"margin_top":0,"margin_bottom":0,"full_width":true,"content_width":400,"border_thickness":0,"lazy":true}},"rich_text_M9mUVX":{"type":"rich-text","blocks":{"heading_gBipiR":{"type":"heading","settings":{"heading":"Follow us on our socials","heading_size":100,"heading_tag":"h2"}},"heading_gR9zyy":{"type":"heading","disabled":true,"settings":{"heading":"#americantiledepot","heading_size":70,"heading_tag":"h2"}}},"block_order":["heading_gBipiR","heading_gR9zyy"],"settings":{"heading_light":"rgba(0,0,0,0)","text_light":"rgba(0,0,0,0)","background_color_light":"#dcdcdc","heading_dark":"rgba(0,0,0,0)","text_dark":"rgba(0,0,0,0)","background_color_dark":"","content_alignment":"center","show_section_divider":false,"make_full_page_width":true,"padding_top":28,"padding_bottom":28,"content_alignment_mobile":"center","show_section_divider_mobile":false,"padding_top_mobile":28,"padding_bottom_mobile":28}}},"order":["otsb_slideshow_2_DRhAEa","toros_swiper_p8haFn","ss_slider_2_FiNagK","otsb_collection_list_2_D3J3XG","featured_collection_iYY6E7","otsb_collection_list_2_ncMkA8","ss_scrolling_images_PYbrtN","ss_multicolumns_78Kaea","ss_split_screen_video_bbzH3J","featured_collection_RW3rD7","ss_scrolling_images_mMPatc","ss_multicolumns_zxVKLf","rich_text_M9mUVX"]}