{"sections":{"17285973076987fa65":{"type":"apps","settings":{"include_margins":true}},"ss_slider_2_R6gTEb":{"type":"ss-slider-2","blocks":{"slide_KQB3Xf":{"type":"slide","disabled":true,"settings":{"image":"shopify:\/\/shop_images\/tannin-thomas-house-plus-matte-spc-luxury-vinyl-plank-8.webp","title":"New Slide","button":"Learn more","url":""}},"slide_y64LDB":{"type":"slide","disabled":true,"settings":{"image":"shopify:\/\/shop_images\/accessories_collage_canvas_3.jpg","title":"New Slide","button":"Learn more","url":""}},"slide_8agDVj":{"type":"slide","disabled":true,"settings":{"image":"shopify:\/\/shop_images\/24x48-heritage-luxe-azure-matte-marble-look-porcelain-tile-4.jpg","title":"New Slide","button":"Learn more","url":""}},"slide_AHRhUp":{"type":"slide","disabled":true,"settings":{"image":"shopify:\/\/shop_images\/travertine-backyard-bbq-flowers.jpg","title":"New Slide","button":"Learn more","url":""}},"slide_kt7ktg":{"type":"slide","disabled":true,"settings":{"image":"shopify:\/\/shop_images\/honey_onyx_shower.jpg","title":"New Slide","button":"Learn more","url":""}},"slide_bwQXq6":{"type":"slide","disabled":true,"settings":{"image":"shopify:\/\/shop_images\/phoenix-jasper-green-polished-square-glass-mosaic-tile-4.jpg","title":"New Slide","button":"Learn more","url":""}},"slide_tc3dRM":{"type":"slide","disabled":true,"settings":{"image":"shopify:\/\/shop_images\/phoenix-jasper-green-polished-square-glass-mosaic-tile-5.jpg","title":"New Slide","button":"Learn more","url":""}},"slide_fa7enQ":{"type":"slide","settings":{"title":"New Slide","button":"Learn more","url":""}},"slide_Nc64AR":{"type":"slide","settings":{"title":"New Slide","button":"Learn more","url":""}},"slide_KDqfEr":{"type":"slide","settings":{"title":"New Slide","button":"Learn more","url":""}},"slide_HCJRKD":{"type":"slide","settings":{"title":"New Slide","button":"Learn more","url":""}},"slide_BaJTRX":{"type":"slide","settings":{"title":"New Slide","button":"Learn more","url":""}},"slide_fmW9P4":{"type":"slide","settings":{"title":"New Slide","button":"Learn more","url":""}},"slide_aMRLcj":{"type":"slide","settings":{"title":"New Slide","button":"Learn more","url":""}}},"block_order":["slide_KQB3Xf","slide_y64LDB","slide_8agDVj","slide_AHRhUp","slide_kt7ktg","slide_bwQXq6","slide_tc3dRM","slide_fa7enQ","slide_Nc64AR","slide_KDqfEr","slide_HCJRKD","slide_BaJTRX","slide_fmW9P4","slide_aMRLcj"],"disabled":true,"name":"SS - Slider #2","settings":{"slider_view":4,"slider_view_mobile":1.5,"slider_rotate":30,"card_padding_vertical":24,"card_padding_vertical_mobile":24,"card_padding_horizontal":40,"card_padding_horizontal_mobile":30,"card_radius":0,"card_border_thickness":0,"card_shadow":true,"card_ratio":"portrait","card_ratio_mobile":"portrait","card_overlay":0.3,"content_horizontal_position":"center","content_horizontal_position_mobile":"center","content_vertical_position":"end","content_vertical_position_mobile":"end","title_custom":false,"title_font":"josefin_sans_n4","title_size":28,"title_size_mobile":28,"title_height":100,"button_custom":false,"button_font":"josefin_sans_n4","button_size":14,"button_size_mobile":14,"button_height":100,"button_mt":16,"button_padding_vertical":12,"button_padding_horizontal":20,"button_radius":0,"button_border_thickness":1,"arrow_size":50,"arrow_size_mobile":32,"arrow_icon_size":20,"arrow_icon_size_mobile":12,"arrow_border_thickness":0,"arrow_show_desktop":true,"arrow_show_mobile":true,"card_border_color":"#000000","card_shadow_color":"#000000","card_overlay_color":"#000000","title_color":"#ffffff","button_color":"#ffffff","button_hover_color":"#000000","button_bg_color":"","button_bg_hover_color":"#ffffff","button_border_color":"#ffffff","button_border_hover_color":"#ffffff","arrow_color":"#000000","arrow_hover_color":"#ffffff","arrow_bg_color":"#ffffff","arrow_bg_hover_color":"#000000","arrow_border_color":"#000000","arrow_border_hover_color":"#454545","background_color":"#ffffff","background_gradient":"","border_color":"#000000","margin_top":0,"margin_bottom":0,"padding_top":36,"padding_bottom":36,"padding_horizontal":0,"padding_horizontal_mobile":0,"full_width":true,"content_width":120,"border_thickness":0,"lazy":true}},"main":{"type":"main-page","custom_css":[".globo-form-app {border-radius: 12px;}"],"settings":{"show_heading":false,"heading_size":80,"heading_tag":"h1","show_breadcrumbs":false,"show_breadcrumbs_border":false,"full_width_breadcrumb":true,"desktop_content_alignment":"text-center","mobile_content_alignment":"text-center","background_color_light":"#f2f2f2","text_color_light":"rgba(0,0,0,0)","textlink_color_light":"rgba(0,0,0,0)","background_color_dark":"#313131","text_color_dark":"rgba(0,0,0,0)","textlink_color_dark":"rgba(0,0,0,0)","padding_top":28,"padding_bottom":28,"padding_top_mobile":20,"padding_bottom_mobile":20}},"otsb_media_with_text_4_8rVHHr":{"type":"otsb-media-with-text-4","blocks":{"heading_GcyQEq":{"type":"heading","settings":{"subheading":"","heading":"Special Sale","heading_base_size":150,"heading_tag":"h2","text":"<p>Celebrate 10 years of American Tile Depot with 10% OFF sitewide*<br\/><br\/>Use code YEAR10 at checkout.<br\/><br\/>*Samples and Clearance Items are excluded from this offer.<\/p>","read_more_label":"Read more","heading_light":"#1c4170","text_light":"#444444","color_text_link":"#FD8E16"}},"button_Dmzjee":{"type":"button","settings":{"button_label":"See deals page","button_link":"https:\/\/www.americantiledepot.com\/collections\/clearance-items","open_new_window":false,"button_primary":true,"button_type":"rounded_corners","button_color_mobile":"color","button_animation":"sliced","custom_icon_button":"","button_light":"#1c4170","button_text_light":"#ffffff","button_hover_light":"#ffffff","button_text_hover_light":"#1c4170","secondary_button_light":"rgba(0,0,0,0)","secondary_button_text_light":"#000000"}}},"block_order":["heading_GcyQEq","button_Dmzjee"],"name":"OT: Media with Text #4","settings":{"image":"shopify:\/\/shop_images\/10th-Anniversery-1452x652_1_82ede9f3-62ef-4399-8eb1-1616779f49d4.jpg","video_alt_text":"","enable_video_autoplay":false,"desktop_height":"natural","mobile_height":"400px","desktop_image_width":"large","image_layout":"normal","is_lazyload":false,"disable_parallax_effect":false,"image_corner_radius":0,"content_layout":"no-overlap","spacing_image":false,"text_position":"center","text_alignment":"start","background_color_light":"#FFFFFF","video_icon":"#FFFFFF","image_alignment":"left","full_width":true,"top_padding":0,"bottom_padding":0,"image_alignment_mobile":"left","full_width_mobile":false,"top_padding_mobile":0,"bottom_padding_mobile":0}}},"order":["17285973076987fa65","ss_slider_2_R6gTEb","main","otsb_media_with_text_4_8rVHHr"]}