{"sections":{"slideshow":{"type":"slideshow","blocks":{"slide-0":{"type":"slide","settings":{"overlay_opacity":20,"subheading":"","heading":"NEW WOODER TOYS","heading_size":150,"text":"<p>Browse Through Out Latest Trendy Collections<\/p>","button_label_1":"DISCOVER NOW","button_link_1":"","open_new_window_button":false,"button_label_2":"","button_link_2":"","open_new_window_button_2":false,"content_alignment":"bottom-left","custom_horizontal":0,"custom_vertical":87,"color_text":"rgba(0,0,0,0)","color_button":"rgba(0,0,0,0)","color_text_button":"rgba(0,0,0,0)","color_button_hover":"rgba(0,0,0,0)","color_text_button_hover":"rgba(0,0,0,0)","color_button_secondary":"rgba(0,0,0,0)"}},"slide-1":{"type":"slide","settings":{"overlay_opacity":20,"subheading":"","heading":"NEW WOODER TOYS","heading_size":150,"text":"<p>Browse Through Out Latest Trendy Collections<\/p>","button_label_1":"DISCOVER NOW ->","button_link_1":"","open_new_window_button":false,"button_label_2":"","button_link_2":"","open_new_window_button_2":false,"content_alignment":"middle-left","custom_horizontal":50,"custom_vertical":50,"color_text":"rgba(0,0,0,0)","color_button":"rgba(0,0,0,0)","color_text_button":"rgba(0,0,0,0)","color_button_hover":"rgba(0,0,0,0)","color_text_button_hover":"rgba(0,0,0,0)","color_button_secondary":"rgba(0,0,0,0)"}},"slide-2":{"type":"slide","settings":{"overlay_opacity":20,"subheading":"","heading":"SPECIAL OFFER 70% OFF","heading_size":150,"text":"<p>Browse Through Out Latest Trendy Collections<\/p>","button_label_1":"Explore Now","button_link_1":"","open_new_window_button":false,"button_label_2":"","button_link_2":"","open_new_window_button_2":false,"content_alignment":"middle-center","custom_horizontal":50,"custom_vertical":50,"color_text":"rgba(0,0,0,0)","color_button":"rgba(0,0,0,0)","color_text_button":"rgba(0,0,0,0)","color_button_hover":"rgba(0,0,0,0)","color_text_button_hover":"rgba(0,0,0,0)","color_button_secondary":"rgba(0,0,0,0)"}}},"block_order":["slide-0","slide-1","slide-2"],"settings":{"show_hero":true,"auto_play":true,"change_slides_speed":10,"show_arrow":true,"slider_visual":"dots","transition_style":"fade","full_width":true,"padding_full_width":false,"rounded_corner_image":false,"desktop_height":"750","padding_top":0,"padding_bottom":0,"full_width_mobile":true,"rounded_corner_image_mobile":false,"mobile_height":"400","padding_top_mobile":0,"padding_bottom_mobile":0}},"de03d7c6-fe15-4bb5-8053-8e51382b0cdd":{"type":"scrolling-banner","blocks":{"template--15966815617124__de03d7c6-fe15-4bb5-8053-8e51382b0cdd-text-1":{"type":"text","settings":{"text":"Use code: EURUSKIDS","text_size":100,"text_color":"primary","spacing_left":0,"spacing_right":0,"spacing_left_mobile":0,"spacing_right_mobile":0}},"template--15966815617124__de03d7c6-fe15-4bb5-8053-8e51382b0cdd-text-2":{"type":"text","settings":{"text":"Autumn Winter Sale","text_size":100,"text_color":"primary","spacing_left":0,"spacing_right":0,"spacing_left_mobile":0,"spacing_right_mobile":0}}},"block_order":["template--15966815617124__de03d7c6-fe15-4bb5-8053-8e51382b0cdd-text-1","template--15966815617124__de03d7c6-fe15-4bb5-8053-8e51382b0cdd-text-2"],"settings":{"show_border":true,"speed":20,"direction":"right","pause_hover":false,"bg_light":"#e46a4b","color_text_light":"#ffffff","color_text_light_2":"rgba(0,0,0,0)","bg_dark":"#171f1e","color_text_dark":"#2cb29b","color_text_dark_2":"rgba(0,0,0,0)","space_block":60,"padding_top":16,"padding_bottom":16,"space_block_mobile":60,"padding_top_mobile":12,"padding_bottom_mobile":12}},"8b3e6efa-36bc-410f-91b2-96b2af37a902":{"type":"multicolumn","blocks":{"template--16143237120160__8b3e6efa-36bc-410f-91b2-96b2af37a902-column-1":{"type":"column","settings":{"icon":"box","custom_icon":"","title":"FREE RETURNS","title_link":"","open_new_window":false,"heading_size":90,"text":"<p>Returns within 30 days receive a full refund.<\/p>"}},"template--16143237120160__8b3e6efa-36bc-410f-91b2-96b2af37a902-column-2":{"type":"column","settings":{"icon":"globe","custom_icon":"","title":"WORLDWIDE SHIPPING","title_link":"","open_new_window":false,"heading_size":90,"text":"<p>Ship anywhere, rates available at checkout<\/p>"}},"template--16143237120160__8b3e6efa-36bc-410f-91b2-96b2af37a902-column-3":{"type":"column","settings":{"icon":"credit-card","custom_icon":"","title":"FLEXIBLE PAYMENT","title_link":"","open_new_window":false,"heading_size":90,"text":"<p>Pay with Multiple Credit Cards<\/p>"}},"template--16143237120160__8b3e6efa-36bc-410f-91b2-96b2af37a902-column-4":{"type":"column","settings":{"icon":"check-mark","custom_icon":"","title":"24\/7 SUPPORT","title_link":"","open_new_window":false,"heading_size":90,"text":"<p>Call us anytime at 1(900) 777-1234<\/p>"}},"96709054-bcb0-4d74-a565-98aa8425e32f":{"type":"column","settings":{"icon":"tag","custom_icon":"","title":"REFER A FRIEND","title_link":"","open_new_window":false,"heading_size":90,"text":"<p>Refer a friend and get 15% off each other<\/p>"}}},"block_order":["template--16143237120160__8b3e6efa-36bc-410f-91b2-96b2af37a902-column-1","template--16143237120160__8b3e6efa-36bc-410f-91b2-96b2af37a902-column-2","template--16143237120160__8b3e6efa-36bc-410f-91b2-96b2af37a902-column-3","template--16143237120160__8b3e6efa-36bc-410f-91b2-96b2af37a902-column-4","96709054-bcb0-4d74-a565-98aa8425e32f"],"settings":{"title":"","heading_size":100,"secondary_background":"none","border_column":"line_vertical","column_content_alignment":"center","icon_position":"above","icon_size":40,"enable_desktop_slider":false,"swiper_on_mobile":true,"change_bar_every":3,"background_color_light":"rgba(0,0,0,0)","heading_light":"#000000","text_light":"#212020","line_border_light":"#ededdd","color_icon_light":"#17532d","background_color_dark":"rgba(0,0,0,0)","heading_dark":"rgba(0,0,0,0)","text_dark":"rgba(0,0,0,0)","line_border_dark":"#333333","color_icon_dark":"#17532d","column_layout_desktop":"lg:w-1\/5","section_height_desktop":"md:py-0","spacing_desktop":28,"full_width":true,"show_section_divider":false,"padding_top":32,"padding_bottom":32,"column_layout_mobile":"w-full","section_height_mobile":"py-5","spacing_mobile":20,"full_width_mobile":true,"show_section_divider_mobile":false,"padding_top_mobile":20,"padding_bottom_mobile":20}},"4160350c-3ea8-43bf-828f-c4c047cc166c":{"type":"featured-collection","blocks":{"template--16122988920992__4160350c-3ea8-43bf-828f-c4c047cc166c-collection-1":{"type":"collection","settings":{"collection":"get-more-save-more","show_description":true,"description":"","show_vendor":true,"show_rating":true,"show_quickview":true,"show_promotion":true,"promotion_position":"left","card_link":"","open_new_window":false,"enable_text_overlay":true,"overlay_opacity":0,"image_ratio":"150","heading":"Upto 70% Off Collection","heading_size":80,"content":"<p>Cool Fashion Collection for Cool Kids All Items<\/p>","text_size":100,"content_alignment":"left","content_position":"bottom","button_label":"SHOP NOW","button_link":"","open_new_window_button":false,"background_color":"rgba(0,0,0,0)","color_text":"#ffffff","color_button":"#ffffff","color_text_button":"#2cb29b","color_button_hover":"rgba(0,0,0,0)","color_text_button_hover":"rgba(0,0,0,0)","color_button_secondary":"rgba(0,0,0,0)"}}},"block_order":["template--16122988920992__4160350c-3ea8-43bf-828f-c4c047cc166c-collection-1"],"settings":{"title":"DEAL HOT THIS WEEK","heading_size":80,"heading_alignment":"left","show_view_all":false,"view_all_position":"bottom","title_size":120,"title_style":"none","enable_desktop_slider":true,"swiper_on_mobile":true,"auto_play":false,"change_slides_speed":5,"columns_desktop":4,"rows_desktop":2,"spacing":30,"full_width":true,"show_section_divider":true,"padding_top":80,"padding_bottom":12,"columns_mobile":"2","spacing_mobile":10,"full_width_mobile":false,"show_section_divider_mobile":true,"padding_top_mobile":40,"padding_bottom_mobile":20}},"68762206-39d6-4385-b66c-69404976761c":{"type":"featured-collection","blocks":{"template--15966815617124__68762206-39d6-4385-b66c-69404976761c-collection-1":{"type":"collection","settings":{"collection":"get-more-save-more","show_description":true,"description":"","show_vendor":true,"show_rating":true,"show_quickview":true,"show_promotion":false,"promotion_position":"left","card_link":"","open_new_window":false,"enable_text_overlay":false,"overlay_opacity":0,"image_ratio":"100","heading":"Featured collection","heading_size":70,"content":"<p>10% OFF<\/p>","text_size":100,"content_alignment":"center","content_position":"bottom","button_label":"See more","button_link":"","open_new_window_button":false,"background_color":"rgba(0,0,0,0)","color_text":"rgba(0,0,0,0)","color_button":"rgba(0,0,0,0)","color_text_button":"rgba(0,0,0,0)","color_button_hover":"rgba(0,0,0,0)","color_text_button_hover":"rgba(0,0,0,0)","color_button_secondary":"rgba(0,0,0,0)"}}},"block_order":["template--15966815617124__68762206-39d6-4385-b66c-69404976761c-collection-1"],"settings":{"title":"RECOMMENDED FOR YOU","heading_size":80,"heading_alignment":"left","show_view_all":false,"view_all_position":"top","title_size":120,"title_style":"none","enable_desktop_slider":true,"swiper_on_mobile":true,"auto_play":false,"change_slides_speed":5,"columns_desktop":5,"rows_desktop":2,"spacing":30,"full_width":true,"show_section_divider":false,"padding_top":32,"padding_bottom":32,"columns_mobile":"1","spacing_mobile":20,"full_width_mobile":false,"show_section_divider_mobile":false,"padding_top_mobile":12,"padding_bottom_mobile":20}},"461d4c73-510e-4d7e-a4ff-f51612ab9b25":{"type":"collection-list","blocks":{"template--21433584943405__461d4c73-510e-4d7e-a4ff-f51612ab9b25-featured_collection-1":{"type":"featured_collection","settings":{"collection":"get-more-save-more"}},"template--21433584943405__461d4c73-510e-4d7e-a4ff-f51612ab9b25-featured_collection-2":{"type":"featured_collection","settings":{"collection":"get-more-save-more"}},"template--21433584943405__461d4c73-510e-4d7e-a4ff-f51612ab9b25-featured_collection-3":{"type":"featured_collection","settings":{"collection":"get-more-save-more"}},"template--21433584943405__461d4c73-510e-4d7e-a4ff-f51612ab9b25-featured_collection-4":{"type":"featured_collection","settings":{"collection":"get-more-save-more"}},"5013f70e-f5f7-497c-9f9f-4422998bb2ac":{"type":"featured_collection","settings":{"collection":"get-more-save-more"}}},"block_order":["template--21433584943405__461d4c73-510e-4d7e-a4ff-f51612ab9b25-featured_collection-1","template--21433584943405__461d4c73-510e-4d7e-a4ff-f51612ab9b25-featured_collection-2","template--21433584943405__461d4c73-510e-4d7e-a4ff-f51612ab9b25-featured_collection-3","template--21433584943405__461d4c73-510e-4d7e-a4ff-f51612ab9b25-featured_collection-4","5013f70e-f5f7-497c-9f9f-4422998bb2ac"],"settings":{"heading":"FEATURED CATEGORIES","heading_size":80,"heading_alignment":"left","show_view_all":false,"background_color_light":"","background_color_dark":"","image_ratio":"rectangle","title_size":80,"show_text_overlay":false,"content_alignment":"center","content_position":"bottom","image_overlay_opacity":5,"title_color":"rgba(0,0,0,0)","text_light":"rgba(0,0,0,0)","title_color_dark":"#ffffff","text_dark":"#ffffff","show_item_count":true,"columns_desktop":5,"columns_mobile":"2","enable_desktop_slider":false,"swiper_on_mobile":true,"spacing":30,"show_section_divider":false,"full_width":true,"padding_top":32,"padding_bottom":32,"spacing_mobile":10,"show_section_divider_mobile":false,"padding_top_mobile":20,"padding_bottom_mobile":20}},"65fc53ca-e7bd-4afb-a5ab-28519b95c76f":{"type":"promotion-grid","blocks":{"template--15966815617124__65fc53ca-e7bd-4afb-a5ab-28519b95c76f-promotion-1":{"type":"promotion","settings":{"image_link":"","open_new_window":false,"video_url":"","enable_video_autoplay":false,"video_alt_text":"","content_position":"center","overlay_opacity":100,"number_of_columns":1,"number_of_row":2,"title":"Discount 70%","title_size":140,"text":"<p>The only seat that feels just like being held and rocked by mom & dad like being held and rocked by mom & dad.<\/p>","text_size":120,"button_label":"Shop now","button_link":"","open_new_window_button":false,"text_align":"center","color_overlay":"#2cb29b","title_color":"#ffffff","text_color":"#ffffff","color_button":"#2cb29b","background_button":"#ffffff","color_button_hover":"#2cb29b","background_button_hover":"#ffffff","line_1":"","line_1_size":80,"line_2":"","line_2_size":100,"line_3":"","line_3_size":50,"sale_label_position":"top-left","sale_label_style":"circle","sale_label_background_color":"#ce021e","sale_label_color":"#ffffff"}},"template--15966815617124__65fc53ca-e7bd-4afb-a5ab-28519b95c76f-promotion-2":{"type":"promotion","settings":{"image_link":"","open_new_window":false,"video_url":"","enable_video_autoplay":false,"video_alt_text":"","content_position":"bottom","overlay_opacity":20,"number_of_columns":2,"number_of_row":2,"title":"Booster Feeding Seats","title_size":110,"text":"<p>Make mealtimes fun for the whole family with the help of a booster feeding seat for your little one.<\/p>","text_size":100,"button_label":"Shop now","button_link":"","open_new_window_button":false,"text_align":"left","color_overlay":"rgba(0,0,0,0)","title_color":"#ffffff","text_color":"#ffffff","color_button":"#2cb29b","background_button":"#ffffff","color_button_hover":"rgba(0,0,0,0)","background_button_hover":"rgba(0,0,0,0)","line_1":"SAVE UP TO","line_1_size":130,"line_2":"30%","line_2_size":90,"line_3":"","line_3_size":50,"sale_label_position":"top-left","sale_label_style":"circle","sale_label_background_color":"#ce021e","sale_label_color":"#ffffff"}},"template--15966815617124__65fc53ca-e7bd-4afb-a5ab-28519b95c76f-promotion-3":{"type":"promotion","settings":{"image_link":"","open_new_window":false,"video_url":"","enable_video_autoplay":false,"video_alt_text":"","content_position":"bottom","overlay_opacity":20,"number_of_columns":1,"number_of_row":1,"title":"Discount 15% Off","title_size":80,"text":"<p>Get your little one ready for a good night's sleep with the range of baby pyjamas, sleepsuits and bodysuits.<\/p>","text_size":100,"button_label":"Shop now","button_link":"","open_new_window_button":false,"text_align":"left","color_overlay":"rgba(0,0,0,0)","title_color":"#ffffff","text_color":"#ffffff","color_button":"#2cb29b","background_button":"#ffffff","color_button_hover":"rgba(0,0,0,0)","background_button_hover":"rgba(0,0,0,0)","line_1":"SALE","line_1_size":110,"line_2":"15%","line_2_size":50,"line_3":"","line_3_size":50,"sale_label_position":"top-left","sale_label_style":"circle","sale_label_background_color":"#ce021e","sale_label_color":"#ffffff"}},"6fae56b3-5aae-45a3-8c54-8841a547091d":{"type":"promotion","settings":{"image_link":"","open_new_window":false,"video_url":"","enable_video_autoplay":false,"video_alt_text":"","content_position":"bottom","overlay_opacity":20,"number_of_columns":1,"number_of_row":1,"title":"Bathing & Changing","title_size":80,"text":"<p>Browse Through Out Latest Trendy Collections Browse Through Out Latest Latest Trendy Collections<\/p>","text_size":100,"button_label":"Shop now","button_link":"","open_new_window_button":false,"text_align":"left","color_overlay":"rgba(0,0,0,0)","title_color":"#ffffff","text_color":"#ffffff","color_button":"#2cb29b","background_button":"#ffffff","color_button_hover":"rgba(0,0,0,0)","background_button_hover":"rgba(0,0,0,0)","line_1":"SALE","line_1_size":110,"line_2":"20%","line_2_size":50,"line_3":"","line_3_size":50,"sale_label_position":"top-left","sale_label_style":"circle","sale_label_background_color":"#ce021e","sale_label_color":"#ffffff"}},"8ad8f3b2-d53b-4977-b46b-7d53784f5ed3":{"type":"promotion","settings":{"image_link":"","open_new_window":false,"video_url":"","enable_video_autoplay":false,"video_alt_text":"","content_position":"bottom","overlay_opacity":20,"number_of_columns":1,"number_of_row":1,"title":"Baby Sippy Cup","title_size":80,"text":"<p>Browse Through Out Latest Trendy Collections Browse Through Out Latest Latest Trendy Collections<\/p>","text_size":110,"button_label":"Shop now","button_link":"","open_new_window_button":false,"text_align":"left","color_overlay":"rgba(0,0,0,0)","title_color":"#ffffff","text_color":"#ffffff","color_button":"#2cb29b","background_button":"#ffffff","color_button_hover":"rgba(0,0,0,0)","background_button_hover":"rgba(0,0,0,0)","line_1":"SALE","line_1_size":110,"line_2":"10%","line_2_size":50,"line_3":"","line_3_size":50,"sale_label_position":"top-left","sale_label_style":"circle","sale_label_background_color":"#ce021e","sale_label_color":"#ffffff"}}},"block_order":["template--15966815617124__65fc53ca-e7bd-4afb-a5ab-28519b95c76f-promotion-1","template--15966815617124__65fc53ca-e7bd-4afb-a5ab-28519b95c76f-promotion-2","template--15966815617124__65fc53ca-e7bd-4afb-a5ab-28519b95c76f-promotion-3","6fae56b3-5aae-45a3-8c54-8841a547091d","8ad8f3b2-d53b-4977-b46b-7d53784f5ed3"],"settings":{"heading":"","heading_size":100,"heading_alignment":"center","max_columns":3,"spacing":4,"height_desktop":400,"show_section_divider":false,"full_width":true,"padding_full_width":true,"padding_top":32,"padding_bottom":32,"min_columns_mobile":"1","spacing_mobile":4,"height_mobile":280,"show_section_divider_mobile":false,"full_width_mobile":true,"padding_top_mobile":20,"padding_bottom_mobile":20}},"d2b47fc9-6a38-4d2e-b145-ab5fc91843e2":{"type":"featured-collection","blocks":{"template--21434486325549__d2b47fc9-6a38-4d2e-b145-ab5fc91843e2-collection-1":{"type":"collection","settings":{"collection":"get-more-save-more","show_description":true,"description":"","show_vendor":true,"show_rating":true,"show_quickview":true,"show_promotion":false,"promotion_position":"left","card_link":"","open_new_window":false,"enable_text_overlay":false,"overlay_opacity":0,"image_ratio":"100","heading":"Featured collection","heading_size":70,"content":"<p>10% OFF<\/p>","text_size":100,"content_alignment":"center","content_position":"bottom","button_label":"See more","button_link":"","open_new_window_button":false,"background_color":"rgba(0,0,0,0)","color_text":"rgba(0,0,0,0)","color_button":"rgba(0,0,0,0)","color_text_button":"rgba(0,0,0,0)","color_button_hover":"rgba(0,0,0,0)","color_text_button_hover":"rgba(0,0,0,0)","color_button_secondary":"rgba(0,0,0,0)"}}},"block_order":["template--21434486325549__d2b47fc9-6a38-4d2e-b145-ab5fc91843e2-collection-1"],"settings":{"title":"NEW ARRIVAL COLLECTIONS","heading_size":80,"heading_alignment":"left","show_view_all":false,"view_all_position":"top","title_size":120,"title_style":"none","enable_desktop_slider":true,"swiper_on_mobile":true,"auto_play":false,"change_slides_speed":5,"columns_desktop":5,"rows_desktop":2,"spacing":20,"full_width":true,"show_section_divider":false,"padding_top":32,"padding_bottom":32,"columns_mobile":"2","spacing_mobile":10,"full_width_mobile":false,"show_section_divider_mobile":false,"padding_top_mobile":32,"padding_bottom_mobile":0}},"4f83b78e-0b28-45c0-af2f-45654e4372a4":{"type":"media-gallery","blocks":{"template--15966815617124__4f83b78e-0b28-45c0-af2f-45654e4372a4-media-1":{"type":"media","settings":{"image_link":"","open_new_window":false,"video_url":"","enable_video_autoplay":true,"video_alt_text":"","content_position":"bottom","overlay_opacity":20,"number_of_columns":1,"number_of_row":1,"title":"Upto 70% Off Collection","title_size":80,"text":"","text_size":130,"text_align":"center","button_label":"DISCOVER NOW","button_link":"","open_new_window_button":false,"color_overlay":"rgba(0,0,0,0)","title_color":"#ffffff","text_color":"#ffffff","color_button":"#2cb29b","background_button":"#ffffff","color_button_hover":"rgba(0,0,0,0)","background_button_hover":"rgba(0,0,0,0)"}},"template--15966815617124__4f83b78e-0b28-45c0-af2f-45654e4372a4-media-2":{"type":"media","settings":{"image_link":"","open_new_window":false,"video_url":"","enable_video_autoplay":true,"video_alt_text":"","content_position":"bottom","overlay_opacity":20,"number_of_columns":1,"number_of_row":1,"title":"Upto 30% Off Collection","title_size":80,"text":"","text_size":130,"text_align":"center","button_label":"DISCOVER NOW","button_link":"","open_new_window_button":false,"color_overlay":"rgba(0,0,0,0)","title_color":"#ffffff","text_color":"#ffffff","color_button":"#2cb29b","background_button":"#ffffff","color_button_hover":"rgba(0,0,0,0)","background_button_hover":"rgba(0,0,0,0)"}},"template--15966815617124__4f83b78e-0b28-45c0-af2f-45654e4372a4-media-3":{"type":"media","settings":{"image_link":"","open_new_window":false,"video_url":"","enable_video_autoplay":true,"video_alt_text":"","content_position":"bottom","overlay_opacity":20,"number_of_columns":1,"number_of_row":1,"title":"Upto 50% Off Collection","title_size":80,"text":"","text_size":130,"text_align":"center","button_label":"DISCOVER NOW","button_link":"","open_new_window_button":false,"color_overlay":"rgba(0,0,0,0)","title_color":"#ffffff","text_color":"#ffffff","color_button":"#2cb29b","background_button":"#ffffff","color_button_hover":"rgba(0,0,0,0)","background_button_hover":"rgba(0,0,0,0)"}},"139f7bda-f63e-4c6c-b4e9-ef23fa4dac81":{"type":"media","settings":{"image_link":"","open_new_window":false,"video_url":"","enable_video_autoplay":true,"video_alt_text":"","content_position":"bottom","overlay_opacity":20,"number_of_columns":1,"number_of_row":1,"title":"Upto 10% Off Collection","title_size":80,"text":"","text_size":130,"text_align":"center","button_label":"DISCOVER NOW","button_link":"","open_new_window_button":false,"color_overlay":"rgba(0,0,0,0)","title_color":"#ffffff","text_color":"#ffffff","color_button":"#2cb29b","background_button":"#ffffff","color_button_hover":"rgba(0,0,0,0)","background_button_hover":"rgba(0,0,0,0)"}}},"block_order":["template--15966815617124__4f83b78e-0b28-45c0-af2f-45654e4372a4-media-1","template--15966815617124__4f83b78e-0b28-45c0-af2f-45654e4372a4-media-2","template--15966815617124__4f83b78e-0b28-45c0-af2f-45654e4372a4-media-3","139f7bda-f63e-4c6c-b4e9-ef23fa4dac81"],"settings":{"heading":"BEST DEALS","heading_size":80,"heading_alignment":"left","max_columns":4,"spacing":30,"height_desktop":300,"show_section_divider":false,"full_width":true,"padding_full_width":true,"padding_top":32,"padding_bottom":32,"min_columns_mobile":"1","spacing_mobile":20,"height_mobile":250,"show_section_divider_mobile":false,"full_width_mobile":true,"padding_top_mobile":20,"padding_bottom_mobile":20}},"e5f59918-4dc8-4b07-8447-8bd2627ced5e":{"type":"logo-list","blocks":{"template--21434486325549__e5f59918-4dc8-4b07-8447-8bd2627ced5e-logo-1":{"type":"logo","settings":{"image_link":"","open_new_window":false}},"template--21434486325549__e5f59918-4dc8-4b07-8447-8bd2627ced5e-logo-2":{"type":"logo","settings":{"image_link":"","open_new_window":false}},"template--21434486325549__e5f59918-4dc8-4b07-8447-8bd2627ced5e-logo-3":{"type":"logo","settings":{"image_link":"","open_new_window":false}},"template--21434486325549__e5f59918-4dc8-4b07-8447-8bd2627ced5e-logo-4":{"type":"logo","settings":{"image_link":"","open_new_window":false}},"template--21434486325549__e5f59918-4dc8-4b07-8447-8bd2627ced5e-logo-5":{"type":"logo","settings":{"image_link":"","open_new_window":false}},"34b6972d-d28a-4c2f-a1ec-b616c36ace1b":{"type":"logo","settings":{"image_link":"","open_new_window":false}}},"block_order":["template--21434486325549__e5f59918-4dc8-4b07-8447-8bd2627ced5e-logo-1","template--21434486325549__e5f59918-4dc8-4b07-8447-8bd2627ced5e-logo-2","template--21434486325549__e5f59918-4dc8-4b07-8447-8bd2627ced5e-logo-3","template--21434486325549__e5f59918-4dc8-4b07-8447-8bd2627ced5e-logo-4","template--21434486325549__e5f59918-4dc8-4b07-8447-8bd2627ced5e-logo-5","34b6972d-d28a-4c2f-a1ec-b616c36ace1b"],"settings":{"heading":"","heading_size":100,"heading_alignment":"center","corner_image":0,"show_border":false,"image_ratio":"56","background_color_light":"rgba(0,0,0,0)","background_color_dark":"rgba(0,0,0,0)","enable_carousel_on_desktop":false,"auto_switch_bar":true,"change_bar_every":5,"show_navigation":true,"columns_desktop":6,"full_width":true,"show_section_divider":true,"spacing":28,"padding_top":16,"padding_bottom":16,"layout_mobile":"carousel","columns_mobile":"2","show_section_divider_mobile":true,"spacing_mobile":10,"padding_top_mobile":12,"padding_bottom_mobile":12}},"666ab855-e104-4440-ac89-738b40c014b9":{"type":"media-gallery","blocks":{"template--15966815617124__666ab855-e104-4440-ac89-738b40c014b9-media-1":{"type":"media","settings":{"image_link":"","open_new_window":false,"video_url":"","enable_video_autoplay":true,"video_alt_text":"","content_position":"center","overlay_opacity":0,"number_of_columns":2,"number_of_row":2,"title":"","title_size":80,"text":"","text_size":130,"text_align":"center","button_label":"","button_link":"","open_new_window_button":false,"color_overlay":"rgba(0,0,0,0)","title_color":"rgba(0,0,0,0)","text_color":"rgba(0,0,0,0)","color_button":"rgba(0,0,0,0)","background_button":"rgba(0,0,0,0)","color_button_hover":"rgba(0,0,0,0)","background_button_hover":"rgba(0,0,0,0)"}},"template--15966815617124__666ab855-e104-4440-ac89-738b40c014b9-media-2":{"type":"media","settings":{"image_link":"","open_new_window":false,"video_url":"","enable_video_autoplay":true,"video_alt_text":"","content_position":"center","overlay_opacity":0,"number_of_columns":1,"number_of_row":1,"title":"","title_size":80,"text":"","text_size":130,"text_align":"center","button_label":"","button_link":"","open_new_window_button":false,"color_overlay":"rgba(0,0,0,0)","title_color":"rgba(0,0,0,0)","text_color":"rgba(0,0,0,0)","color_button":"rgba(0,0,0,0)","background_button":"rgba(0,0,0,0)","color_button_hover":"rgba(0,0,0,0)","background_button_hover":"rgba(0,0,0,0)"}},"4c7ac842-3a07-4e84-8521-c764bf10bdbe":{"type":"media","settings":{"image_link":"","open_new_window":false,"video_url":"","enable_video_autoplay":true,"video_alt_text":"","content_position":"center","overlay_opacity":0,"number_of_columns":1,"number_of_row":1,"title":"","title_size":80,"text":"","text_size":130,"text_align":"center","button_label":"","button_link":"","open_new_window_button":false,"color_overlay":"rgba(0,0,0,0)","title_color":"rgba(0,0,0,0)","text_color":"rgba(0,0,0,0)","color_button":"rgba(0,0,0,0)","background_button":"rgba(0,0,0,0)","color_button_hover":"rgba(0,0,0,0)","background_button_hover":"rgba(0,0,0,0)"}},"6f8bb69a-0b0b-4c7f-9fbf-50e79ee8f57a":{"type":"media","settings":{"image_link":"","open_new_window":false,"video_url":"","enable_video_autoplay":true,"video_alt_text":"","content_position":"center","overlay_opacity":0,"number_of_columns":2,"number_of_row":2,"title":"","title_size":80,"text":"","text_size":130,"text_align":"center","button_label":"","button_link":"","open_new_window_button":false,"color_overlay":"rgba(0,0,0,0)","title_color":"rgba(0,0,0,0)","text_color":"rgba(0,0,0,0)","color_button":"rgba(0,0,0,0)","background_button":"rgba(0,0,0,0)","color_button_hover":"rgba(0,0,0,0)","background_button_hover":"rgba(0,0,0,0)"}},"0a2f02fe-5650-43f7-b7a8-c6869453151d":{"type":"media","settings":{"image_link":"","open_new_window":false,"video_url":"","enable_video_autoplay":true,"video_alt_text":"","content_position":"center","overlay_opacity":0,"number_of_columns":1,"number_of_row":1,"title":"","title_size":80,"text":"","text_size":130,"text_align":"center","button_label":"","button_link":"","open_new_window_button":false,"color_overlay":"rgba(0,0,0,0)","title_color":"rgba(0,0,0,0)","text_color":"rgba(0,0,0,0)","color_button":"rgba(0,0,0,0)","background_button":"rgba(0,0,0,0)","color_button_hover":"rgba(0,0,0,0)","background_button_hover":"rgba(0,0,0,0)"}},"template--15966815617124__666ab855-e104-4440-ac89-738b40c014b9-media-3":{"type":"media","settings":{"image_link":"","open_new_window":false,"video_url":"","enable_video_autoplay":true,"video_alt_text":"","content_position":"center","overlay_opacity":0,"number_of_columns":1,"number_of_row":1,"title":"","title_size":80,"text":"","text_size":130,"text_align":"center","button_label":"","button_link":"","open_new_window_button":false,"color_overlay":"rgba(0,0,0,0)","title_color":"rgba(0,0,0,0)","text_color":"rgba(0,0,0,0)","color_button":"rgba(0,0,0,0)","background_button":"rgba(0,0,0,0)","color_button_hover":"rgba(0,0,0,0)","background_button_hover":"rgba(0,0,0,0)"}}},"block_order":["template--15966815617124__666ab855-e104-4440-ac89-738b40c014b9-media-1","template--15966815617124__666ab855-e104-4440-ac89-738b40c014b9-media-2","4c7ac842-3a07-4e84-8521-c764bf10bdbe","6f8bb69a-0b0b-4c7f-9fbf-50e79ee8f57a","0a2f02fe-5650-43f7-b7a8-c6869453151d","template--15966815617124__666ab855-e104-4440-ac89-738b40c014b9-media-3"],"settings":{"heading":"JOIN US OF #EURUSKIDS INSTAGRAM","heading_size":80,"heading_alignment":"left","max_columns":6,"spacing":4,"height_desktop":300,"show_section_divider":true,"full_width":true,"padding_full_width":true,"padding_top":52,"padding_bottom":32,"min_columns_mobile":"1","spacing_mobile":4,"height_mobile":250,"show_section_divider_mobile":true,"full_width_mobile":false,"padding_top_mobile":40,"padding_bottom_mobile":20}},"3945f98c-74c8-49cc-912c-2c127e74b2d4":{"type":"featured-blog","settings":{"heading":"ON THE BLOG","heading_size":80,"heading_alignment":"left","blog":"news","post_limit":3,"columns_desktop":3,"show_view_all":false,"view_all_position":"top","content_alignment":"left","show_image":true,"image_ratio":"75","item_secondary_background":false,"show_author":true,"show_name":false,"show_date":true,"show_excerpt":true,"show_tag":false,"show_comment_counts":false,"enable_desktop_slider":false,"swiper_on_mobile":true,"auto_play":false,"change_slides_speed":5,"full_width":false,"spacing":28,"show_section_divider":true,"padding_top":60,"padding_bottom":40,"columns_mobile":"1","spacing_mobile":28,"show_section_divider_mobile":false,"padding_top_mobile":28,"padding_bottom_mobile":20}},"24b2fa20-ded2-4b8a-b3e1-1bce07696393":{"type":"contact-form","blocks":{"template--15966815617124__24b2fa20-ded2-4b8a-b3e1-1bce07696393-name-1":{"type":"name","settings":{"heading":"Name","mark_as_required":false}},"template--15966815617124__24b2fa20-ded2-4b8a-b3e1-1bce07696393-email-1":{"type":"email","settings":{"heading":"Email"}},"template--15966815617124__24b2fa20-ded2-4b8a-b3e1-1bce07696393-phone-1":{"type":"phone","settings":{"heading":"Phone number","mark_as_required":false}},"template--15966815617124__24b2fa20-ded2-4b8a-b3e1-1bce07696393-message-1":{"type":"message","settings":{"heading":"Message","mark_as_required":false}}},"block_order":["template--15966815617124__24b2fa20-ded2-4b8a-b3e1-1bce07696393-name-1","template--15966815617124__24b2fa20-ded2-4b8a-b3e1-1bce07696393-email-1","template--15966815617124__24b2fa20-ded2-4b8a-b3e1-1bce07696393-phone-1","template--15966815617124__24b2fa20-ded2-4b8a-b3e1-1bce07696393-message-1"],"settings":{"heading":"GET IN TOUCH","heading_size":80,"heading_alignment":"left","text":"","background_color_light":"rgba(0,0,0,0)","background_color_dark":"rgba(0,0,0,0)","button_label":"SUBCRIBE","button_alignment":"right","success_message":"Thanks for contacting us. We'll get back to you as soon as possible.","show_content":"image","form_alignment":"right","image":"shopify:\/\/shop_images\/white-kitchen-island-minimalist-cabinet-doors-brass-faucet.webp","contact_heading":"Contact infomation","infomation":"","address":"75 9th Ave, New York, NY 10011-7006","phone_nummber":"+1234567890","email_address":"info@yourstore.com","contact_text":"<p>Opening hours<\/p><p>Mon - Fri, 8:30am - 10:30pm,<br\/>Saturday, 8:30am - 10:30pm,<br\/>Sunday, 8:30am - 10:30pm<\/p>","full_width":true,"show_section_divider":false,"padding_top":32,"padding_bottom":32,"full_width_mobile":false,"show_section_divider_mobile":false,"padding_top_mobile":20,"padding_bottom_mobile":20}}},"order":["slideshow","de03d7c6-fe15-4bb5-8053-8e51382b0cdd","8b3e6efa-36bc-410f-91b2-96b2af37a902","4160350c-3ea8-43bf-828f-c4c047cc166c","68762206-39d6-4385-b66c-69404976761c","461d4c73-510e-4d7e-a4ff-f51612ab9b25","65fc53ca-e7bd-4afb-a5ab-28519b95c76f","d2b47fc9-6a38-4d2e-b145-ab5fc91843e2","4f83b78e-0b28-45c0-af2f-45654e4372a4","e5f59918-4dc8-4b07-8447-8bd2627ced5e","666ab855-e104-4440-ac89-738b40c014b9","3945f98c-74c8-49cc-912c-2c127e74b2d4","24b2fa20-ded2-4b8a-b3e1-1bce07696393"]}