{"sections":{"main":{"type":"main-page","disabled":true,"settings":{"show_heading":true,"heading_size":170,"show_breadcrumbs":true,"show_breadcrumbs_border":false,"full_width_breadcrumb":true,"desktop_content_alignment":"text-left","mobile_content_alignment":"text-left","background_color_light":"#f2f2f2","text_color_light":"rgba(0,0,0,0)","textlink_color_light":"rgba(0,0,0,0)","background_color_dark":"#313131","text_color_dark":"rgba(0,0,0,0)","textlink_color_dark":"rgba(0,0,0,0)","padding_top":28,"padding_bottom":28,"padding_top_mobile":20,"padding_bottom_mobile":20}},"33c11369-34bf-47c8-a884-888eef14674e":{"type":"contact-form","blocks":{"template--21744588226861__33c11369-34bf-47c8-a884-888eef14674e-name-1":{"type":"name","settings":{"heading":"Name","mark_as_required":false}},"template--21744588226861__33c11369-34bf-47c8-a884-888eef14674e-email-1":{"type":"email","settings":{"heading":"Email"}},"template--21744588226861__33c11369-34bf-47c8-a884-888eef14674e-phone-1":{"type":"phone","settings":{"heading":"Phone number","mark_as_required":false}},"template--21744588226861__33c11369-34bf-47c8-a884-888eef14674e-message-1":{"type":"message","settings":{"heading":"Message","mark_as_required":false}}},"block_order":["template--21744588226861__33c11369-34bf-47c8-a884-888eef14674e-name-1","template--21744588226861__33c11369-34bf-47c8-a884-888eef14674e-email-1","template--21744588226861__33c11369-34bf-47c8-a884-888eef14674e-phone-1","template--21744588226861__33c11369-34bf-47c8-a884-888eef14674e-message-1"],"settings":{"heading":"Questions? Send us an email","heading_size":80,"heading_alignment":"left","text":"","background_color_light":"#f7f7f7","background_color_dark":"#2a2a2a","button_label":"SEND","button_alignment":"left","success_message":"Thanks for contacting us. We'll get back to you as soon as possible.","show_content":"image","form_alignment":"right","image":"shopify:\/\/shop_images\/Img_57_230d91bf-792c-444e-8aaf-80549d561be3.png","desktop_height":"650px","mobile_height":"400px","contact_heading":"Contact infomation","infomation":"","address":"75 9th Ave, New York, NY 10011-7006","phone_nummber":"+1234567890","email_address":"info@yourstore.com","contact_text":"<p>Opening hours<\/p><p>Mon - Fri, 8:30am - 10:30pm,<br\/>Saturday, 8:30am - 10:30pm,<br\/>Sunday, 8:30am - 10:30pm<\/p>","full_width":true,"show_section_divider":false,"padding_top":28,"padding_bottom":28,"full_width_mobile":false,"show_section_divider_mobile":false,"padding_top_mobile":28,"padding_bottom_mobile":28}},"dde443be-5f2a-4976-9c67-2fb2410e9f3b":{"type":"custom-liquid","settings":{"custom_liquid":"","full_width":false,"show_section_divider":false,"padding_top":0,"padding_bottom":4,"full_width_mobile":false,"show_section_divider_mobile":false,"padding_top_mobile":0,"padding_bottom_mobile":4}},"a4415918-c557-4c04-9acc-78592197ebeb":{"type":"multicolumn","blocks":{"template--16227738386592__a4415918-c557-4c04-9acc-78592197ebeb-column-1":{"type":"column","settings":{"icon":"truck","custom_icon":"","title":"Free Shipping","title_link":"","open_new_window":false,"heading_size":120,"text":"<p>Free Shipping For Orders Over $130<\/p>"}},"template--16227738386592__a4415918-c557-4c04-9acc-78592197ebeb-column-3":{"type":"column","settings":{"icon":"box","custom_icon":"","title":"Big Saving","title_link":"","open_new_window":false,"heading_size":120,"text":"<p>Big Saving On First Order Over $99.99<\/p>"}},"template--16227738386592__a4415918-c557-4c04-9acc-78592197ebeb-column-2":{"type":"column","settings":{"icon":"chat-bubble","custom_icon":"","title":"Online Support","title_link":"","open_new_window":false,"heading_size":120,"text":"<p>24 Hours A Day, 7 Days A Week<\/p>"}},"04286afd-6c86-4011-b8eb-5c4d1fe9720a":{"type":"column","settings":{"icon":"check-mark","custom_icon":"","title":"Flexible Payment","title_link":"","open_new_window":false,"heading_size":120,"text":"<p>Pay With Multiple Credit Cards<\/p>"}}},"block_order":["template--16227738386592__a4415918-c557-4c04-9acc-78592197ebeb-column-1","template--16227738386592__a4415918-c557-4c04-9acc-78592197ebeb-column-3","template--16227738386592__a4415918-c557-4c04-9acc-78592197ebeb-column-2","04286afd-6c86-4011-b8eb-5c4d1fe9720a"],"settings":{"title":"","heading_size":100,"secondary_background":"section","border_column":"line_vertical","column_content_alignment":"start","icon_position":"above","icon_size":36,"enable_desktop_slider":false,"swiper_on_mobile":true,"change_bar_every":3,"background_color_light":"#f7f7f7","heading_light":"#0d0d0d","text_light":"#0d0d0d","line_border_light":"#e3e3e3","color_icon_light":"#0d0d0d","background_color_dark":"rgba(0,0,0,0)","heading_dark":"#ffffff","text_dark":"#ffffff","line_border_dark":"rgba(0,0,0,0)","color_icon_dark":"#ffffff","column_layout_desktop":"lg:w-1\/4","section_height_desktop":"md:py-0","spacing_desktop":40,"full_width":false,"show_section_divider":false,"padding_top":56,"padding_bottom":56,"column_layout_mobile":"w-full","section_height_mobile":"py-0","spacing_mobile":0,"full_width_mobile":true,"show_section_divider_mobile":false,"padding_top_mobile":28,"padding_bottom_mobile":28}},"37dff2f5-e4ab-4e10-8114-6fad9cdeee7a":{"type":"map","blocks":{"template--21744588226861__37dff2f5-e4ab-4e10-8114-6fad9cdeee7a-heading-1":{"type":"heading","settings":{"heading":"Store name","heading_size":90}},"template--21744588226861__37dff2f5-e4ab-4e10-8114-6fad9cdeee7a-richtext-1":{"type":"richtext","settings":{"text":"<p><\/p><p>620 King Street West<br\/>Toronto, ON M5V 1M7, Canada<\/p><p><\/p><p>Mon - Fri, 8:30am - 10:30pm,<br\/>Saturday, 8:30am - 10:30pm,<br\/>Sunday, 8:30am - 10:30pm<\/p>","text_size":100}},"template--21744588226861__37dff2f5-e4ab-4e10-8114-6fad9cdeee7a-button-1":{"type":"button","settings":{"button_label":"GET DIRECTIONS"}}},"block_order":["template--21744588226861__37dff2f5-e4ab-4e10-8114-6fad9cdeee7a-heading-1","template--21744588226861__37dff2f5-e4ab-4e10-8114-6fad9cdeee7a-richtext-1","template--21744588226861__37dff2f5-e4ab-4e10-8114-6fad9cdeee7a-button-1"],"settings":{"store_address":"620 King Street WestToronto, ON M5V 1M7, Canada","desktop_height":"600px","mobile_height":"600px","rounded_corner_image":false,"content_position":"top-left","content_alignment":"left","bg_color_map":"rgba(0,0,0,0)","text_color_map":"rgba(0,0,0,0)","heading_color":"rgba(0,0,0,0)","bg_color_map_dark":"rgba(0,0,0,0)","text_color_map_dark":"rgba(0,0,0,0)","heading_color_dark":"rgba(0,0,0,0)","full_width":true,"padding_top":4,"padding_bottom":0,"full_width_mobile":true,"padding_top_mobile":4,"padding_bottom_mobile":0}}},"order":["main","33c11369-34bf-47c8-a884-888eef14674e","dde443be-5f2a-4976-9c67-2fb2410e9f3b","a4415918-c557-4c04-9acc-78592197ebeb","37dff2f5-e4ab-4e10-8114-6fad9cdeee7a"]}