{"sections":{"main":{"type":"main-page","disabled":true,"settings":{"show_heading":true,"heading_size":170,"show_breadcrumbs":true,"show_breadcrumbs_border":false,"full_width_breadcrumb":true,"desktop_content_alignment":"text-left","mobile_content_alignment":"text-left","background_color_light":"#f2f2f2","text_color_light":"rgba(0,0,0,0)","textlink_color_light":"rgba(0,0,0,0)","background_color_dark":"#313131","text_color_dark":"rgba(0,0,0,0)","textlink_color_dark":"rgba(0,0,0,0)","padding_top":28,"padding_bottom":28,"padding_top_mobile":20,"padding_bottom_mobile":20}},"706e7610-1e19-47fe-afdc-3d0d2e919074":{"type":"slideshow","blocks":{"template--20754774196525__706e7610-1e19-47fe-afdc-3d0d2e919074-slide-1":{"type":"slide","settings":{"image":"","image_mobile":"","overlay_opacity":20,"subheading":"UP TO 30% OFF","heading":"Spring Summer Sale","heading_size":160,"text":"","button_label_1":"New Arrival","button_link_1":"","open_new_window_button":false,"button_label_2":"Shop All","button_link_2":"","open_new_window_button_2":false,"content_alignment":"custom","custom_horizontal":20,"custom_vertical":50,"color_text":"#ffffff","color_button":"#ffffff","color_text_button":"#000000","color_button_hover":"rgba(0,0,0,0)","color_text_button_hover":"rgba(0,0,0,0)","color_button_secondary":"#ffffff"}},"template--20754774196525__706e7610-1e19-47fe-afdc-3d0d2e919074-slide-2":{"type":"slide","settings":{"image":"","image_mobile":"","overlay_opacity":20,"subheading":"UP TO 30% OFF","heading":"Spring Summer Sale","heading_size":160,"text":"","button_label_1":"New Arrival","button_link_1":"","open_new_window_button":false,"button_label_2":"Shop All","button_link_2":"","open_new_window_button_2":false,"content_alignment":"custom","custom_horizontal":80,"custom_vertical":50,"color_text":"#ffffff","color_button":"#ffffff","color_text_button":"#000000","color_button_hover":"rgba(0,0,0,0)","color_text_button_hover":"rgba(0,0,0,0)","color_button_secondary":"#ffffff"}},"cebdbaa1-4027-4fee-8580-8a6e46f2ab59":{"type":"slide","settings":{"image":"","image_mobile":"","overlay_opacity":20,"subheading":"UP TO 30% OFF","heading":"Spring Summer Sale","heading_size":160,"text":"","button_label_1":"New Arrival","button_link_1":"","open_new_window_button":false,"button_label_2":"Shop All","button_link_2":"","open_new_window_button_2":false,"content_alignment":"middle-center","custom_horizontal":50,"custom_vertical":51,"color_text":"#ffffff","color_button":"#ffffff","color_text_button":"#000000","color_button_hover":"rgba(0,0,0,0)","color_text_button_hover":"rgba(0,0,0,0)","color_button_secondary":"#ffffff"}}},"block_order":["template--20754774196525__706e7610-1e19-47fe-afdc-3d0d2e919074-slide-1","template--20754774196525__706e7610-1e19-47fe-afdc-3d0d2e919074-slide-2","cebdbaa1-4027-4fee-8580-8a6e46f2ab59"],"settings":{"show_hero":true,"auto_play":true,"change_slides_speed":5,"show_arrow":true,"slider_visual":"bars","transition_style":"fade","full_width":true,"padding_full_width":false,"rounded_corner_image":false,"desktop_height":"750","padding_top":0,"padding_bottom":0,"full_width_mobile":true,"rounded_corner_image_mobile":false,"mobile_height":"500","padding_top_mobile":0,"padding_bottom_mobile":0}},"04562db9-694b-486d-8371-e0eef3cb296a":{"type":"logo-list","blocks":{"template--20754774196525__04562db9-694b-486d-8371-e0eef3cb296a-logo-1":{"type":"logo","settings":{"image_logo":"","image_link":"","open_new_window":false}},"template--20754774196525__04562db9-694b-486d-8371-e0eef3cb296a-logo-2":{"type":"logo","settings":{"image_logo":"","image_link":"","open_new_window":false}},"template--20754774196525__04562db9-694b-486d-8371-e0eef3cb296a-logo-3":{"type":"logo","settings":{"image_logo":"","image_link":"","open_new_window":false}},"template--20754774196525__04562db9-694b-486d-8371-e0eef3cb296a-logo-4":{"type":"logo","settings":{"image_logo":"","image_link":"","open_new_window":false}},"e1aff670-3af1-43b5-a533-672904ac2ee3":{"type":"logo","settings":{"image_logo":"","image_link":"","open_new_window":false}},"5160449e-33f6-4259-9b13-f26aac3478b0":{"type":"logo","settings":{"image_logo":"","image_link":"","open_new_window":false}},"d411fd4d-6075-4056-8537-5349d4ceb6c0":{"type":"logo","settings":{"image_logo":"","image_link":"","open_new_window":false}},"38c68ae7-6287-4837-ad30-a51695af9a23":{"type":"logo","settings":{"image_logo":"","image_link":"","open_new_window":false}},"4b5da2f7-1900-4db1-9fb2-2a9ff3de9cce":{"type":"logo","settings":{"image_logo":"","image_link":"","open_new_window":false}}},"block_order":["template--20754774196525__04562db9-694b-486d-8371-e0eef3cb296a-logo-1","template--20754774196525__04562db9-694b-486d-8371-e0eef3cb296a-logo-2","template--20754774196525__04562db9-694b-486d-8371-e0eef3cb296a-logo-3","template--20754774196525__04562db9-694b-486d-8371-e0eef3cb296a-logo-4","e1aff670-3af1-43b5-a533-672904ac2ee3","5160449e-33f6-4259-9b13-f26aac3478b0","d411fd4d-6075-4056-8537-5349d4ceb6c0","38c68ae7-6287-4837-ad30-a51695af9a23","4b5da2f7-1900-4db1-9fb2-2a9ff3de9cce"],"settings":{"heading":"","heading_size":100,"corner_image":0,"background_color_light":"rgba(0,0,0,0)","background_color_dark":"rgba(0,0,0,0)","enable_carousel_on_desktop":true,"auto_switch_bar":true,"change_bar_every":5,"show_navigation":false,"columns_desktop":9,"full_width":true,"show_section_divider":false,"spacing":40,"padding_top":32,"padding_bottom":16,"layout_mobile":"carousel","columns_mobile":"2","show_section_divider_mobile":false,"spacing_mobile":16,"padding_top_mobile":16,"padding_bottom_mobile":16}},"397461cb-2431-439a-941a-df7e2b6c44a9":{"type":"media-gallery","blocks":{"template--20754774196525__397461cb-2431-439a-941a-df7e2b6c44a9-media-1":{"type":"media","settings":{"image":"","image_link":"","open_new_window":false,"video_url":"","enable_video_autoplay":true,"video_alt_text":"","content_position":"center","overlay_opacity":20,"number_of_columns":2,"number_of_row":2,"title":"Spring Summer New Collections","title_size":80,"text":"","text_size":130,"text_align":"center","button_label":"Discover more","button_link":"","open_new_window_button":false,"color_overlay":"rgba(0,0,0,0)","title_color":"#ffffff","text_color":"#ffffff","color_button":"#000000","background_button":"#ffffff","color_button_hover":"rgba(0,0,0,0)","background_button_hover":"rgba(0,0,0,0)"}},"template--20754774196525__397461cb-2431-439a-941a-df7e2b6c44a9-media-2":{"type":"media","settings":{"image":"","image_link":"","open_new_window":false,"video_url":"","enable_video_autoplay":true,"video_alt_text":"","content_position":"center","overlay_opacity":20,"number_of_columns":1,"number_of_row":1,"title":"Men’s Lookbook","title_size":80,"text":"","text_size":130,"text_align":"center","button_label":"Discover more","button_link":"","open_new_window_button":false,"color_overlay":"rgba(0,0,0,0)","title_color":"#ffffff","text_color":"#ffffff","color_button":"#000000","background_button":"#ffffff","color_button_hover":"rgba(0,0,0,0)","background_button_hover":"rgba(0,0,0,0)"}},"template--20754774196525__397461cb-2431-439a-941a-df7e2b6c44a9-media-3":{"type":"media","settings":{"image":"","image_link":"","open_new_window":false,"video_url":"","enable_video_autoplay":true,"video_alt_text":"","content_position":"center","overlay_opacity":20,"number_of_columns":1,"number_of_row":1,"title":"Women’s Lookbook","title_size":80,"text":"","text_size":130,"text_align":"center","button_label":"Discover more","button_link":"","open_new_window_button":false,"color_overlay":"rgba(0,0,0,0)","title_color":"#ffffff","text_color":"#ffffff","color_button":"#000000","background_button":"#ffffff","color_button_hover":"rgba(0,0,0,0)","background_button_hover":"rgba(0,0,0,0)"}}},"block_order":["template--20754774196525__397461cb-2431-439a-941a-df7e2b6c44a9-media-1","template--20754774196525__397461cb-2431-439a-941a-df7e2b6c44a9-media-2","template--20754774196525__397461cb-2431-439a-941a-df7e2b6c44a9-media-3"],"settings":{"heading":"","heading_size":100,"max_columns":2,"spacing":4,"height_desktop":270,"show_section_divider":false,"full_width":true,"padding_top":16,"padding_bottom":28,"min_columns_mobile":"1","spacing_mobile":4,"height_mobile":250,"show_section_divider_mobile":false,"full_width_mobile":true,"padding_top_mobile":16,"padding_bottom_mobile":16}},"0f96fde6-c5ae-4616-aeb0-91e707420954":{"type":"featured-collection","blocks":{"template--20754774196525__0f96fde6-c5ae-4616-aeb0-91e707420954-collection-1":{"type":"collection","settings":{"collection":"get-more-save-more","show_description":true,"description":"","show_vendor":false,"show_rating":true,"show_quickview":true,"show_promotion":false,"promotion_position":"left","card_link":"","open_new_window":false,"enable_text_overlay":false,"overlay_opacity":0,"image_ratio":"100","heading":"Featured collection","heading_size":70,"content":"<p>10% OFF<\/p>","text_size":100,"content_alignment":"center","content_position":"bottom","button_label":"See more","button_link":"","open_new_window_button":false,"background_color":"rgba(0,0,0,0)","color_text":"rgba(0,0,0,0)","color_button":"rgba(0,0,0,0)","color_text_button":"rgba(0,0,0,0)","color_button_hover":"rgba(0,0,0,0)","color_text_button_hover":"rgba(0,0,0,0)","color_button_secondary":"rgba(0,0,0,0)"}},"960ad02d-0fcb-4e3b-a0d0-b1dd54b7063a":{"type":"collection","settings":{"collection":"get-more-save-more","show_description":true,"description":"","show_vendor":false,"show_rating":true,"show_quickview":true,"show_promotion":false,"promotion_position":"left","card_link":"","open_new_window":false,"enable_text_overlay":false,"overlay_opacity":0,"image_ratio":"100","heading":"Featured collection","heading_size":70,"content":"<p>10% OFF<\/p>","text_size":100,"content_alignment":"center","content_position":"bottom","button_label":"See more","button_link":"","open_new_window_button":false,"background_color":"rgba(0,0,0,0)","color_text":"rgba(0,0,0,0)","color_button":"rgba(0,0,0,0)","color_text_button":"rgba(0,0,0,0)","color_button_hover":"rgba(0,0,0,0)","color_text_button_hover":"rgba(0,0,0,0)","color_button_secondary":"rgba(0,0,0,0)"}},"45e4ec3a-57c9-4097-b1f9-0adae06399d1":{"type":"collection","settings":{"collection":"get-more-save-more","show_description":true,"description":"","show_vendor":false,"show_rating":true,"show_quickview":true,"show_promotion":false,"promotion_position":"left","card_link":"","open_new_window":false,"enable_text_overlay":false,"overlay_opacity":0,"image_ratio":"100","heading":"Featured collection","heading_size":70,"content":"<p>10% OFF<\/p>","text_size":100,"content_alignment":"center","content_position":"bottom","button_label":"See more","button_link":"","open_new_window_button":false,"background_color":"rgba(0,0,0,0)","color_text":"rgba(0,0,0,0)","color_button":"rgba(0,0,0,0)","color_text_button":"rgba(0,0,0,0)","color_button_hover":"rgba(0,0,0,0)","color_text_button_hover":"rgba(0,0,0,0)","color_button_secondary":"rgba(0,0,0,0)"}}},"block_order":["template--20754774196525__0f96fde6-c5ae-4616-aeb0-91e707420954-collection-1","960ad02d-0fcb-4e3b-a0d0-b1dd54b7063a","45e4ec3a-57c9-4097-b1f9-0adae06399d1"],"settings":{"title":"New Products","heading_size":100,"heading_alignment":"center","show_view_all":false,"view_all_position":"top","enable_desktop_slider":true,"swiper_on_mobile":true,"auto_play":false,"change_slides_speed":5,"columns_desktop":4,"rows_desktop":2,"spacing":28,"full_width":false,"show_section_divider":false,"padding_top":32,"padding_bottom":28,"columns_mobile":"2","spacing_mobile":16,"full_width_mobile":false,"show_section_divider_mobile":false,"padding_top_mobile":16,"padding_bottom_mobile":16}},"ecf97707-6e24-4733-8ffc-68790638162e":{"type":"promotion-banner","blocks":{"template--16100011540640__ecf97707-6e24-4733-8ffc-68790638162e-image_banner-1":{"type":"image_banner","settings":{"heading":"Hot Deal of This Week","heading_size":170,"subheading":"","text":"Sale Minium 25% Discount Or Up 75% Off On A Big Range Of Clothing","text_size":130,"content_box_type":"square","add_frame":false,"color_content_box_light":"rgba(0,0,0,0)","color_content_box_dark":"rgba(0,0,0,0)"}},"893d2607-b668-4495-8253-23f1e6fd2a31":{"type":"countdown_timer","settings":{"timezone":"-4","end_year":2023,"end_month":"12","end_day":"1","end_hour":"0","end_minute":"0","timer_color_countdown":"rgba(0,0,0,0)","text_color_countdown":"#525151","bg_color_countdown":"#ffffff"}},"template--16100011540640__ecf97707-6e24-4733-8ffc-68790638162e-buttons-1":{"type":"buttons","settings":{"button_label":"Discover more","button_link":"","open_new_window_button":false,"button_label_2":"","button_link_2":"","open_new_window_button_2":false,"color_button":"#ffffff","color_button_hover":"rgba(0,0,0,0)","color_text_button":"#000000","color_text_button_hover":"rgba(0,0,0,0)","color_button_secondary":"#000000"}}},"block_order":["template--16100011540640__ecf97707-6e24-4733-8ffc-68790638162e-image_banner-1","893d2607-b668-4495-8253-23f1e6fd2a31","template--16100011540640__ecf97707-6e24-4733-8ffc-68790638162e-buttons-1"],"settings":{"heading":"Promotion Banner","image":"","image_link":"","open_new_window":false,"image_overlay_opacity":10,"content_position":"center-left","content_horizontal":50,"content_vertical":50,"position_content_mobile":"center","content_alignment":"left","show_hero":false,"full_width":true,"padding_full_width":false,"rounded_corner_image":false,"desktop_height":"750px","padding_top":32,"padding_bottom":28,"full_width_mobile":true,"rounded_corner_image_mobile":false,"mobile_height":"400px","padding_top_mobile":16,"padding_bottom_mobile":16}},"e47b6a65-efa1-4c26-9164-ed231aefb978":{"type":"newsletter","blocks":{"template--20754774196525__e47b6a65-efa1-4c26-9164-ed231aefb978-heading-1":{"type":"heading","settings":{"heading":"Subscribe to our emails","heading_size":100}},"template--20754774196525__e47b6a65-efa1-4c26-9164-ed231aefb978-paragraph-1":{"type":"paragraph","settings":{"text":"<p>Apply for our free membership to receive exclusive deals, news and events.<\/p>"}},"template--20754774196525__e47b6a65-efa1-4c26-9164-ed231aefb978-email_form-1":{"type":"email_form","settings":{"button_label":"Subscribe","form_width":"large"}}},"block_order":["template--20754774196525__e47b6a65-efa1-4c26-9164-ed231aefb978-heading-1","template--20754774196525__e47b6a65-efa1-4c26-9164-ed231aefb978-paragraph-1","template--20754774196525__e47b6a65-efa1-4c26-9164-ed231aefb978-email_form-1"],"settings":{"background_color_light":"","heading_light":"rgba(0,0,0,0)","text_light":"rgba(0,0,0,0)","button_light":"rgba(0,0,0,0)","button_text_light":"rgba(0,0,0,0)","button_hover_light":"rgba(0,0,0,0)","button_text_hover_light":"rgba(0,0,0,0)","line_border":"rgba(0,0,0,0)","background_color_dark":"","heading_dark":"rgba(0,0,0,0)","text_dark":"rgba(0,0,0,0)","button_dark":"rgba(0,0,0,0)","button_text_dark":"rgba(0,0,0,0)","button_hover_dark":"rgba(0,0,0,0)","button_text_hover_dark":"rgba(0,0,0,0)","line_border_dark":"rgba(0,0,0,0)","padding_top":48,"padding_bottom":48,"padding_top_mobile":24,"padding_bottom_mobile":24}},"4fc0bfde-2c0e-4ff5-aa98-8b03a7ab1481":{"type":"map","blocks":{"template--20754774196525__4fc0bfde-2c0e-4ff5-aa98-8b03a7ab1481-heading-1":{"type":"heading","settings":{"heading":"Find Our Store","heading_size":80}},"template--20754774196525__4fc0bfde-2c0e-4ff5-aa98-8b03a7ab1481-richtext-1":{"type":"richtext","settings":{"text":"<p>75 9th Ave, New York, NY 10011-7006<\/p><p>Mon - Fri, 8:30am - 10:30pm,<br\/>Saturday, 8:30am - 10:30pm,<br\/>Sunday, 8:30am - 10:30pm<\/p>","text_size":100}},"template--20754774196525__4fc0bfde-2c0e-4ff5-aa98-8b03a7ab1481-button-1":{"type":"button","settings":{"button_label":"Get directions"}}},"block_order":["template--20754774196525__4fc0bfde-2c0e-4ff5-aa98-8b03a7ab1481-heading-1","template--20754774196525__4fc0bfde-2c0e-4ff5-aa98-8b03a7ab1481-richtext-1","template--20754774196525__4fc0bfde-2c0e-4ff5-aa98-8b03a7ab1481-button-1"],"settings":{"store_address":"75 9th Ave, New York, NY 10011-7006","desktop_height":"600px","mobile_height":"600px","rounded_corner_image":false,"content_position":"top-left","content_alignment":"left","bg_color_map":"#f6f6f6","text_color_map":"rgba(0,0,0,0)","heading_color":"rgba(0,0,0,0)","bg_color_map_dark":"#2a2a2a","text_color_map_dark":"rgba(0,0,0,0)","heading_color_dark":"rgba(0,0,0,0)","full_width":true,"padding_top":48,"padding_bottom":0,"full_width_mobile":true,"padding_top_mobile":24,"padding_bottom_mobile":0}}},"order":["main","706e7610-1e19-47fe-afdc-3d0d2e919074","04562db9-694b-486d-8371-e0eef3cb296a","397461cb-2431-439a-941a-df7e2b6c44a9","0f96fde6-c5ae-4616-aeb0-91e707420954","ecf97707-6e24-4733-8ffc-68790638162e","e47b6a65-efa1-4c26-9164-ed231aefb978","4fc0bfde-2c0e-4ff5-aa98-8b03a7ab1481"]}