{"sections":{"main":{"type":"main-page","disabled":true,"settings":{"show_heading":true,"heading_size":170,"show_breadcrumbs":true,"show_breadcrumbs_border":false,"full_width_breadcrumb":true,"desktop_content_alignment":"text-left","mobile_content_alignment":"text-left","background_color_light":"#f2f2f2","text_color_light":"rgba(0,0,0,0)","textlink_color_light":"rgba(0,0,0,0)","background_color_dark":"#313131","text_color_dark":"rgba(0,0,0,0)","textlink_color_dark":"rgba(0,0,0,0)","padding_top":28,"padding_bottom":28,"padding_top_mobile":20,"padding_bottom_mobile":20}},"4c9e1af5-c4c0-48cf-b771-49029eedd24f":{"type":"slideshow","blocks":{"template--20740642505005__4c9e1af5-c4c0-48cf-b771-49029eedd24f-slide-1":{"type":"slide","settings":{"overlay_opacity":20,"subheading":"Summer Collections","heading":"New Arrivals & Restock","heading_size":160,"text":"","button_label_1":"New Arrival","button_link_1":"","open_new_window_button":false,"button_label_2":"Shop All","button_link_2":"","open_new_window_button_2":false,"content_alignment":"middle-left","custom_horizontal":50,"custom_vertical":50,"color_text":"rgba(0,0,0,0)","color_button":"#ffffff","color_text_button":"#000000","color_button_hover":"rgba(0,0,0,0)","color_text_button_hover":"rgba(0,0,0,0)","color_button_secondary":"rgba(0,0,0,0)"}},"template--20740642505005__4c9e1af5-c4c0-48cf-b771-49029eedd24f-slide-2":{"type":"slide","settings":{"overlay_opacity":20,"subheading":"Summer Collections","heading":"New Arrivals & Restock","heading_size":160,"text":"<p>Tell your brand's story through images<\/p>","button_label_1":"New Arrival","button_link_1":"","open_new_window_button":false,"button_label_2":"Shop All","button_link_2":"","open_new_window_button_2":false,"content_alignment":"middle-center","custom_horizontal":50,"custom_vertical":50,"color_text":"rgba(0,0,0,0)","color_button":"#ffffff","color_text_button":"#000000","color_button_hover":"rgba(0,0,0,0)","color_text_button_hover":"rgba(0,0,0,0)","color_button_secondary":"rgba(0,0,0,0)"}},"22d0c1f1-c698-47cb-9ca4-ee29a140da77":{"type":"slide","settings":{"overlay_opacity":20,"subheading":"Summer Collections","heading":"New Arrivals & Restock","heading_size":160,"text":"<p>Tell your brand's story through images<\/p>","button_label_1":"New Arrival","button_link_1":"","open_new_window_button":false,"button_label_2":"Shop All","button_link_2":"","open_new_window_button_2":false,"content_alignment":"bottom-right","custom_horizontal":50,"custom_vertical":50,"color_text":"rgba(0,0,0,0)","color_button":"#ffffff","color_text_button":"#000000","color_button_hover":"rgba(0,0,0,0)","color_text_button_hover":"rgba(0,0,0,0)","color_button_secondary":"rgba(0,0,0,0)"}}},"block_order":["template--20740642505005__4c9e1af5-c4c0-48cf-b771-49029eedd24f-slide-1","template--20740642505005__4c9e1af5-c4c0-48cf-b771-49029eedd24f-slide-2","22d0c1f1-c698-47cb-9ca4-ee29a140da77"],"settings":{"show_hero":true,"auto_play":true,"change_slides_speed":10,"show_arrow":false,"slider_visual":"bars","transition_style":"fade","full_width":true,"padding_full_width":false,"rounded_corner_image":false,"desktop_height":"fullscreen","padding_top":0,"padding_bottom":4,"full_width_mobile":true,"rounded_corner_image_mobile":false,"mobile_height":"500","padding_top_mobile":0,"padding_bottom_mobile":4}},"968a63ef-b0dd-4018-a897-868bb08e2060":{"type":"collection-list","blocks":{"07e3975d-e01e-47a1-bc96-2284e2a4cbd2":{"type":"promotion_block","settings":{"heading":"Shop Now for 20% OFF","title_size":80,"content":"","text_size":100,"image_overlay_opacity":20,"button_label":"Shop Collection’s","button_link":"","open_new_window":false,"alignment":"left","content_position":"center","background_color_light":"#f6f6f6","text_color_light":"#525151","background_color_dark":"#2a2a2a","text_color_dark":"#ffffff","color_button":"rgba(0,0,0,0)","color_text_button":"rgba(0,0,0,0)","color_button_hover":"rgba(0,0,0,0)","color_text_button_hover":"rgba(0,0,0,0)","color_button_secondary":"rgba(0,0,0,0)"}},"template--20740642505005__968a63ef-b0dd-4018-a897-868bb08e2060-featured_collection-1":{"type":"featured_collection","settings":{"collection":"get-more-save-more"}},"template--20740642505005__968a63ef-b0dd-4018-a897-868bb08e2060-featured_collection-2":{"type":"featured_collection","settings":{"collection":"get-more-save-more"}},"template--20740642505005__968a63ef-b0dd-4018-a897-868bb08e2060-featured_collection-3":{"type":"featured_collection","settings":{"collection":"get-more-save-more"}},"template--20740642505005__968a63ef-b0dd-4018-a897-868bb08e2060-featured_collection-4":{"type":"featured_collection","settings":{"collection":"get-more-save-more"}}},"block_order":["07e3975d-e01e-47a1-bc96-2284e2a4cbd2","template--20740642505005__968a63ef-b0dd-4018-a897-868bb08e2060-featured_collection-1","template--20740642505005__968a63ef-b0dd-4018-a897-868bb08e2060-featured_collection-2","template--20740642505005__968a63ef-b0dd-4018-a897-868bb08e2060-featured_collection-3","template--20740642505005__968a63ef-b0dd-4018-a897-868bb08e2060-featured_collection-4"],"settings":{"heading":"","heading_size":100,"heading_alignment":"center","show_view_all":false,"background_color_light":"","background_color_dark":"","image_ratio":"square","title_size":80,"show_text_overlay":false,"content_alignment":"center","content_position":"bottom","image_overlay_opacity":5,"title_color":"rgba(0,0,0,0)","text_light":"rgba(0,0,0,0)","title_color_dark":"rgba(0,0,0,0)","text_dark":"rgba(0,0,0,0)","show_item_count":true,"columns_desktop":5,"columns_mobile":"1","enable_desktop_slider":true,"swiper_on_mobile":true,"spacing":4,"show_section_divider":false,"full_width":true,"padding_top":0,"padding_bottom":60,"spacing_mobile":4,"show_section_divider_mobile":false,"padding_top_mobile":0,"padding_bottom_mobile":60}},"54b5ca13-d299-4c08-a7bb-27c0a714c64d":{"type":"flash-sale","blocks":{"template--16231308525728__54b5ca13-d299-4c08-a7bb-27c0a714c64d-image_banner-1":{"type":"image_banner","settings":{"heading":"Sale 45% Off","heading_size":100,"text":"<p>Hurry up! Get the best deal at best price. coupon_code<\/p>","text_size":100,"coupon_code":"Flashsale45","coupon_color":"rgba(0,0,0,0)","coupon_color_dark":"rgba(0,0,0,0)"}},"template--16231308525728__54b5ca13-d299-4c08-a7bb-27c0a714c64d-countdown_timer-1":{"type":"countdown_timer","settings":{"timezone":"-4","end_year":2023,"end_month":"1","end_day":"1","end_hour":"0","end_minute":"0","timer_style":"square","border_style":"line_vertical","overlay_opacity":100,"timer_color_countdown":"rgba(0,0,0,0)","text_color_countdown":"rgba(0,0,0,0)","bg_color_countdown":"rgba(0,0,0,0)","spacing_col":40,"spacing_col_mobile":8}},"template--16231308525728__54b5ca13-d299-4c08-a7bb-27c0a714c64d-buttons-1":{"type":"buttons","settings":{"button_label":"SHOP NOW","button_link":"","open_new_window_button":false,"color_button":"rgba(0,0,0,0)","color_button_hover":"rgba(0,0,0,0)","color_text_button":"rgba(0,0,0,0)","color_text_button_hover":"rgba(0,0,0,0)","color_button_secondary":"rgba(0,0,0,0)"}}},"block_order":["template--16231308525728__54b5ca13-d299-4c08-a7bb-27c0a714c64d-image_banner-1","template--16231308525728__54b5ca13-d299-4c08-a7bb-27c0a714c64d-countdown_timer-1","template--16231308525728__54b5ca13-d299-4c08-a7bb-27c0a714c64d-buttons-1"],"settings":{"image_overlay_opacity":0,"show_hero":false,"border_section":"dotted","content_layout":"horizontal","content_alignment":"left","full_width":false,"padding_full_width":false,"rounded_corner_image":true,"spacing_col":40,"spacing_row":32,"padding_top":0,"padding_bottom":60,"content_alignment_mobile":"center","full_width_mobile":false,"rounded_corner_image_mobile":true,"spacing_row_mobile":20,"padding_top_mobile":0,"padding_bottom_mobile":32,"background_color_light":"rgba(0,0,0,0)","heading_light":"rgba(0,0,0,0)","text_light":"rgba(0,0,0,0)","line_border_light":"rgba(0,0,0,0)","background_color_dark":"rgba(0,0,0,0)","heading_dark":"rgba(0,0,0,0)","text_dark":"rgba(0,0,0,0)","line_border_dark":"rgba(0,0,0,0)"}},"fbb5b3ad-c819-4962-b828-b609fa3c70f6":{"type":"featured-collection","blocks":{"template--20740642505005__fbb5b3ad-c819-4962-b828-b609fa3c70f6-collection-1":{"type":"collection","settings":{"collection":"get-more-save-more","show_description":false,"description":"","show_vendor":false,"show_rating":false,"show_quickview":true,"show_promotion":false,"promotion_position":"left","card_link":"","open_new_window":false,"enable_text_overlay":false,"overlay_opacity":0,"image_ratio":"100","heading":"Featured collection","heading_size":70,"content":"<p>10% OFF<\/p>","text_size":100,"content_alignment":"center","content_position":"bottom","button_label":"See more","button_link":"","open_new_window_button":false,"background_color":"rgba(0,0,0,0)","color_text":"rgba(0,0,0,0)","color_button":"rgba(0,0,0,0)","color_text_button":"rgba(0,0,0,0)","color_button_hover":"rgba(0,0,0,0)","color_text_button_hover":"rgba(0,0,0,0)","color_button_secondary":"rgba(0,0,0,0)"}},"b1eccff0-906f-4b05-92d6-ada62a28a27a":{"type":"collection","settings":{"collection":"get-more-save-more","show_description":false,"description":"","show_vendor":false,"show_rating":false,"show_quickview":true,"show_promotion":false,"promotion_position":"left","card_link":"","open_new_window":false,"enable_text_overlay":false,"overlay_opacity":0,"image_ratio":"100","heading":"Featured collection","heading_size":70,"content":"<p>10% OFF<\/p>","text_size":100,"content_alignment":"center","content_position":"bottom","button_label":"See more","button_link":"","open_new_window_button":false,"background_color":"rgba(0,0,0,0)","color_text":"rgba(0,0,0,0)","color_button":"rgba(0,0,0,0)","color_text_button":"rgba(0,0,0,0)","color_button_hover":"rgba(0,0,0,0)","color_text_button_hover":"rgba(0,0,0,0)","color_button_secondary":"rgba(0,0,0,0)"}},"dd4033bc-1a7c-465d-8859-602e26648b9b":{"type":"collection","settings":{"collection":"get-more-save-more","show_description":false,"description":"","show_vendor":false,"show_rating":false,"show_quickview":true,"show_promotion":false,"promotion_position":"left","card_link":"","open_new_window":false,"enable_text_overlay":false,"overlay_opacity":0,"image_ratio":"100","heading":"Featured collection","heading_size":70,"content":"<p>10% OFF<\/p>","text_size":100,"content_alignment":"center","content_position":"bottom","button_label":"See more","button_link":"","open_new_window_button":false,"background_color":"rgba(0,0,0,0)","color_text":"rgba(0,0,0,0)","color_button":"rgba(0,0,0,0)","color_text_button":"rgba(0,0,0,0)","color_button_hover":"rgba(0,0,0,0)","color_text_button_hover":"rgba(0,0,0,0)","color_button_secondary":"rgba(0,0,0,0)"}}},"block_order":["template--20740642505005__fbb5b3ad-c819-4962-b828-b609fa3c70f6-collection-1","b1eccff0-906f-4b05-92d6-ada62a28a27a","dd4033bc-1a7c-465d-8859-602e26648b9b"],"settings":{"title":"Best Seller","heading_size":100,"heading_alignment":"center","show_view_all":false,"view_all_position":"top","title_size":120,"title_style":"none","enable_desktop_slider":false,"swiper_on_mobile":false,"auto_play":false,"change_slides_speed":5,"columns_desktop":4,"rows_desktop":1,"spacing":28,"full_width":false,"show_section_divider":false,"padding_top":0,"padding_bottom":28,"columns_mobile":"2","spacing_mobile":16,"full_width_mobile":false,"show_section_divider_mobile":false,"padding_top_mobile":0,"padding_bottom_mobile":20}},"8a890f3f-63e2-4b49-a9b9-1a8336601cd9":{"type":"media-gallery","blocks":{"template--20740642505005__8a890f3f-63e2-4b49-a9b9-1a8336601cd9-media-1":{"type":"media","settings":{"image_link":"","open_new_window":false,"video_url":"","enable_video_autoplay":true,"video_alt_text":"","content_position":"center","overlay_opacity":20,"number_of_columns":1,"number_of_row":1,"title":"Men’s Lookbook","title_size":80,"text":"","text_size":130,"text_align":"center","button_label":"Shop now","button_link":"","open_new_window_button":false,"color_overlay":"rgba(0,0,0,0)","title_color":"#ffffff","text_color":"#ffffff","color_button":"#000000","background_button":"#ffffff","color_button_hover":"rgba(0,0,0,0)","background_button_hover":"rgba(0,0,0,0)"}},"template--20740642505005__8a890f3f-63e2-4b49-a9b9-1a8336601cd9-media-2":{"type":"media","settings":{"image_link":"","open_new_window":false,"video_url":"","enable_video_autoplay":true,"video_alt_text":"","content_position":"center","overlay_opacity":20,"number_of_columns":1,"number_of_row":1,"title":"Women's Lookbook","title_size":80,"text":"","text_size":130,"text_align":"center","button_label":"Shop now","button_link":"","open_new_window_button":false,"color_overlay":"rgba(0,0,0,0)","title_color":"#ffffff","text_color":"#ffffff","color_button":"#000000","background_button":"#ffffff","color_button_hover":"rgba(0,0,0,0)","background_button_hover":"rgba(0,0,0,0)"}}},"block_order":["template--20740642505005__8a890f3f-63e2-4b49-a9b9-1a8336601cd9-media-1","template--20740642505005__8a890f3f-63e2-4b49-a9b9-1a8336601cd9-media-2"],"settings":{"heading":"","heading_size":100,"heading_alignment":"center","max_columns":2,"spacing":2,"height_desktop":500,"show_section_divider":false,"full_width":true,"padding_full_width":false,"padding_top":28,"padding_bottom":28,"min_columns_mobile":"1","spacing_mobile":20,"height_mobile":250,"show_section_divider_mobile":false,"full_width_mobile":false,"padding_top_mobile":28,"padding_bottom_mobile":28}},"23d7bd22-6884-4db0-965d-4bdfb561aef7":{"type":"featured-collection","blocks":{"template--20740642505005__23d7bd22-6884-4db0-965d-4bdfb561aef7-collection-1":{"type":"collection","settings":{"collection":"get-more-save-more","show_description":true,"description":"","show_vendor":false,"show_rating":true,"show_quickview":true,"show_promotion":true,"promotion_position":"right","card_link":"","open_new_window":false,"enable_text_overlay":true,"overlay_opacity":20,"image_ratio":"100","heading":"Women’s","heading_size":70,"content":"<p>More colourful place with our everyday essentials.<\/p>","text_size":100,"content_alignment":"left","content_position":"bottom","button_label":"Shop Women’s","button_link":"","open_new_window_button":false,"background_color":"rgba(0,0,0,0)","color_text":"#ffffff","color_button":"#ffffff","color_text_button":"#000000","color_button_hover":"rgba(0,0,0,0)","color_text_button_hover":"#000000","color_button_secondary":"rgba(0,0,0,0)"}}},"block_order":["template--20740642505005__23d7bd22-6884-4db0-965d-4bdfb561aef7-collection-1"],"settings":{"title":"Featured collections","heading_size":100,"heading_alignment":"left","show_view_all":false,"view_all_position":"top","title_size":120,"title_style":"none","enable_desktop_slider":true,"swiper_on_mobile":true,"auto_play":false,"change_slides_speed":5,"columns_desktop":3,"rows_desktop":2,"spacing":28,"full_width":false,"show_section_divider":false,"padding_top":28,"padding_bottom":28,"columns_mobile":"2","spacing_mobile":16,"full_width_mobile":false,"show_section_divider_mobile":false,"padding_top_mobile":28,"padding_bottom_mobile":28}},"566e6f7d-d8a1-4a94-8332-e57068ab510e":{"type":"multicolumn","blocks":{"template--20740642505005__566e6f7d-d8a1-4a94-8332-e57068ab510e-column-1":{"type":"column","settings":{"icon":"truck","custom_icon":"","title":"Free Shipping","title_link":"","open_new_window":false,"heading_size":120,"text":"<p>When you spend $100+<\/p>"}},"template--20740642505005__566e6f7d-d8a1-4a94-8332-e57068ab510e-column-2":{"type":"column","settings":{"icon":"heart","custom_icon":"","title":"Support 24\/7","title_link":"","open_new_window":false,"heading_size":120,"text":"<p>Ready to help our clients<\/p>"}},"template--20740642505005__566e6f7d-d8a1-4a94-8332-e57068ab510e-column-3":{"type":"column","settings":{"icon":"dollar-sign","custom_icon":"","title":"Secured Payments","title_link":"","open_new_window":false,"heading_size":120,"text":"<p>We are officially registered<\/p>"}},"template--20740642505005__566e6f7d-d8a1-4a94-8332-e57068ab510e-column-4":{"type":"column","settings":{"icon":"star","custom_icon":"","title":"14 Days Return","title_link":"","open_new_window":false,"heading_size":120,"text":"<p>Simply return within 30 days<\/p>"}}},"block_order":["template--20740642505005__566e6f7d-d8a1-4a94-8332-e57068ab510e-column-1","template--20740642505005__566e6f7d-d8a1-4a94-8332-e57068ab510e-column-2","template--20740642505005__566e6f7d-d8a1-4a94-8332-e57068ab510e-column-3","template--20740642505005__566e6f7d-d8a1-4a94-8332-e57068ab510e-column-4"],"settings":{"title":"","heading_size":100,"secondary_background":"section","border_column":"none","column_content_alignment":"start","icon_position":"next","icon_size":45,"enable_desktop_slider":true,"swiper_on_mobile":true,"change_bar_every":5,"background_color_light":"#f6f6f6","heading_light":"rgba(0,0,0,0)","text_light":"rgba(0,0,0,0)","line_border_light":"rgba(0,0,0,0)","color_icon_light":"rgba(0,0,0,0)","background_color_dark":"#2a2a2a","heading_dark":"rgba(0,0,0,0)","text_dark":"rgba(0,0,0,0)","line_border_dark":"rgba(0,0,0,0)","color_icon_dark":"rgba(0,0,0,0)","column_layout_desktop":"lg:w-1\/4","section_height_desktop":"md:py-7","spacing_desktop":30,"full_width":true,"show_section_divider":false,"padding_top":12,"padding_bottom":8,"column_layout_mobile":"w-full","section_height_mobile":"py-0","spacing_mobile":20,"full_width_mobile":true,"show_section_divider_mobile":false,"padding_top_mobile":12,"padding_bottom_mobile":0}},"100060d7-d6bb-4797-9c1b-c81d035a54c4":{"type":"promotion-banner","blocks":{"template--20740642505005__100060d7-d6bb-4797-9c1b-c81d035a54c4-image_banner-1":{"type":"image_banner","settings":{"heading":"Hot Deal of This Week","heading_size":170,"subheading":"","text":"Sale Minium 25% Discount Or Up 75% Off On A Big Range Of Clothing","text_size":130,"content_box_type":"square","add_frame":false,"color_content_box_light":"rgba(0,0,0,0)","color_content_box_dark":"rgba(0,0,0,0)"}},"874a8f1b-0474-46f3-9f9b-941b6bff35ee":{"type":"countdown_timer","settings":{"timezone":"-4","end_year":2024,"end_month":"1","end_day":"1","end_hour":"0","end_minute":"0","timer_style":"square","border_style":"border","overlay_opacity":100,"timer_color_countdown":"rgba(0,0,0,0)","text_color_countdown":"#525151","bg_color_countdown":"#ffffff","spacing_col":12,"spacing_col_mobile":8}},"template--20740642505005__100060d7-d6bb-4797-9c1b-c81d035a54c4-buttons-1":{"type":"buttons","settings":{"button_label":"Discover more","button_link":"","open_new_window_button":false,"button_label_2":"","button_link_2":"","open_new_window_button_2":false,"color_button":"#ffffff","color_button_hover":"rgba(0,0,0,0)","color_text_button":"#000000","color_text_button_hover":"rgba(0,0,0,0)","color_button_secondary":"rgba(0,0,0,0)"}}},"block_order":["template--20740642505005__100060d7-d6bb-4797-9c1b-c81d035a54c4-image_banner-1","874a8f1b-0474-46f3-9f9b-941b6bff35ee","template--20740642505005__100060d7-d6bb-4797-9c1b-c81d035a54c4-buttons-1"],"settings":{"heading":"Promotion Banner","image_link":"","open_new_window":false,"image_overlay_opacity":40,"content_position":"center-left","content_horizontal":50,"content_vertical":50,"position_content_mobile":"center","content_alignment":"left","show_hero":false,"full_width":true,"padding_full_width":false,"rounded_corner_image":false,"desktop_height":"650px","padding_top":0,"padding_bottom":0,"full_width_mobile":true,"rounded_corner_image_mobile":false,"mobile_height":"400px","padding_top_mobile":0,"padding_bottom_mobile":0}},"6c17bfd1-195f-49c2-b008-c7e24dba2adb":{"type":"scrolling-banner","blocks":{"template--20740642505005__6c17bfd1-195f-49c2-b008-c7e24dba2adb-text-1":{"type":"text","settings":{"text":"NEW ARRIVALS","text_size":130,"text_color":"primary","spacing_left":0,"spacing_right":0,"spacing_left_mobile":0,"spacing_right_mobile":0}},"template--20740642505005__6c17bfd1-195f-49c2-b008-c7e24dba2adb-text-2":{"type":"text","settings":{"text":"NEW ARRIVALS","text_size":130,"text_color":"primary","spacing_left":0,"spacing_right":0,"spacing_left_mobile":0,"spacing_right_mobile":0}},"411abba3-7cd4-4443-aa2d-94d2a2eee076":{"type":"text","settings":{"text":"NEW ARRIVALS","text_size":130,"text_color":"primary","spacing_left":0,"spacing_right":0,"spacing_left_mobile":0,"spacing_right_mobile":0}},"6705cdf2-d8d0-4837-98c5-bef114075ec1":{"type":"text","settings":{"text":"NEW ARRIVALS","text_size":130,"text_color":"primary","spacing_left":0,"spacing_right":0,"spacing_left_mobile":0,"spacing_right_mobile":0}},"ea79f92e-e67b-4d7e-bc96-f867e92344c1":{"type":"text","settings":{"text":"NEW ARRIVALS","text_size":130,"text_color":"primary","spacing_left":0,"spacing_right":0,"spacing_left_mobile":0,"spacing_right_mobile":0}},"df3b76dc-ff71-4bbf-bd51-095615d8ae0c":{"type":"text","settings":{"text":"NEW ARRIVALS","text_size":130,"text_color":"primary","spacing_left":0,"spacing_right":0,"spacing_left_mobile":0,"spacing_right_mobile":0}},"9991dc64-95e5-47ca-941d-ee818f5f31cb":{"type":"text","settings":{"text":"NEW ARRIVALS","text_size":130,"text_color":"primary","spacing_left":0,"spacing_right":0,"spacing_left_mobile":0,"spacing_right_mobile":0}}},"block_order":["template--20740642505005__6c17bfd1-195f-49c2-b008-c7e24dba2adb-text-1","template--20740642505005__6c17bfd1-195f-49c2-b008-c7e24dba2adb-text-2","411abba3-7cd4-4443-aa2d-94d2a2eee076","6705cdf2-d8d0-4837-98c5-bef114075ec1","ea79f92e-e67b-4d7e-bc96-f867e92344c1","df3b76dc-ff71-4bbf-bd51-095615d8ae0c","9991dc64-95e5-47ca-941d-ee818f5f31cb"],"settings":{"show_border":false,"speed":30,"direction":"right","pause_hover":false,"bg_light":"#000000","color_text_light":"#ffffff","color_text_light_2":"rgba(0,0,0,0)","bg_dark":"#f2f2f2","color_text_dark":"#202020","color_text_dark_2":"rgba(0,0,0,0)","space_block":60,"padding_top":16,"padding_bottom":16,"space_block_mobile":40,"padding_top_mobile":16,"padding_bottom_mobile":16}},"ead71f08-7c4c-42f5-a67a-80099ec5b398":{"type":"featured-blog","settings":{"heading":"Blog posts","heading_size":100,"heading_alignment":"center","blog":"bags","post_limit":3,"columns_desktop":3,"show_view_all":false,"view_all_position":"top","content_alignment":"left","show_image":true,"image_ratio":"75","item_secondary_background":false,"show_author":true,"show_name":false,"show_date":true,"show_excerpt":true,"show_tag":true,"show_comment_counts":true,"enable_desktop_slider":false,"swiper_on_mobile":false,"auto_play":false,"change_slides_speed":5,"full_width":false,"spacing":28,"show_section_divider":false,"padding_top":60,"padding_bottom":60,"columns_mobile":"1","spacing_mobile":28,"show_section_divider_mobile":false,"padding_top_mobile":44,"padding_bottom_mobile":44}}},"order":["main","4c9e1af5-c4c0-48cf-b771-49029eedd24f","968a63ef-b0dd-4018-a897-868bb08e2060","54b5ca13-d299-4c08-a7bb-27c0a714c64d","fbb5b3ad-c819-4962-b828-b609fa3c70f6","8a890f3f-63e2-4b49-a9b9-1a8336601cd9","23d7bd22-6884-4db0-965d-4bdfb561aef7","566e6f7d-d8a1-4a94-8332-e57068ab510e","100060d7-d6bb-4797-9c1b-c81d035a54c4","6c17bfd1-195f-49c2-b008-c7e24dba2adb","ead71f08-7c4c-42f5-a67a-80099ec5b398"]}