{"sections":{"main":{"type":"main-page","disabled":true,"settings":{"show_heading":true,"heading_size":170,"show_breadcrumbs":true,"show_breadcrumbs_border":false,"full_width_breadcrumb":true,"desktop_content_alignment":"text-left","mobile_content_alignment":"text-left","background_color_light":"#f2f2f2","text_color_light":"rgba(0,0,0,0)","textlink_color_light":"rgba(0,0,0,0)","background_color_dark":"#313131","text_color_dark":"rgba(0,0,0,0)","textlink_color_dark":"rgba(0,0,0,0)","padding_top":28,"padding_bottom":28,"padding_top_mobile":20,"padding_bottom_mobile":20}},"cf9a8e60-217d-4861-a4e0-bc4e251c92ce":{"type":"slideshow","blocks":{"template--15966835277924__cf9a8e60-217d-4861-a4e0-bc4e251c92ce-slide-1":{"type":"slide","settings":{"overlay_opacity":20,"subheading":"","heading":"SPECIAL OFFER 70% OFF","heading_size":150,"text":"<p>Browse Through Out Latest Trendy Collections<\/p>","button_label_1":"DISCOVER NOW","button_link_1":"","open_new_window_button":false,"button_label_2":"","button_link_2":"","open_new_window_button_2":false,"content_alignment":"middle-center","custom_horizontal":50,"custom_vertical":50,"color_text":"rgba(0,0,0,0)","color_button":"rgba(0,0,0,0)","color_text_button":"rgba(0,0,0,0)","color_button_hover":"rgba(0,0,0,0)","color_text_button_hover":"rgba(0,0,0,0)","color_button_secondary":"rgba(0,0,0,0)"}},"template--15966835277924__cf9a8e60-217d-4861-a4e0-bc4e251c92ce-slide-2":{"type":"slide","settings":{"overlay_opacity":20,"subheading":"","heading":"Find Everything For Your Baby","heading_size":150,"text":"<p>Browse Through Out Latest Trendy Collections<\/p>","button_label_1":"SHOP NOW","button_link_1":"","open_new_window_button":false,"button_label_2":"","button_link_2":"","open_new_window_button_2":false,"content_alignment":"middle-center","custom_horizontal":50,"custom_vertical":50,"color_text":"rgba(0,0,0,0)","color_button":"rgba(0,0,0,0)","color_text_button":"rgba(0,0,0,0)","color_button_hover":"rgba(0,0,0,0)","color_text_button_hover":"rgba(0,0,0,0)","color_button_secondary":"rgba(0,0,0,0)"}},"dbba6fe7-aa50-4ae2-abf9-ab633138bb84":{"type":"slide","settings":{"overlay_opacity":20,"subheading":"","heading":"NEW WOODER TOYS","heading_size":150,"text":"<p>Browse Through Out Latest Trendy Collections<\/p>","button_label_1":"SHOP NOW","button_link_1":"","open_new_window_button":false,"button_label_2":"","button_link_2":"","open_new_window_button_2":false,"content_alignment":"middle-center","custom_horizontal":50,"custom_vertical":50,"color_text":"rgba(0,0,0,0)","color_button":"rgba(0,0,0,0)","color_text_button":"rgba(0,0,0,0)","color_button_hover":"rgba(0,0,0,0)","color_text_button_hover":"rgba(0,0,0,0)","color_button_secondary":"rgba(0,0,0,0)"}}},"block_order":["template--15966835277924__cf9a8e60-217d-4861-a4e0-bc4e251c92ce-slide-1","template--15966835277924__cf9a8e60-217d-4861-a4e0-bc4e251c92ce-slide-2","dbba6fe7-aa50-4ae2-abf9-ab633138bb84"],"settings":{"show_hero":true,"auto_play":true,"change_slides_speed":10,"show_arrow":true,"slider_visual":"dots","transition_style":"fade","full_width":true,"padding_full_width":false,"rounded_corner_image":false,"desktop_height":"fullscreen","padding_top":0,"padding_bottom":0,"full_width_mobile":true,"rounded_corner_image_mobile":false,"mobile_height":"400","padding_top_mobile":0,"padding_bottom_mobile":0}},"559e259d-dbd2-466e-99fe-afda606426ee":{"type":"media-gallery","blocks":{"template--15966835277924__559e259d-dbd2-466e-99fe-afda606426ee-media-1":{"type":"media","settings":{"image_link":"","open_new_window":false,"video_url":"","enable_video_autoplay":true,"video_alt_text":"","content_position":"bottom","overlay_opacity":20,"number_of_columns":1,"number_of_row":1,"title":"Discount 15% Off","title_size":80,"text":"<p>Get your little one ready for a good night's sleep with the range of baby pyjamas, sleepsuits and bodysuits.<\/p>","text_size":100,"text_align":"left","button_label":"SHOP NOW","button_link":"","open_new_window_button":false,"color_overlay":"rgba(0,0,0,0)","title_color":"#ffffff","text_color":"#ffffff","color_button":"#2cb29b","background_button":"#ffffff","color_button_hover":"rgba(0,0,0,0)","background_button_hover":"rgba(0,0,0,0)"}},"template--15966835277924__559e259d-dbd2-466e-99fe-afda606426ee-media-2":{"type":"media","settings":{"image_link":"","open_new_window":false,"video_url":"","enable_video_autoplay":true,"video_alt_text":"","content_position":"bottom","overlay_opacity":20,"number_of_columns":2,"number_of_row":1,"title":"Discount 15% Off","title_size":80,"text":"<p>Get your little one ready for a good night's sleep with the range of baby pyjamas, sleepsuits and bodysuits.<\/p>","text_size":100,"text_align":"left","button_label":"SHOP NOW","button_link":"","open_new_window_button":false,"color_overlay":"rgba(0,0,0,0)","title_color":"#ffffff","text_color":"#ffffff","color_button":"#2cb29b","background_button":"#ffffff","color_button_hover":"rgba(0,0,0,0)","background_button_hover":"rgba(0,0,0,0)"}}},"block_order":["template--15966835277924__559e259d-dbd2-466e-99fe-afda606426ee-media-1","template--15966835277924__559e259d-dbd2-466e-99fe-afda606426ee-media-2"],"settings":{"heading":"","heading_size":100,"heading_alignment":"center","max_columns":3,"spacing":30,"height_desktop":350,"show_section_divider":false,"full_width":false,"padding_full_width":false,"padding_top":28,"padding_bottom":44,"min_columns_mobile":"1","spacing_mobile":16,"height_mobile":250,"show_section_divider_mobile":false,"full_width_mobile":false,"padding_top_mobile":20,"padding_bottom_mobile":20}},"0c775170-3d1b-4e2c-8241-73defa4532da":{"type":"featured-collection","blocks":{"template--15966835277924__0c775170-3d1b-4e2c-8241-73defa4532da-collection-1":{"type":"collection","settings":{"collection":"get-more-save-more","show_description":true,"description":"","show_vendor":true,"show_rating":true,"show_quickview":true,"show_promotion":true,"promotion_position":"left","card_link":"","open_new_window":false,"enable_text_overlay":true,"overlay_opacity":0,"image_ratio":"100","heading":"Upto 70% Off Collection","heading_size":70,"content":"<p>Cool Fashion Collection for Cool Kids All Items<\/p>","text_size":100,"content_alignment":"left","content_position":"bottom","button_label":"SHOP NOW","button_link":"","open_new_window_button":false,"background_color":"rgba(0,0,0,0)","color_text":"rgba(0,0,0,0)","color_button":"#ffffff","color_text_button":"#2cb29b","color_button_hover":"rgba(0,0,0,0)","color_text_button_hover":"rgba(0,0,0,0)","color_button_secondary":"rgba(0,0,0,0)"}}},"block_order":["template--15966835277924__0c775170-3d1b-4e2c-8241-73defa4532da-collection-1"],"settings":{"title":"DEAL HOT THIS WEEK","heading_size":80,"heading_alignment":"center","show_view_all":false,"view_all_position":"top","title_size":120,"title_style":"none","enable_desktop_slider":true,"swiper_on_mobile":true,"auto_play":false,"change_slides_speed":5,"columns_desktop":3,"rows_desktop":2,"spacing":28,"full_width":false,"show_section_divider":false,"padding_top":32,"padding_bottom":32,"columns_mobile":"1","spacing_mobile":16,"full_width_mobile":false,"show_section_divider_mobile":false,"padding_top_mobile":28,"padding_bottom_mobile":0}},"60c6370d-8d8b-4ec2-9ad3-2de2baf127aa":{"type":"collection-list","blocks":{"template--15966835277924__60c6370d-8d8b-4ec2-9ad3-2de2baf127aa-featured_collection-1":{"type":"featured_collection","settings":{"collection":"get-more-save-more"}},"template--15966835277924__60c6370d-8d8b-4ec2-9ad3-2de2baf127aa-featured_collection-2":{"type":"featured_collection","settings":{"collection":"get-more-save-more"}},"template--15966835277924__60c6370d-8d8b-4ec2-9ad3-2de2baf127aa-featured_collection-3":{"type":"featured_collection","settings":{"collection":"get-more-save-more"}},"template--15966835277924__60c6370d-8d8b-4ec2-9ad3-2de2baf127aa-featured_collection-4":{"type":"featured_collection","settings":{"collection":"get-more-save-more"}}},"block_order":["template--15966835277924__60c6370d-8d8b-4ec2-9ad3-2de2baf127aa-featured_collection-1","template--15966835277924__60c6370d-8d8b-4ec2-9ad3-2de2baf127aa-featured_collection-2","template--15966835277924__60c6370d-8d8b-4ec2-9ad3-2de2baf127aa-featured_collection-3","template--15966835277924__60c6370d-8d8b-4ec2-9ad3-2de2baf127aa-featured_collection-4"],"settings":{"heading":"SELECTED CATEGORIES","heading_size":80,"heading_alignment":"center","show_view_all":false,"background_color_light":"","background_color_dark":"","image_ratio":"square","title_size":100,"show_text_overlay":false,"content_alignment":"center","content_position":"bottom","image_overlay_opacity":5,"title_color":"rgba(0,0,0,0)","text_light":"rgba(0,0,0,0)","title_color_dark":"rgba(0,0,0,0)","text_dark":"rgba(0,0,0,0)","show_item_count":true,"columns_desktop":4,"columns_mobile":"2","enable_desktop_slider":false,"swiper_on_mobile":true,"spacing":30,"show_section_divider":false,"full_width":false,"padding_top":28,"padding_bottom":32,"spacing_mobile":16,"show_section_divider_mobile":false,"padding_top_mobile":28,"padding_bottom_mobile":28}},"517851f0-61b7-4e39-a4d5-fad01e9b0ef8":{"type":"media-gallery","blocks":{"template--15966835277924__517851f0-61b7-4e39-a4d5-fad01e9b0ef8-media-1":{"type":"media","settings":{"image_link":"","open_new_window":false,"video_url":"","enable_video_autoplay":true,"video_alt_text":"","content_position":"bottom","overlay_opacity":20,"number_of_columns":1,"number_of_row":2,"title":"Baby Clothes Winter Sale 30% Off","title_size":110,"text":"","text_size":130,"text_align":"center","button_label":"DISCOVER NOW","button_link":"","open_new_window_button":false,"color_overlay":"rgba(0,0,0,0)","title_color":"#ffffff","text_color":"#ffffff","color_button":"#2cb29b","background_button":"#ffffff","color_button_hover":"rgba(0,0,0,0)","background_button_hover":"rgba(0,0,0,0)"}},"template--15966835277924__517851f0-61b7-4e39-a4d5-fad01e9b0ef8-media-2":{"type":"media","settings":{"image_link":"","open_new_window":false,"video_url":"","enable_video_autoplay":true,"video_alt_text":"","content_position":"bottom","overlay_opacity":20,"number_of_columns":1,"number_of_row":1,"title":"Sleepsuits & Pyjamas","title_size":80,"text":"","text_size":130,"text_align":"center","button_label":"DISCOVER NOW","button_link":"","open_new_window_button":false,"color_overlay":"rgba(0,0,0,0)","title_color":"#ffffff","text_color":"#ffffff","color_button":"#2cb29b","background_button":"#ffffff","color_button_hover":"rgba(0,0,0,0)","background_button_hover":"rgba(0,0,0,0)"}},"template--15966835277924__517851f0-61b7-4e39-a4d5-fad01e9b0ef8-media-3":{"type":"media","settings":{"image_link":"","open_new_window":false,"video_url":"","enable_video_autoplay":true,"video_alt_text":"","content_position":"bottom","overlay_opacity":20,"number_of_columns":1,"number_of_row":1,"title":"Feeding & Weaning","title_size":80,"text":"","text_size":130,"text_align":"center","button_label":"DISCOVER NOW","button_link":"","open_new_window_button":false,"color_overlay":"rgba(0,0,0,0)","title_color":"#ffffff","text_color":"#ffffff","color_button":"#2cb29b","background_button":"#ffffff","color_button_hover":"rgba(0,0,0,0)","background_button_hover":"rgba(0,0,0,0)"}}},"block_order":["template--15966835277924__517851f0-61b7-4e39-a4d5-fad01e9b0ef8-media-1","template--15966835277924__517851f0-61b7-4e39-a4d5-fad01e9b0ef8-media-2","template--15966835277924__517851f0-61b7-4e39-a4d5-fad01e9b0ef8-media-3"],"settings":{"heading":"","heading_size":100,"heading_alignment":"left","max_columns":2,"spacing":30,"height_desktop":400,"show_section_divider":false,"full_width":false,"padding_full_width":false,"padding_top":32,"padding_bottom":12,"min_columns_mobile":"1","spacing_mobile":16,"height_mobile":250,"show_section_divider_mobile":false,"full_width_mobile":false,"padding_top_mobile":20,"padding_bottom_mobile":20}},"8d6590c1-051a-4c43-a004-60e96bad51f5":{"type":"multicolumn","blocks":{"template--15966835277924__8d6590c1-051a-4c43-a004-60e96bad51f5-column-1":{"type":"column","settings":{"icon":"truck","custom_icon":"","title":"Free Shipping","title_link":"","open_new_window":false,"heading_size":100,"text":"<p>When you spend $100+<\/p>"}},"template--15966835277924__8d6590c1-051a-4c43-a004-60e96bad51f5-column-2":{"type":"column","settings":{"icon":"question-mark","custom_icon":"","title":"Support 24\/7","title_link":"","open_new_window":false,"heading_size":100,"text":"<p>Ready to help our clients<\/p>"}},"template--15966835277924__8d6590c1-051a-4c43-a004-60e96bad51f5-column-3":{"type":"column","settings":{"icon":"dollar-sign","custom_icon":"","title":"Secured Payments","title_link":"","open_new_window":false,"heading_size":100,"text":"<p>We are officially registered<\/p>"}},"template--15966835277924__8d6590c1-051a-4c43-a004-60e96bad51f5-column-4":{"type":"column","settings":{"icon":"tag","custom_icon":"","title":"14 Days Return","title_link":"","open_new_window":false,"heading_size":90,"text":"<p>Simply return within 30 days<\/p>"}}},"block_order":["template--15966835277924__8d6590c1-051a-4c43-a004-60e96bad51f5-column-1","template--15966835277924__8d6590c1-051a-4c43-a004-60e96bad51f5-column-2","template--15966835277924__8d6590c1-051a-4c43-a004-60e96bad51f5-column-3","template--15966835277924__8d6590c1-051a-4c43-a004-60e96bad51f5-column-4"],"settings":{"title":"","heading_size":100,"secondary_background":"none","border_column":"column","column_content_alignment":"start","icon_position":"next","icon_size":36,"enable_desktop_slider":true,"swiper_on_mobile":true,"change_bar_every":5,"background_color_light":"rgba(0,0,0,0)","heading_light":"rgba(0,0,0,0)","text_light":"rgba(0,0,0,0)","line_border_light":"rgba(0,0,0,0)","color_icon_light":"rgba(0,0,0,0)","background_color_dark":"rgba(0,0,0,0)","heading_dark":"rgba(0,0,0,0)","text_dark":"rgba(0,0,0,0)","line_border_dark":"rgba(0,0,0,0)","color_icon_dark":"rgba(0,0,0,0)","column_layout_desktop":"lg:w-1\/4","section_height_desktop":"md:py-7","spacing_desktop":30,"full_width":false,"show_section_divider":false,"padding_top":8,"padding_bottom":28,"column_layout_mobile":"w-full","section_height_mobile":"py-5","spacing_mobile":16,"full_width_mobile":false,"show_section_divider_mobile":false,"padding_top_mobile":0,"padding_bottom_mobile":20}},"1287dcf9-df5e-4625-841c-8fdfdd45f683":{"type":"featured-collection","blocks":{"template--15966835277924__1287dcf9-df5e-4625-841c-8fdfdd45f683-collection-1":{"type":"collection","settings":{"collection":"get-more-save-more","show_description":true,"description":"","show_vendor":true,"show_rating":true,"show_quickview":true,"show_promotion":true,"promotion_position":"right","card_link":"","open_new_window":false,"enable_text_overlay":true,"overlay_opacity":20,"image_ratio":"100","heading":"Upto 70% Off Collection","heading_size":80,"content":"<p>10% OFF<\/p>","text_size":100,"content_alignment":"left","content_position":"bottom","button_label":"SHOP NOW","button_link":"","open_new_window_button":false,"background_color":"rgba(0,0,0,0)","color_text":"#ffffff","color_button":"#ffffff","color_text_button":"#2cb29b","color_button_hover":"rgba(0,0,0,0)","color_text_button_hover":"rgba(0,0,0,0)","color_button_secondary":"rgba(0,0,0,0)"}}},"block_order":["template--15966835277924__1287dcf9-df5e-4625-841c-8fdfdd45f683-collection-1"],"settings":{"title":"NEW ARRIVALS THIS WEEK","heading_size":100,"heading_alignment":"center","show_view_all":false,"view_all_position":"top","title_size":120,"title_style":"none","enable_desktop_slider":true,"swiper_on_mobile":true,"auto_play":false,"change_slides_speed":5,"columns_desktop":3,"rows_desktop":2,"spacing":30,"full_width":false,"show_section_divider":false,"padding_top":40,"padding_bottom":32,"columns_mobile":"1","spacing_mobile":16,"full_width_mobile":false,"show_section_divider_mobile":false,"padding_top_mobile":20,"padding_bottom_mobile":20}},"3b837b40-64db-414b-b510-7292ca8e4847":{"type":"logo-list","blocks":{"template--15966835277924__3b837b40-64db-414b-b510-7292ca8e4847-logo-1":{"type":"logo","settings":{"image_link":"","open_new_window":false}},"template--15966835277924__3b837b40-64db-414b-b510-7292ca8e4847-logo-2":{"type":"logo","settings":{"image_link":"","open_new_window":false}},"template--15966835277924__3b837b40-64db-414b-b510-7292ca8e4847-logo-3":{"type":"logo","settings":{"image_link":"","open_new_window":false}},"template--15966835277924__3b837b40-64db-414b-b510-7292ca8e4847-logo-4":{"type":"logo","settings":{"image_link":"","open_new_window":false}},"template--15966835277924__3b837b40-64db-414b-b510-7292ca8e4847-logo-5":{"type":"logo","settings":{"image_link":"","open_new_window":false}},"template--15966835277924__3b837b40-64db-414b-b510-7292ca8e4847-logo-6":{"type":"logo","settings":{"image_link":"","open_new_window":false}},"769c8d55-13c3-4601-a163-a67537c1d6f5":{"type":"logo","settings":{"image_link":"","open_new_window":false}},"aa1ab4c2-eb0d-46fa-b0f9-22aa05f89c6e":{"type":"logo","settings":{"image_link":"","open_new_window":false}}},"block_order":["template--15966835277924__3b837b40-64db-414b-b510-7292ca8e4847-logo-1","template--15966835277924__3b837b40-64db-414b-b510-7292ca8e4847-logo-2","template--15966835277924__3b837b40-64db-414b-b510-7292ca8e4847-logo-3","template--15966835277924__3b837b40-64db-414b-b510-7292ca8e4847-logo-4","template--15966835277924__3b837b40-64db-414b-b510-7292ca8e4847-logo-5","template--15966835277924__3b837b40-64db-414b-b510-7292ca8e4847-logo-6","769c8d55-13c3-4601-a163-a67537c1d6f5","aa1ab4c2-eb0d-46fa-b0f9-22aa05f89c6e"],"settings":{"heading":"POPULAR BRAND","heading_size":80,"heading_alignment":"center","corner_image":0,"show_border":true,"image_ratio":"56","background_color_light":"rgba(0,0,0,0)","background_color_dark":"rgba(0,0,0,0)","enable_carousel_on_desktop":false,"auto_switch_bar":true,"change_bar_every":5,"show_navigation":true,"columns_desktop":4,"full_width":false,"show_section_divider":false,"spacing":30,"padding_top":28,"padding_bottom":40,"layout_mobile":"carousel","columns_mobile":"2","show_section_divider_mobile":false,"spacing_mobile":16,"padding_top_mobile":20,"padding_bottom_mobile":20}},"a369e6e7-b987-4fa1-95e9-cdbfb85c7435":{"type":"image-with-text","blocks":{"template--15966835277924__a369e6e7-b987-4fa1-95e9-cdbfb85c7435-heading-1":{"type":"heading","settings":{"subheading":"Trending","heading":"Item for Family Outdoor","heading_base_size":100,"text":"<p>Our summer sale is here, it's time to revamp your summer wardrobe. Whether you're heading to the beach or a backyard barbecue, we've got you covered. Our summer sale is here, it's time to revamp your summer wardrobe.<\/p>","heading_light":"rgba(0,0,0,0)","text_light":"rgba(0,0,0,0)","heading_dark":"rgba(0,0,0,0)","text_dark":"rgba(0,0,0,0)"}},"template--15966835277924__a369e6e7-b987-4fa1-95e9-cdbfb85c7435-button-1":{"type":"button","settings":{"button_label":"SHOP NOW","button_link":"","open_new_window":false,"button_light":"rgba(0,0,0,0)","button_text_light":"rgba(0,0,0,0)","button_hover_light":"rgba(0,0,0,0)","button_text_hover_light":"rgba(0,0,0,0)","button_dark":"rgba(0,0,0,0)","button_text_dark":"rgba(0,0,0,0)","button_hover_dark":"rgba(0,0,0,0)","button_text_hover_dark":"rgba(0,0,0,0)"}}},"block_order":["template--15966835277924__a369e6e7-b987-4fa1-95e9-cdbfb85c7435-heading-1","template--15966835277924__a369e6e7-b987-4fa1-95e9-cdbfb85c7435-button-1"],"settings":{"video_url":"","video_alt_text":"","enable_video_autoplay":false,"desktop_height":"450px","mobile_height":"400px","desktop_image_width":"medium","image_layout":"normal","image_corner_radius":0,"content_layout":"no-overlap","text_position":"center","text_alignment":"start","background_color_light":"rgba(0,0,0,0)","background_color_dark":"rgba(0,0,0,0)","image_alignment":"left","full_width":false,"top_padding":40,"bottom_padding":4,"image_alignment_mobile":"left","full_width_mobile":false,"top_padding_mobile":20,"bottom_padding_mobile":4}},"0567be09-f5a1-4d74-8ee8-92a7d7d52129":{"type":"image-with-text","blocks":{"template--15966835277924__0567be09-f5a1-4d74-8ee8-92a7d7d52129-heading-1":{"type":"heading","settings":{"subheading":"Trending","heading":"New Pushchair Bundles","heading_base_size":100,"text":"<p>Our summer sale is here, it's time to revamp your summer wardrobe. Whether you're heading to the beach or a backyard barbecue, we've got you covered. Our summer sale is here, it's time to revamp your summer wardrobe.<\/p>","heading_light":"rgba(0,0,0,0)","text_light":"rgba(0,0,0,0)","heading_dark":"rgba(0,0,0,0)","text_dark":"rgba(0,0,0,0)"}},"template--15966835277924__0567be09-f5a1-4d74-8ee8-92a7d7d52129-button-1":{"type":"button","settings":{"button_label":"SHOP NOW","button_link":"","open_new_window":false,"button_light":"rgba(0,0,0,0)","button_text_light":"rgba(0,0,0,0)","button_hover_light":"rgba(0,0,0,0)","button_text_hover_light":"rgba(0,0,0,0)","button_dark":"rgba(0,0,0,0)","button_text_dark":"rgba(0,0,0,0)","button_hover_dark":"rgba(0,0,0,0)","button_text_hover_dark":"rgba(0,0,0,0)"}}},"block_order":["template--15966835277924__0567be09-f5a1-4d74-8ee8-92a7d7d52129-heading-1","template--15966835277924__0567be09-f5a1-4d74-8ee8-92a7d7d52129-button-1"],"settings":{"video_url":"","video_alt_text":"","enable_video_autoplay":false,"desktop_height":"450px","mobile_height":"400px","desktop_image_width":"medium","image_layout":"normal","image_corner_radius":0,"content_layout":"no-overlap","text_position":"center","text_alignment":"start","background_color_light":"rgba(0,0,0,0)","background_color_dark":"rgba(0,0,0,0)","image_alignment":"left","full_width":false,"top_padding":0,"bottom_padding":32,"image_alignment_mobile":"left","full_width_mobile":false,"top_padding_mobile":0,"bottom_padding_mobile":20}},"ffca7b27-0a56-4f72-a2fe-031c3440ed10":{"type":"testimonials","blocks":{"template--15966835277924__ffca7b27-0a56-4f72-a2fe-031c3440ed10-testimonial-1":{"type":"testimonial","settings":{"icon_star":"5_star","custom_icon":"","title":"Very pleased!","text":"<p>Add customer reviews and testimonials to showcase your store's happy customers<\/p>","author":"Haley","author_note":"<p>Bostom, MA<\/p>"}},"template--15966835277924__ffca7b27-0a56-4f72-a2fe-031c3440ed10-testimonial-2":{"type":"testimonial","settings":{"icon_star":"5_star","custom_icon":"","title":"Beautiful and Well Made !","text":"<p>Thank you so much for my shirts! They definitely exceeded my expectations. They are very soft and comfortable They are very soft and comfortable to ...<\/p>","author":"Sammy","author_note":"<p>Bostom, MA<\/p>"}},"template--15966835277924__ffca7b27-0a56-4f72-a2fe-031c3440ed10-testimonial-3":{"type":"testimonial","settings":{"icon_star":"5_star","custom_icon":"","title":"Melanin Shirt","text":"<p>This is such a beautiful shirt! In person it is very vibrant, and I’m very impressed with the quality! I’m very impressed with the quality! When it arrived it...<\/p>","author":"Sammy","author_note":"<p>Bostom, MA<\/p>"}}},"block_order":["template--15966835277924__ffca7b27-0a56-4f72-a2fe-031c3440ed10-testimonial-1","template--15966835277924__ffca7b27-0a56-4f72-a2fe-031c3440ed10-testimonial-2","template--15966835277924__ffca7b27-0a56-4f72-a2fe-031c3440ed10-testimonial-3"],"settings":{"heading":"WHAT PEOPLE ARE SAYING","heading_size":80,"text_alignment":"center","testimonial_items_view":"multiple","show_arrow":true,"show_pagination":false,"show_author_image":true,"background_color_light":"rgba(0,0,0,0)","item_background_color_light":"rgba(0,0,0,0)","heading_and_title_light":"rgba(0,0,0,0)","item_text_color_light":"rgba(0,0,0,0)","background_color_dark":"rgba(0,0,0,0)","item_background_color_dark":"rgba(0,0,0,0)","heading_and_title_dark":"rgba(0,0,0,0)","item_text_color_dark":"rgba(0,0,0,0)","show_section_divider":false,"top_padding":32,"bottom_padding":32,"show_section_divider_mobile":false,"top_padding_mobile":20,"bottom_padding_mobile":20}},"61c05e43-cabb-44d7-9692-0f15fdb16f26":{"type":"featured-blog","settings":{"heading":"LATEST IN BLOG","heading_size":80,"heading_alignment":"center","blog":"news","post_limit":3,"columns_desktop":3,"show_view_all":false,"view_all_position":"top","content_alignment":"left","show_image":true,"image_ratio":"75","item_secondary_background":false,"show_author":true,"show_name":false,"show_date":true,"show_excerpt":true,"show_tag":true,"show_comment_counts":true,"enable_desktop_slider":true,"swiper_on_mobile":true,"auto_play":false,"change_slides_speed":5,"full_width":false,"spacing":30,"show_section_divider":false,"padding_top":32,"padding_bottom":32,"columns_mobile":"1","spacing_mobile":16,"show_section_divider_mobile":false,"padding_top_mobile":20,"padding_bottom_mobile":20}},"68a279eb-c21c-4ff2-9a9d-7175f1026173":{"type":"newsletter","blocks":{"template--15966835277924__68a279eb-c21c-4ff2-9a9d-7175f1026173-heading-1":{"type":"heading","settings":{"heading":"SUBCRIBE TO OUR EMAILS","heading_size":80}},"template--15966835277924__68a279eb-c21c-4ff2-9a9d-7175f1026173-paragraph-1":{"type":"paragraph","settings":{"text":"<p>Apply for our free membership to receive exclusive deals, news and events.<\/p>"}},"template--15966835277924__68a279eb-c21c-4ff2-9a9d-7175f1026173-email_form-1":{"type":"email_form","settings":{"button_label":"Subscribe","form_width":"large"}}},"block_order":["template--15966835277924__68a279eb-c21c-4ff2-9a9d-7175f1026173-heading-1","template--15966835277924__68a279eb-c21c-4ff2-9a9d-7175f1026173-paragraph-1","template--15966835277924__68a279eb-c21c-4ff2-9a9d-7175f1026173-email_form-1"],"settings":{"background_color_light":"","heading_light":"rgba(0,0,0,0)","text_light":"rgba(0,0,0,0)","button_light":"rgba(0,0,0,0)","button_text_light":"rgba(0,0,0,0)","button_hover_light":"rgba(0,0,0,0)","button_text_hover_light":"rgba(0,0,0,0)","line_border":"rgba(0,0,0,0)","background_color_dark":"","heading_dark":"rgba(0,0,0,0)","text_dark":"rgba(0,0,0,0)","button_dark":"rgba(0,0,0,0)","button_text_dark":"rgba(0,0,0,0)","button_hover_dark":"rgba(0,0,0,0)","button_text_hover_dark":"rgba(0,0,0,0)","line_border_dark":"rgba(0,0,0,0)","show_section_divider":true,"padding_top":64,"padding_bottom":68,"show_section_divider_mobile":true,"padding_top_mobile":20,"padding_bottom_mobile":52}}},"order":["main","cf9a8e60-217d-4861-a4e0-bc4e251c92ce","559e259d-dbd2-466e-99fe-afda606426ee","0c775170-3d1b-4e2c-8241-73defa4532da","60c6370d-8d8b-4ec2-9ad3-2de2baf127aa","517851f0-61b7-4e39-a4d5-fad01e9b0ef8","8d6590c1-051a-4c43-a004-60e96bad51f5","1287dcf9-df5e-4625-841c-8fdfdd45f683","3b837b40-64db-414b-b510-7292ca8e4847","a369e6e7-b987-4fa1-95e9-cdbfb85c7435","0567be09-f5a1-4d74-8ee8-92a7d7d52129","ffca7b27-0a56-4f72-a2fe-031c3440ed10","61c05e43-cabb-44d7-9692-0f15fdb16f26","68a279eb-c21c-4ff2-9a9d-7175f1026173"]}