{"sections":{"promotion-banner":{"type":"promotion-banner","blocks":{"text":{"type":"image_banner","settings":{"heading":"Contact us","heading_size":170,"heading_tag":"h2","subheading":"","text":"Questions? Comments? Let your customers get in touch with you by filling out the email form below. Reassure them that someone will get back to them within a certain timeframe","text_size":130,"content_box_type":"square","add_frame":false,"color_content_box_light":"rgba(0,0,0,0)","color_content_box_dark":"rgba(0,0,0,0)"}}},"block_order":["text"],"disabled":true,"settings":{"heading":"Promotion Banner","image_link":"","open_new_window":false,"image_overlay_opacity":20,"content_position":"center","content_horizontal":50,"content_vertical":50,"position_content_mobile":"center","content_alignment":"center","show_hero":false,"full_width":true,"padding_full_width":false,"rounded_corner_image":false,"desktop_height":"450px","padding_top":0,"padding_bottom":0,"full_width_mobile":true,"rounded_corner_image_mobile":false,"mobile_height":"250px","padding_top_mobile":0,"padding_bottom_mobile":0}},"main":{"type":"main-page","settings":{"show_heading":false,"heading_size":100,"heading_tag":"h1","show_breadcrumbs":true,"show_breadcrumbs_border":false,"full_width_breadcrumb":true,"desktop_content_alignment":"text-left","mobile_content_alignment":"text-left","background_color_light":"#f2f2f2","text_color_light":"rgba(0,0,0,0)","textlink_color_light":"rgba(0,0,0,0)","background_color_dark":"#313131","text_color_dark":"rgba(0,0,0,0)","textlink_color_dark":"rgba(0,0,0,0)","padding_top":0,"padding_bottom":0,"padding_top_mobile":0,"padding_bottom_mobile":0}},"form":{"type":"contact-form","blocks":{"name":{"type":"name","settings":{"heading":"Name","mark_as_required":false}},"email":{"type":"email","settings":{"heading":"Email"}},"phone":{"type":"phone","settings":{"heading":"Phone number","mark_as_required":false}},"message":{"type":"message","settings":{"heading":"Message","mark_as_required":false}}},"block_order":["name","email","phone","message"],"disabled":true,"settings":{"heading":"Questions? Send us an email","heading_size":70,"heading_tag":"h2","heading_alignment":"left","text":"","background_color_light":"rgba(0,0,0,0)","background_color_dark":"rgba(0,0,0,0)","button_label":"Send","button_alignment":"right","success_message":"Thanks for contacting us. We'll get back to you as soon as possible.","show_content":"info","form_alignment":"left","desktop_height":"550px","mobile_height":"400px","contact_heading":"Contact infomation","heading_tag_2":"h2","infomation":"","address":"75 9th Ave, New York, NY 10011-7006","phone_nummber":"+1234567890","email_address":"info@yourstore.com","contact_text":"<p>Opening hours<\/p><p>Mon - Fri, 8:30am - 10:30pm,<br\/>Saturday, 8:30am - 10:30pm,<br\/>Sunday, 8:30am - 10:30pm<\/p>","full_width":false,"show_section_divider":false,"padding_top":76,"padding_bottom":100,"full_width_mobile":false,"show_section_divider_mobile":false,"padding_top_mobile":48,"padding_bottom_mobile":60}}},"order":["promotion-banner","main","form"]}