{"sections":{"slideshow":{"type":"slideshow","blocks":{"slide-0":{"type":"slide","settings":{"overlay_opacity":0,"subheading":"","heading":"It's House Plants Month!","heading_size":170,"text":"<p>20% off all green houseplants products for the entire month.<\/p>","button_label_1":"New Arrival","button_link_1":"","open_new_window_button":false,"button_label_2":"Shop All Plants","button_link_2":"","open_new_window_button_2":false,"content_alignment":"middle-center","custom_horizontal":0,"custom_vertical":87,"color_text":"rgba(0,0,0,0)","color_button":"rgba(0,0,0,0)","color_text_button":"rgba(0,0,0,0)","color_button_hover":"rgba(0,0,0,0)","color_text_button_hover":"rgba(0,0,0,0)","color_button_secondary":"rgba(0,0,0,0)"}},"slide-1":{"type":"slide","settings":{"overlay_opacity":0,"subheading":"","heading":"To plant a  Garden like...","heading_size":170,"text":"<p>We make corporate gifting and commercial<br\/>installations quick and easy.<\/p>","button_label_1":"Explore Now","button_link_1":"","open_new_window_button":false,"button_label_2":"","button_link_2":"","open_new_window_button_2":false,"content_alignment":"middle-left","custom_horizontal":50,"custom_vertical":50,"color_text":"rgba(0,0,0,0)","color_button":"rgba(0,0,0,0)","color_text_button":"rgba(0,0,0,0)","color_button_hover":"rgba(0,0,0,0)","color_text_button_hover":"rgba(0,0,0,0)","color_button_secondary":"rgba(0,0,0,0)"}},"slide-2":{"type":"slide","settings":{"overlay_opacity":0,"subheading":"","heading":"Sale 35% Off","heading_size":170,"text":"<p>Top sale in this week. House + Home for Sunny Days.<\/p>","button_label_1":"New Arrival","button_link_1":"","open_new_window_button":false,"button_label_2":"","button_link_2":"","open_new_window_button_2":false,"content_alignment":"middle-center","custom_horizontal":50,"custom_vertical":50,"color_text":"rgba(0,0,0,0)","color_button":"rgba(0,0,0,0)","color_text_button":"rgba(0,0,0,0)","color_button_hover":"rgba(0,0,0,0)","color_text_button_hover":"rgba(0,0,0,0)","color_button_secondary":"rgba(0,0,0,0)"}}},"block_order":["slide-0","slide-1","slide-2"],"settings":{"show_hero":true,"auto_play":true,"change_slides_speed":5,"show_arrow":false,"slider_visual":"bars","transition_style":"fade","full_width":true,"padding_full_width":false,"rounded_corner_image":false,"desktop_height":"750","padding_top":0,"padding_bottom":0,"full_width_mobile":true,"rounded_corner_image_mobile":false,"mobile_height":"400","padding_top_mobile":0,"padding_bottom_mobile":0}},"952603d1-fd68-42da-b469-b251652f14b9":{"type":"media-gallery","blocks":{"template--21435519631661__952603d1-fd68-42da-b469-b251652f14b9-media-1":{"type":"media","settings":{"image_link":"","open_new_window":false,"enable_video_autoplay":true,"video_alt_text":"","content_position":"center","overlay_opacity":0,"number_of_columns":1,"number_of_row":1,"title":"Media heading","title_size":80,"text":"","text_size":130,"text_align":"center","button_label":"","button_link":"","open_new_window_button":false,"color_overlay":"rgba(0,0,0,0)","title_color":"rgba(0,0,0,0)","text_color":"rgba(0,0,0,0)","color_button":"rgba(0,0,0,0)","background_button":"rgba(0,0,0,0)","color_button_hover":"rgba(0,0,0,0)","background_button_hover":"rgba(0,0,0,0)"}},"template--21435519631661__952603d1-fd68-42da-b469-b251652f14b9-media-2":{"type":"media","settings":{"image_link":"","open_new_window":false,"enable_video_autoplay":true,"video_alt_text":"","content_position":"center","overlay_opacity":0,"number_of_columns":2,"number_of_row":1,"title":"Media heading","title_size":80,"text":"","text_size":130,"text_align":"center","button_label":"","button_link":"","open_new_window_button":false,"color_overlay":"rgba(0,0,0,0)","title_color":"rgba(0,0,0,0)","text_color":"rgba(0,0,0,0)","color_button":"rgba(0,0,0,0)","background_button":"rgba(0,0,0,0)","color_button_hover":"rgba(0,0,0,0)","background_button_hover":"rgba(0,0,0,0)"}},"template--21435519631661__952603d1-fd68-42da-b469-b251652f14b9-media-3":{"type":"media","settings":{"image_link":"","open_new_window":false,"enable_video_autoplay":true,"video_alt_text":"","content_position":"center","overlay_opacity":0,"number_of_columns":1,"number_of_row":1,"title":"Media heading","title_size":80,"text":"","text_size":130,"text_align":"center","button_label":"","button_link":"","open_new_window_button":false,"color_overlay":"rgba(0,0,0,0)","title_color":"rgba(0,0,0,0)","text_color":"rgba(0,0,0,0)","color_button":"rgba(0,0,0,0)","background_button":"rgba(0,0,0,0)","color_button_hover":"rgba(0,0,0,0)","background_button_hover":"rgba(0,0,0,0)"}}},"block_order":["template--21435519631661__952603d1-fd68-42da-b469-b251652f14b9-media-1","template--21435519631661__952603d1-fd68-42da-b469-b251652f14b9-media-2","template--21435519631661__952603d1-fd68-42da-b469-b251652f14b9-media-3"],"settings":{"heading":"","heading_size":100,"max_columns":4,"spacing":28,"height_desktop":440,"show_section_divider":false,"full_width":true,"padding_top":20,"padding_bottom":16,"min_columns_mobile":"1","spacing_mobile":16,"height_mobile":250,"show_section_divider_mobile":false,"full_width_mobile":false,"padding_top_mobile":28,"padding_bottom_mobile":28}},"4160350c-3ea8-43bf-828f-c4c047cc166c":{"type":"featured-collection","blocks":{"template--16122988920992__4160350c-3ea8-43bf-828f-c4c047cc166c-collection-1":{"type":"collection","settings":{"collection":"get-more-save-more","show_description":true,"description":"","show_vendor":false,"show_rating":false,"show_quickview":true,"show_promotion":false,"promotion_position":"left","card_link":"","open_new_window":false,"enable_text_overlay":false,"overlay_opacity":0,"image_ratio":"150","heading":"Featured collection","heading_size":70,"content":"<p>10% OFF<\/p>","text_size":130,"content_alignment":"center","content_position":"bottom","button_label":"See more","button_link":"","open_new_window_button":false,"background_color":"rgba(0,0,0,0)","color_text":"rgba(0,0,0,0)","color_button":"rgba(0,0,0,0)","color_text_button":"rgba(0,0,0,0)","color_button_hover":"rgba(0,0,0,0)","color_text_button_hover":"rgba(0,0,0,0)","color_button_secondary":"rgba(0,0,0,0)"}},"e1699e44-1d95-4147-9126-9fee2d1bb881":{"type":"collection","settings":{"collection":"get-more-save-more","show_description":true,"description":"","show_vendor":false,"show_rating":false,"show_quickview":true,"show_promotion":false,"promotion_position":"left","card_link":"","open_new_window":false,"enable_text_overlay":false,"overlay_opacity":0,"image_ratio":"100","heading":"Featured collection","heading_size":70,"content":"<p>10% OFF<\/p>","text_size":100,"content_alignment":"center","content_position":"bottom","button_label":"See more","button_link":"","open_new_window_button":false,"background_color":"rgba(0,0,0,0)","color_text":"rgba(0,0,0,0)","color_button":"rgba(0,0,0,0)","color_text_button":"rgba(0,0,0,0)","color_button_hover":"rgba(0,0,0,0)","color_text_button_hover":"rgba(0,0,0,0)","color_button_secondary":"rgba(0,0,0,0)"}},"0692ed80-afd5-4c6e-81d7-1f5139493b8f":{"type":"collection","settings":{"collection":"get-more-save-more","show_description":true,"description":"","show_vendor":false,"show_rating":false,"show_quickview":true,"show_promotion":false,"promotion_position":"left","card_link":"","open_new_window":false,"enable_text_overlay":false,"overlay_opacity":0,"image_ratio":"100","heading":"Featured collection","heading_size":70,"content":"<p>10% OFF<\/p>","text_size":100,"content_alignment":"center","content_position":"bottom","button_label":"See more","button_link":"","open_new_window_button":false,"background_color":"rgba(0,0,0,0)","color_text":"rgba(0,0,0,0)","color_button":"rgba(0,0,0,0)","color_text_button":"rgba(0,0,0,0)","color_button_hover":"rgba(0,0,0,0)","color_text_button_hover":"rgba(0,0,0,0)","color_button_secondary":"rgba(0,0,0,0)"}}},"block_order":["template--16122988920992__4160350c-3ea8-43bf-828f-c4c047cc166c-collection-1","e1699e44-1d95-4147-9126-9fee2d1bb881","0692ed80-afd5-4c6e-81d7-1f5139493b8f"],"settings":{"title":"","heading_size":100,"heading_alignment":"center","show_view_all":false,"view_all_position":"bottom","enable_desktop_slider":false,"swiper_on_mobile":true,"auto_play":false,"change_slides_speed":5,"columns_desktop":4,"rows_desktop":2,"spacing":20,"full_width":false,"show_section_divider":false,"padding_top":48,"padding_bottom":40,"columns_mobile":"2","spacing_mobile":10,"full_width_mobile":false,"show_section_divider_mobile":true,"padding_top_mobile":20,"padding_bottom_mobile":20}},"a678885a-3793-48f5-a464-255512915ab2":{"type":"image-with-text","blocks":{"template--21433584943405__a678885a-3793-48f5-a464-255512915ab2-heading-1":{"type":"heading","settings":{"subheading":"","heading":"Plants + Pots","heading_base_size":100,"text":"<p>Commodo sociosqu venenatis cras dolor sagittis integer luctus sem primis eget maecenas sed urna malesuada consectetuer<\/p>","heading_light":"#212020","text_light":"#4b4b4b","heading_dark":"#ffffff","text_dark":"#ffffff"}},"template--21433584943405__a678885a-3793-48f5-a464-255512915ab2-button-1":{"type":"button","settings":{"button_label":"Explore Now","button_link":"","open_new_window":false,"button_light":"rgba(0,0,0,0)","button_text_light":"rgba(0,0,0,0)","button_hover_light":"rgba(0,0,0,0)","button_text_hover_light":"rgba(0,0,0,0)","button_dark":"rgba(0,0,0,0)","button_text_dark":"rgba(0,0,0,0)","button_hover_dark":"rgba(0,0,0,0)","button_text_hover_dark":"rgba(0,0,0,0)"}}},"block_order":["template--21433584943405__a678885a-3793-48f5-a464-255512915ab2-heading-1","template--21433584943405__a678885a-3793-48f5-a464-255512915ab2-button-1"],"settings":{"video_url":"","video_alt_text":"","enable_video_autoplay":false,"desktop_height":"550px","mobile_height":"400px","desktop_image_width":"medium","image_layout":"normal","image_corner_radius":10,"content_layout":"no-overlap","text_position":"center","text_alignment":"center","background_color_light":"#ffffff","background_color_dark":"#212020","image_alignment":"right","full_width":true,"top_padding":20,"bottom_padding":0,"image_alignment_mobile":"left","full_width_mobile":true,"top_padding_mobile":16,"bottom_padding_mobile":16}},"f081edda-d32f-4adb-b3c3-771df6770469":{"type":"image-with-text","blocks":{"e9bffb13-7693-4157-aa0b-9bf0db5c5a5a":{"type":"heading","settings":{"subheading":"","heading":"House + Home","heading_base_size":100,"text":"<p>Commodo sociosqu venenatis cras dolor sagittis integer luctus sem primis eget maecenas sed urna malesuada consectetuer<\/p>","heading_light":"#212020","text_light":"#4b4b4b","heading_dark":"#ffffff","text_dark":"#ffffff"}},"e3cf3170-a1fa-4e6f-8b90-23f53cff82fb":{"type":"button","settings":{"button_label":"Explore Now","button_link":"","open_new_window":false,"button_light":"rgba(0,0,0,0)","button_text_light":"rgba(0,0,0,0)","button_hover_light":"rgba(0,0,0,0)","button_text_hover_light":"rgba(0,0,0,0)","button_dark":"rgba(0,0,0,0)","button_text_dark":"rgba(0,0,0,0)","button_hover_dark":"rgba(0,0,0,0)","button_text_hover_dark":"rgba(0,0,0,0)"}}},"block_order":["e9bffb13-7693-4157-aa0b-9bf0db5c5a5a","e3cf3170-a1fa-4e6f-8b90-23f53cff82fb"],"settings":{"video_url":"","video_alt_text":"","enable_video_autoplay":false,"desktop_height":"550px","mobile_height":"400px","desktop_image_width":"medium","image_layout":"normal","image_corner_radius":10,"content_layout":"no-overlap","text_position":"center","text_alignment":"center","background_color_light":"#ffffff","background_color_dark":"#212020","image_alignment":"left","full_width":true,"top_padding":0,"bottom_padding":20,"image_alignment_mobile":"left","full_width_mobile":true,"top_padding_mobile":0,"bottom_padding_mobile":16}},"07963ceb-f7b3-4e05-8aa8-f0202be564bb":{"type":"media-gallery","blocks":{"template--21435002388781__07963ceb-f7b3-4e05-8aa8-f0202be564bb-media-1":{"type":"media","settings":{"image_link":"","open_new_window":false,"video_url":"","enable_video_autoplay":true,"video_alt_text":"","content_position":"bottom","overlay_opacity":0,"number_of_columns":2,"number_of_row":2,"title":"Home Decor","title_size":70,"text":"<p>34 items<\/p>","text_size":130,"text_align":"center","button_label":"","button_link":"","open_new_window_button":false,"color_overlay":"rgba(0,0,0,0)","title_color":"#ffffff","text_color":"#c8c8b1","color_button":"rgba(0,0,0,0)","background_button":"rgba(0,0,0,0)","color_button_hover":"rgba(0,0,0,0)","background_button_hover":"rgba(0,0,0,0)"}},"b5aa287d-1c23-489c-8b20-eed9376f927d":{"type":"media","settings":{"image_link":"","open_new_window":false,"video_url":"","enable_video_autoplay":true,"video_alt_text":"","content_position":"bottom","overlay_opacity":0,"number_of_columns":1,"number_of_row":1,"title":"Special Plants","title_size":70,"text":"<p>34 items<\/p>","text_size":130,"text_align":"center","button_label":"","button_link":"","open_new_window_button":false,"color_overlay":"rgba(0,0,0,0)","title_color":"#ffffff","text_color":"#c8c8b1","color_button":"rgba(0,0,0,0)","background_button":"rgba(0,0,0,0)","color_button_hover":"rgba(0,0,0,0)","background_button_hover":"rgba(0,0,0,0)"}},"1d286856-90f6-49aa-8442-b92387c6c58a":{"type":"media","settings":{"image_link":"","open_new_window":false,"video_url":"","enable_video_autoplay":true,"video_alt_text":"","content_position":"bottom","overlay_opacity":0,"number_of_columns":1,"number_of_row":1,"title":"Outdoor Plants","title_size":70,"text":"<p>34 items<\/p>","text_size":110,"text_align":"center","button_label":"","button_link":"","open_new_window_button":false,"color_overlay":"rgba(0,0,0,0)","title_color":"#ffffff","text_color":"#c8c8b1","color_button":"rgba(0,0,0,0)","background_button":"rgba(0,0,0,0)","color_button_hover":"rgba(0,0,0,0)","background_button_hover":"rgba(0,0,0,0)"}},"1556aed0-57dd-4c98-8c6c-fc0ee4de03b9":{"type":"media","settings":{"image_link":"","open_new_window":false,"video_url":"","enable_video_autoplay":true,"video_alt_text":"","content_position":"bottom","overlay_opacity":0,"number_of_columns":1,"number_of_row":1,"title":"Books","title_size":70,"text":"<p>34 items<\/p>","text_size":110,"text_align":"center","button_label":"","button_link":"","open_new_window_button":false,"color_overlay":"rgba(0,0,0,0)","title_color":"#ffffff","text_color":"#c8c8b1","color_button":"rgba(0,0,0,0)","background_button":"rgba(0,0,0,0)","color_button_hover":"rgba(0,0,0,0)","background_button_hover":"rgba(0,0,0,0)"}},"0a1dc39b-c3d7-4917-9af7-b6499deee824":{"type":"media","settings":{"image_link":"","open_new_window":false,"video_url":"","enable_video_autoplay":true,"video_alt_text":"","content_position":"bottom","overlay_opacity":0,"number_of_columns":1,"number_of_row":1,"title":"Indoor Plants","title_size":70,"text":"<p>34 items<\/p>","text_size":110,"text_align":"center","button_label":"","button_link":"","open_new_window_button":false,"color_overlay":"rgba(0,0,0,0)","title_color":"#ffffff","text_color":"#c8c8b1","color_button":"rgba(0,0,0,0)","background_button":"rgba(0,0,0,0)","color_button_hover":"rgba(0,0,0,0)","background_button_hover":"rgba(0,0,0,0)"}},"7c6abf52-672c-48a1-be4a-d53b3452d80a":{"type":"media","settings":{"image_link":"","open_new_window":false,"video_url":"","enable_video_autoplay":true,"video_alt_text":"","content_position":"bottom","overlay_opacity":0,"number_of_columns":1,"number_of_row":1,"title":"Special Plants","title_size":70,"text":"<p>34 items<\/p>","text_size":110,"text_align":"center","button_label":"","button_link":"","open_new_window_button":false,"color_overlay":"rgba(0,0,0,0)","title_color":"#ffffff","text_color":"#c8c8b1","color_button":"rgba(0,0,0,0)","background_button":"rgba(0,0,0,0)","color_button_hover":"rgba(0,0,0,0)","background_button_hover":"rgba(0,0,0,0)"}}},"block_order":["template--21435002388781__07963ceb-f7b3-4e05-8aa8-f0202be564bb-media-1","b5aa287d-1c23-489c-8b20-eed9376f927d","1d286856-90f6-49aa-8442-b92387c6c58a","1556aed0-57dd-4c98-8c6c-fc0ee4de03b9","0a1dc39b-c3d7-4917-9af7-b6499deee824","7c6abf52-672c-48a1-be4a-d53b3452d80a"],"settings":{"heading":"Shop by Category","heading_size":100,"max_columns":3,"spacing":20,"height_desktop":450,"show_section_divider":false,"full_width":false,"padding_top":48,"padding_bottom":28,"min_columns_mobile":"1","spacing_mobile":11,"height_mobile":250,"show_section_divider_mobile":false,"full_width_mobile":false,"padding_top_mobile":20,"padding_bottom_mobile":28}},"f5684144-9493-4678-9472-89275e53ffee":{"type":"featured-collection","blocks":{"template--21433584943405__f5684144-9493-4678-9472-89275e53ffee-collection-1":{"type":"collection","settings":{"collection":"get-more-save-more","show_description":true,"description":"<p>+EXTRA 20% OFF, When You Spend $199+<\/p>","show_vendor":false,"show_rating":false,"show_quickview":true,"show_promotion":false,"promotion_position":"left","card_link":"","open_new_window":false,"enable_text_overlay":false,"overlay_opacity":0,"image_ratio":"100","heading":"Featured collection","heading_size":70,"content":"<p>10% OFF<\/p>","text_size":100,"content_alignment":"center","content_position":"bottom","button_label":"See more","button_link":"","open_new_window_button":false,"background_color":"rgba(0,0,0,0)","color_text":"rgba(0,0,0,0)","color_button":"rgba(0,0,0,0)","color_text_button":"rgba(0,0,0,0)","color_button_hover":"rgba(0,0,0,0)","color_text_button_hover":"rgba(0,0,0,0)","color_button_secondary":"rgba(0,0,0,0)"}}},"block_order":["template--21433584943405__f5684144-9493-4678-9472-89275e53ffee-collection-1"],"settings":{"title":"Top Picks","heading_size":100,"heading_alignment":"center","show_view_all":false,"view_all_position":"top","enable_desktop_slider":true,"swiper_on_mobile":true,"auto_play":false,"change_slides_speed":5,"columns_desktop":4,"rows_desktop":1,"spacing":20,"full_width":false,"show_section_divider":false,"padding_top":48,"padding_bottom":48,"columns_mobile":"2","spacing_mobile":10,"full_width_mobile":false,"show_section_divider_mobile":false,"padding_top_mobile":28,"padding_bottom_mobile":16}},"62aa3195-ac8b-4dac-a2c6-e2332a2c86a6":{"type":"logo-list","blocks":{"template--21434486325549__62aa3195-ac8b-4dac-a2c6-e2332a2c86a6-logo-1":{"type":"logo","settings":{"image_link":"","open_new_window":false}},"template--21434486325549__62aa3195-ac8b-4dac-a2c6-e2332a2c86a6-logo-2":{"type":"logo","settings":{"image_link":"","open_new_window":false}},"template--21434486325549__62aa3195-ac8b-4dac-a2c6-e2332a2c86a6-logo-3":{"type":"logo","settings":{"image_link":"","open_new_window":false}},"template--21434486325549__62aa3195-ac8b-4dac-a2c6-e2332a2c86a6-logo-4":{"type":"logo","settings":{"image_link":"","open_new_window":false}},"template--21434486325549__62aa3195-ac8b-4dac-a2c6-e2332a2c86a6-logo-5":{"type":"logo","settings":{"image_link":"","open_new_window":false}},"template--21434486325549__62aa3195-ac8b-4dac-a2c6-e2332a2c86a6-logo-6":{"type":"logo","settings":{"image_link":"","open_new_window":false}}},"block_order":["template--21434486325549__62aa3195-ac8b-4dac-a2c6-e2332a2c86a6-logo-1","template--21434486325549__62aa3195-ac8b-4dac-a2c6-e2332a2c86a6-logo-2","template--21434486325549__62aa3195-ac8b-4dac-a2c6-e2332a2c86a6-logo-3","template--21434486325549__62aa3195-ac8b-4dac-a2c6-e2332a2c86a6-logo-4","template--21434486325549__62aa3195-ac8b-4dac-a2c6-e2332a2c86a6-logo-5","template--21434486325549__62aa3195-ac8b-4dac-a2c6-e2332a2c86a6-logo-6"],"settings":{"heading":"Shop by Brand","heading_size":100,"corner_image":0,"background_color_light":"rgba(0,0,0,0)","background_color_dark":"rgba(0,0,0,0)","enable_carousel_on_desktop":true,"auto_switch_bar":true,"change_bar_every":5,"show_navigation":true,"columns_desktop":6,"full_width":false,"show_section_divider":true,"spacing":6,"padding_top":80,"padding_bottom":80,"layout_mobile":"carousel","columns_mobile":"2","show_section_divider_mobile":true,"spacing_mobile":5,"padding_top_mobile":48,"padding_bottom_mobile":52}},"e5f59918-4dc8-4b07-8447-8bd2627ced5e":{"type":"logo-list","blocks":{"template--21434486325549__e5f59918-4dc8-4b07-8447-8bd2627ced5e-logo-1":{"type":"logo","settings":{"image_link":"","open_new_window":false}},"template--21434486325549__e5f59918-4dc8-4b07-8447-8bd2627ced5e-logo-2":{"type":"logo","settings":{"image_link":"","open_new_window":false}},"template--21434486325549__e5f59918-4dc8-4b07-8447-8bd2627ced5e-logo-3":{"type":"logo","settings":{"image_link":"","open_new_window":false}},"template--21434486325549__e5f59918-4dc8-4b07-8447-8bd2627ced5e-logo-4":{"type":"logo","settings":{"image_link":"","open_new_window":false}},"template--21434486325549__e5f59918-4dc8-4b07-8447-8bd2627ced5e-logo-5":{"type":"logo","settings":{"image_link":"","open_new_window":false}},"949141e0-63d8-428a-ae28-645969f2c6a1":{"type":"logo","settings":{"image_link":"","open_new_window":false}},"ddbcf6c4-95e1-4c5a-866d-4934cdff9386":{"type":"logo","settings":{"image_link":"","open_new_window":false}},"6ba1f0df-e417-4e1a-90b3-3880e2ef0cc8":{"type":"logo","settings":{"image_link":"","open_new_window":false}}},"block_order":["template--21434486325549__e5f59918-4dc8-4b07-8447-8bd2627ced5e-logo-1","template--21434486325549__e5f59918-4dc8-4b07-8447-8bd2627ced5e-logo-2","template--21434486325549__e5f59918-4dc8-4b07-8447-8bd2627ced5e-logo-3","template--21434486325549__e5f59918-4dc8-4b07-8447-8bd2627ced5e-logo-4","template--21434486325549__e5f59918-4dc8-4b07-8447-8bd2627ced5e-logo-5","949141e0-63d8-428a-ae28-645969f2c6a1","ddbcf6c4-95e1-4c5a-866d-4934cdff9386","6ba1f0df-e417-4e1a-90b3-3880e2ef0cc8"],"settings":{"heading":"Follow us on Instagram","heading_size":100,"corner_image":10,"background_color_light":"rgba(0,0,0,0)","background_color_dark":"rgba(0,0,0,0)","enable_carousel_on_desktop":false,"auto_switch_bar":true,"change_bar_every":5,"show_navigation":true,"columns_desktop":4,"full_width":false,"show_section_divider":true,"spacing":20,"padding_top":72,"padding_bottom":48,"layout_mobile":"carousel","columns_mobile":"2","show_section_divider_mobile":true,"spacing_mobile":14,"padding_top_mobile":36,"padding_bottom_mobile":36}},"8b3e6efa-36bc-410f-91b2-96b2af37a902":{"type":"multicolumn","blocks":{"template--16143237120160__8b3e6efa-36bc-410f-91b2-96b2af37a902-column-1":{"type":"column","settings":{"icon":"delivery-truck","custom_icon":"","title":"Shipping & Return","title_link":"","open_new_window":false,"heading_size":100,"text":"<p>If your aren't perfect, return them within 30 days for a full refund.<\/p>"}},"template--16143237120160__8b3e6efa-36bc-410f-91b2-96b2af37a902-column-2":{"type":"column","settings":{"icon":"box","custom_icon":"","title":"Safe Payment","title_link":"","open_new_window":false,"heading_size":100,"text":"<p>Pay with the world's most popular and secure payment methods<\/p>"}},"template--16143237120160__8b3e6efa-36bc-410f-91b2-96b2af37a902-column-3":{"type":"column","settings":{"icon":"leaf","custom_icon":"","title":"Shop with Confidence","title_link":"","open_new_window":false,"heading_size":100,"text":"<p>Our Buyer Protection covers your purchase from click to delivery.<\/p>"}},"template--16143237120160__8b3e6efa-36bc-410f-91b2-96b2af37a902-column-4":{"type":"column","settings":{"icon":"check-mark","custom_icon":"","title":"Support 24\/7","title_link":"","open_new_window":false,"heading_size":100,"text":"<p>Ready to help our clients<\/p>"}}},"block_order":["template--16143237120160__8b3e6efa-36bc-410f-91b2-96b2af37a902-column-1","template--16143237120160__8b3e6efa-36bc-410f-91b2-96b2af37a902-column-2","template--16143237120160__8b3e6efa-36bc-410f-91b2-96b2af37a902-column-3","template--16143237120160__8b3e6efa-36bc-410f-91b2-96b2af37a902-column-4"],"settings":{"title":"","heading_size":100,"secondary_background":"none","border_column":"line_vertical","column_content_alignment":"center","icon_position":"above","icon_size":30,"enable_desktop_slider":false,"swiper_on_mobile":true,"change_bar_every":3,"background_color_light":"rgba(0,0,0,0)","heading_light":"#000000","text_light":"#212020","line_border_light":"#ededdd","color_icon_light":"#17532d","background_color_dark":"#272727","heading_dark":"rgba(0,0,0,0)","text_dark":"rgba(0,0,0,0)","line_border_dark":"#333333","color_icon_dark":"#17532d","column_layout_desktop":"lg:w-1\/4","section_height_desktop":"md:py-0","spacing_desktop":20,"full_width":false,"show_section_divider":false,"padding_top":28,"padding_bottom":60,"column_layout_mobile":"w-full","section_height_mobile":"py-5","spacing_mobile":20,"full_width_mobile":true,"show_section_divider_mobile":false,"padding_top_mobile":16,"padding_bottom_mobile":56}}},"order":["slideshow","952603d1-fd68-42da-b469-b251652f14b9","4160350c-3ea8-43bf-828f-c4c047cc166c","a678885a-3793-48f5-a464-255512915ab2","f081edda-d32f-4adb-b3c3-771df6770469","07963ceb-f7b3-4e05-8aa8-f0202be564bb","f5684144-9493-4678-9472-89275e53ffee","62aa3195-ac8b-4dac-a2c6-e2332a2c86a6","e5f59918-4dc8-4b07-8447-8bd2627ced5e","8b3e6efa-36bc-410f-91b2-96b2af37a902"]}