{"sections":{"main":{"type":"main-page","disabled":true,"settings":{"show_heading":true,"heading_size":170,"show_breadcrumbs":true,"show_breadcrumbs_border":false,"full_width_breadcrumb":true,"desktop_content_alignment":"text-left","mobile_content_alignment":"text-left","background_color_light":"#f2f2f2","text_color_light":"rgba(0,0,0,0)","textlink_color_light":"rgba(0,0,0,0)","background_color_dark":"#313131","text_color_dark":"rgba(0,0,0,0)","textlink_color_dark":"rgba(0,0,0,0)","padding_top":28,"padding_bottom":28,"padding_top_mobile":20,"padding_bottom_mobile":20}},"fe5dccd3-17fd-4fd3-ada9-a0e11305981c":{"type":"slideshow","blocks":{"template--21828924539181__fe5dccd3-17fd-4fd3-ada9-a0e11305981c-slide-1":{"type":"slide","settings":{"overlay_opacity":0,"subheading":"UP TO 30% OFF","heading":"MASTERING THE ART OF SKIN CARE","heading_size":170,"text":"","button_label_1":"New Arrival","button_link_1":"","open_new_window_button":false,"button_label_2":"Shop All","button_link_2":"","open_new_window_button_2":false,"content_alignment":"middle-left","custom_horizontal":50,"custom_vertical":50,"alignment":"center","color_text":"rgba(0,0,0,0)","color_button":"#ffffff","color_text_button":"#000000","color_button_hover":"rgba(0,0,0,0)","color_text_button_hover":"rgba(0,0,0,0)","color_button_secondary":"rgba(0,0,0,0)","secondary_button_text":"#ffffff"}},"971b1015-ef28-4d4a-a43c-646bfd6da4a0":{"type":"slide","settings":{"overlay_opacity":0,"subheading":"UP TO 30% OFF","heading":"MASTERING THE ART OF SKIN CARE","heading_size":170,"text":"<p>Tell your brand's story through images<\/p>","button_label_1":"New Arrival","button_link_1":"","open_new_window_button":false,"button_label_2":"Shop All","button_link_2":"","open_new_window_button_2":false,"content_alignment":"middle-center","custom_horizontal":50,"custom_vertical":50,"alignment":"center","color_text":"rgba(0,0,0,0)","color_button":"#ffffff","color_text_button":"#000000","color_button_hover":"rgba(0,0,0,0)","color_text_button_hover":"rgba(0,0,0,0)","color_button_secondary":"rgba(0,0,0,0)","secondary_button_text":"#ffffff"}}},"block_order":["template--21828924539181__fe5dccd3-17fd-4fd3-ada9-a0e11305981c-slide-1","971b1015-ef28-4d4a-a43c-646bfd6da4a0"],"settings":{"show_hero":false,"auto_play":true,"change_slides_speed":5,"show_arrow":false,"slider_visual":"bars","transition_style":"fade","full_width":true,"padding_full_width":false,"rounded_corner_image":false,"desktop_height":"natural","padding_top":0,"padding_bottom":88,"full_width_mobile":true,"rounded_corner_image_mobile":false,"mobile_height":"500","padding_top_mobile":0,"padding_bottom_mobile":20}},"e32885d8-0a8f-4c4f-8801-377d01cb7656":{"type":"featured-collection","blocks":{"template--21828924539181__e32885d8-0a8f-4c4f-8801-377d01cb7656-collection-1":{"type":"collection","settings":{"collection":"get-more-save-more","show_description":true,"description":"","show_vendor":false,"show_rating":false,"show_quickview":true,"show_promotion":false,"promotion_position":"left","card_link":"","open_new_window":false,"enable_text_overlay":false,"overlay_opacity":0,"image_ratio":"100","heading":"Featured collection","heading_size":70,"content":"<p>10% OFF<\/p>","text_size":100,"content_alignment":"center","content_position":"bottom","button_label":"See more","button_link":"","open_new_window_button":false,"background_color":"rgba(0,0,0,0)","color_text":"rgba(0,0,0,0)","color_button":"rgba(0,0,0,0)","color_text_button":"rgba(0,0,0,0)","color_button_hover":"rgba(0,0,0,0)","color_text_button_hover":"rgba(0,0,0,0)","color_button_secondary":"rgba(0,0,0,0)","secondary_button_text":"rgba(0,0,0,0)"}}},"block_order":["template--21828924539181__e32885d8-0a8f-4c4f-8801-377d01cb7656-collection-1"],"settings":{"title":"Popular Cosmetics","heading_size":110,"heading_alignment":"center","subheading":"DISCOVER THIS WEEK’S","text":"","show_view_all":false,"view_all_position":"top","title_size":120,"title_style":"none","enable_desktop_slider":false,"swiper_on_mobile":false,"auto_play":false,"change_slides_speed":5,"columns_desktop":4,"rows_desktop":1,"spacing":30,"full_width":true,"show_section_divider":false,"padding_top":0,"padding_bottom":100,"columns_mobile":"1","spacing_mobile":16,"full_width_mobile":false,"show_section_divider_mobile":false,"padding_top_mobile":44,"padding_bottom_mobile":28}},"4352d226-8e70-4b9d-94d5-8f8b0e27084b":{"type":"media-gallery","blocks":{"template--21828924539181__4352d226-8e70-4b9d-94d5-8f8b0e27084b-media-1":{"type":"media","settings":{"image_link":"","open_new_window":false,"video_url":"","enable_video_autoplay":true,"video_alt_text":"","enable_content_overlay":true,"content_position":"bottom","overlay_opacity":0,"number_of_columns":1,"number_of_row":1,"icon":"none","custom_icon":"","icon_size":45,"sub_title":"","title":"","title_size":80,"text":"","text_size":130,"text_align":"center","media_position":"top","button_label":"Skin Care","button_link":"","open_new_window_button":false,"color_overlay":"rgba(0,0,0,0)","title_color":"rgba(0,0,0,0)","text_color":"rgba(0,0,0,0)","color_button":"#000000","background_button":"#ffffff","color_button_hover":"rgba(0,0,0,0)","background_button_hover":"rgba(0,0,0,0)","color_button_secondary":"rgba(0,0,0,0)","secondary_button_text":"rgba(0,0,0,0)"}},"template--21828924539181__4352d226-8e70-4b9d-94d5-8f8b0e27084b-media-2":{"type":"media","settings":{"image_link":"","open_new_window":false,"video_url":"","enable_video_autoplay":true,"video_alt_text":"","enable_content_overlay":true,"content_position":"bottom","overlay_opacity":0,"number_of_columns":1,"number_of_row":1,"icon":"none","custom_icon":"","icon_size":45,"sub_title":"","title":"","title_size":80,"text":"","text_size":130,"text_align":"center","media_position":"top","button_label":"Moisturizing","button_link":"","open_new_window_button":false,"color_overlay":"rgba(0,0,0,0)","title_color":"rgba(0,0,0,0)","text_color":"rgba(0,0,0,0)","color_button":"#000000","background_button":"#ffffff","color_button_hover":"rgba(0,0,0,0)","background_button_hover":"rgba(0,0,0,0)","color_button_secondary":"rgba(0,0,0,0)","secondary_button_text":"rgba(0,0,0,0)"}},"template--21828924539181__4352d226-8e70-4b9d-94d5-8f8b0e27084b-media-3":{"type":"media","settings":{"image_link":"","open_new_window":false,"video_url":"","enable_video_autoplay":true,"video_alt_text":"","enable_content_overlay":true,"content_position":"bottom","overlay_opacity":0,"number_of_columns":1,"number_of_row":1,"icon":"none","custom_icon":"","icon_size":45,"sub_title":"","title":"","title_size":80,"text":"","text_size":130,"text_align":"center","media_position":"top","button_label":"Body Care","button_link":"","open_new_window_button":false,"color_overlay":"rgba(0,0,0,0)","title_color":"rgba(0,0,0,0)","text_color":"rgba(0,0,0,0)","color_button":"#000000","background_button":"#ffffff","color_button_hover":"#000000","background_button_hover":"rgba(0,0,0,0)","color_button_secondary":"rgba(0,0,0,0)","secondary_button_text":"rgba(0,0,0,0)"}},"db5d4772-95e7-4d11-8e89-fc1fca790d75":{"type":"media","settings":{"image_link":"","open_new_window":false,"video_url":"","enable_video_autoplay":true,"video_alt_text":"","enable_content_overlay":true,"content_position":"bottom","overlay_opacity":0,"number_of_columns":1,"number_of_row":1,"icon":"none","custom_icon":"","icon_size":45,"sub_title":"","title":"","title_size":80,"text":"","text_size":130,"text_align":"center","media_position":"top","button_label":"White Skin","button_link":"","open_new_window_button":false,"color_overlay":"rgba(0,0,0,0)","title_color":"rgba(0,0,0,0)","text_color":"rgba(0,0,0,0)","color_button":"#000000","background_button":"#ffffff","color_button_hover":"rgba(0,0,0,0)","background_button_hover":"rgba(0,0,0,0)","color_button_secondary":"rgba(0,0,0,0)","secondary_button_text":"rgba(0,0,0,0)"}},"0cb13a19-ea92-4595-ac00-a59b7b26b6ed":{"type":"media","settings":{"image_link":"","open_new_window":false,"video_url":"","enable_video_autoplay":true,"video_alt_text":"","enable_content_overlay":true,"content_position":"top","overlay_opacity":0,"number_of_columns":2,"number_of_row":1,"icon":"none","custom_icon":"","icon_size":45,"sub_title":"","title":"Skin Restoration","title_size":80,"text":"<p>A Puffer Jacket For Your Skin.<\/p>","text_size":100,"text_align":"left","media_position":"top","button_label":"","button_link":"","open_new_window_button":false,"color_overlay":"rgba(0,0,0,0)","title_color":"rgba(0,0,0,0)","text_color":"rgba(0,0,0,0)","color_button":"rgba(0,0,0,0)","background_button":"rgba(0,0,0,0)","color_button_hover":"rgba(0,0,0,0)","background_button_hover":"rgba(0,0,0,0)","color_button_secondary":"rgba(0,0,0,0)","secondary_button_text":"rgba(0,0,0,0)"}},"d88ef804-fb08-47c7-a7f2-50d8e695853b":{"type":"media","settings":{"image_link":"","open_new_window":false,"video_url":"","enable_video_autoplay":true,"video_alt_text":"","enable_content_overlay":true,"content_position":"top","overlay_opacity":0,"number_of_columns":2,"number_of_row":1,"icon":"none","custom_icon":"","icon_size":45,"sub_title":"","title":"Daily Sunscreen","title_size":80,"text":"<p>Lightweight And Undetectable<\/p>","text_size":100,"text_align":"left","media_position":"top","button_label":"","button_link":"","open_new_window_button":false,"color_overlay":"rgba(0,0,0,0)","title_color":"#ffffff","text_color":"#ffffff","color_button":"rgba(0,0,0,0)","background_button":"rgba(0,0,0,0)","color_button_hover":"rgba(0,0,0,0)","background_button_hover":"rgba(0,0,0,0)","color_button_secondary":"rgba(0,0,0,0)","secondary_button_text":"rgba(0,0,0,0)"}}},"block_order":["template--21828924539181__4352d226-8e70-4b9d-94d5-8f8b0e27084b-media-1","template--21828924539181__4352d226-8e70-4b9d-94d5-8f8b0e27084b-media-2","template--21828924539181__4352d226-8e70-4b9d-94d5-8f8b0e27084b-media-3","db5d4772-95e7-4d11-8e89-fc1fca790d75","0cb13a19-ea92-4595-ac00-a59b7b26b6ed","d88ef804-fb08-47c7-a7f2-50d8e695853b"],"settings":{"heading":"Featured Categories","heading_size":110,"heading_alignment":"center","subheading":"DISCOVER THIS WEEK’S","text":"","max_columns":4,"spacing":30,"height_desktop":440,"show_section_divider":false,"full_width":true,"padding_full_width":true,"padding_top":0,"padding_bottom":100,"min_columns_mobile":"1","spacing_mobile":16,"height_mobile":250,"show_section_divider_mobile":false,"full_width_mobile":false,"padding_top_mobile":16,"padding_bottom_mobile":28}},"31318fc4-4c4e-4f2e-aca5-a42a85b71d86":{"type":"collage","blocks":{"57ce0b54-e71f-4fe1-900c-12e795e7ce1a":{"type":"image","settings":{"overlay_opacity":0,"image_link":"","open_new_window":false,"image_padding":false,"number_of_columns":2,"number_of_row":2,"title":"","title_size":80,"text":"","text_size":100,"button_label":"","button_link":"","open_new_window_button":false,"text_align":"center","content_position":"center","title_color":"rgba(0,0,0,0)","text_color":"rgba(0,0,0,0)","color_button":"rgba(0,0,0,0)","color_text_button":"rgba(0,0,0,0)","color_button_hover":"rgba(0,0,0,0)","color_text_button_hover":"rgba(0,0,0,0)","color_button_secondary":"rgba(0,0,0,0)","secondary_button_text":"rgba(0,0,0,0)"}},"template--21828924539181__31318fc4-4c4e-4f2e-aca5-a42a85b71d86-product-1":{"type":"product","settings":{"product":"","show_quickview":true,"info_alignment":"center","desktop_size":"large","number_of_columns":1,"number_of_row":1}},"95e16f52-9d60-462b-b185-c91fb31cc11c":{"type":"product","settings":{"product":"","show_quickview":true,"info_alignment":"center","desktop_size":"large","number_of_columns":1,"number_of_row":1}},"896cd81c-7b24-4161-90c6-659a182e1734":{"type":"product","settings":{"product":"","show_quickview":true,"info_alignment":"center","desktop_size":"large","number_of_columns":1,"number_of_row":1}},"8faff488-e22e-482e-8e8a-191fa1386524":{"type":"product","settings":{"product":"","show_quickview":true,"info_alignment":"center","desktop_size":"large","number_of_columns":1,"number_of_row":1}}},"block_order":["57ce0b54-e71f-4fe1-900c-12e795e7ce1a","template--21828924539181__31318fc4-4c4e-4f2e-aca5-a42a85b71d86-product-1","95e16f52-9d60-462b-b185-c91fb31cc11c","896cd81c-7b24-4161-90c6-659a182e1734","8faff488-e22e-482e-8e8a-191fa1386524"],"settings":{"heading":"Exclusively for you","heading_size":110,"heading_alignment":"center","subheading":"DISCOVER THIS WEEK’S","text":"","background_color_light":"rgba(0,0,0,0)","background_color_dark":"rgba(0,0,0,0)","show_vendor":false,"show_rating":false,"max_columns":4,"spacing":30,"full_width":true,"show_section_divider":false,"padding_top":0,"padding_bottom":100,"min_columns_mobile":"2","spacing_mobile":20,"full_width_mobile":false,"show_section_divider_mobile":false,"padding_top_mobile":28,"padding_bottom_mobile":32}},"aa5a321b-0569-4811-b5c6-83c275dfc484":{"type":"flow","blocks":{"6a48a44f-b5ec-4778-b29c-ff6117d80f26":{"type":"collection","settings":{"collection":"get-more-save-more","heading":"Skin Care","description":"<p>1111<\/p>","button_text":"","button_link":"","open_new_window_button":false}},"671ddba1-157d-4700-baa3-9a2122b266e3":{"type":"collection","settings":{"collection":"get-more-save-more","heading":"Hair Care","description":"","button_text":"","button_link":"","open_new_window_button":false}},"e1e1bfc5-0e66-403e-bfbb-7b1857f8d1f7":{"type":"collection","settings":{"collection":"get-more-save-more","heading":"Make Up","description":"","button_text":"","button_link":"","open_new_window_button":false}},"0ddcf36d-da52-4624-b5d2-c52b3640166d":{"type":"media","settings":{"video_url":"","video_alt_text":"","enable_video_autoplay":false,"heading":"Sunscreen","description":"","button_text":"","button_link":"","open_new_window_button":false}}},"block_order":["6a48a44f-b5ec-4778-b29c-ff6117d80f26","671ddba1-157d-4700-baa3-9a2122b266e3","e1e1bfc5-0e66-403e-bfbb-7b1857f8d1f7","0ddcf36d-da52-4624-b5d2-c52b3640166d"],"settings":{"heading":"","heading_size":100,"heading_alignment":"center","content_position":"middle","content_alignment":"left","open_first_tab":false,"image_corner_radius":0,"heading_color":"rgba(0,0,0,0)","text_color":"#000000","background_color":"#ffffff","heading_color_dark":"rgba(0,0,0,0)","text_color_dark":"#ffffff","background_color_dark":"#3a3a3a","image_position":"second","full_width":true,"padding_full_width":true,"show_section_divider":false,"desktop_height":"650px","padding_top":0,"padding_bottom":52,"image_position_mobile":"second","full_width_mobile":false,"show_section_divider_mobile":false,"mobile_height":"400px","padding_top_mobile":0,"padding_bottom_mobile":28}},"54f7b6ce-e4ba-42b3-9550-cde9eb5ab2b4":{"type":"testimonials","blocks":{"template--21828924539181__54f7b6ce-e4ba-42b3-9550-cde9eb5ab2b4-testimonial-1":{"type":"testimonial","settings":{"icon_star":"5_star","custom_icon":"","title":"“Ipsum dolor amet, consectetur adipiscing elit. Fringilla tincidunt ipsum. Nam at et id leo pulvinar egestas mi lorem. Adipiscing felis, vel faucibus in. Hendrerit viverra elementum venenatis pellentesque pellentesque ornare. Adipiscing felis, vel faucibus in. Hendrerit viverra elementum venenatis pellentesque pellentesque ornare“","text":"","author":"Author’s Name","author_note":"<p>Design<\/p>"}}},"block_order":["template--21828924539181__54f7b6ce-e4ba-42b3-9550-cde9eb5ab2b4-testimonial-1"],"settings":{"heading":"","heading_size":100,"text_alignment":"start","testimonial_items_view":"single","show_arrow":true,"show_pagination":false,"show_author_image":true,"author_image":"top","image_ratio":"100","desktop_height":500,"background_color_light":"rgba(0,0,0,0)","item_background_color_light":"#ffffff","heading_and_title_light":"rgba(0,0,0,0)","item_text_color_light":"rgba(0,0,0,0)","background_color_dark":"rgba(0,0,0,0)","item_background_color_dark":"#202020","heading_and_title_dark":"rgba(0,0,0,0)","item_text_color_dark":"rgba(0,0,0,0)","show_section_divider":false,"top_padding":0,"bottom_padding":4,"show_section_divider_mobile":false,"top_padding_mobile":20,"bottom_padding_mobile":20}},"5e1e5bf5-c81b-45dd-ab36-0e564f692a95":{"type":"shop-the-look","blocks":{"template--21828924539181__5e1e5bf5-c81b-45dd-ab36-0e564f692a95-look-1":{"type":"look","settings":{"product":"","color_hotspot":"#000000","hotspot_desktop_horizontal":30,"hotspot_desktop_vertical":50,"hotspot_mobile_horizontal":27,"hotspot_mobile_vertical":47}},"template--21828924539181__5e1e5bf5-c81b-45dd-ab36-0e564f692a95-look-2":{"type":"look","settings":{"product":"","color_hotspot":"#000000","hotspot_desktop_horizontal":53,"hotspot_desktop_vertical":27,"hotspot_mobile_horizontal":54,"hotspot_mobile_vertical":25}},"template--21828924539181__5e1e5bf5-c81b-45dd-ab36-0e564f692a95-look-3":{"type":"look","settings":{"product":"","color_hotspot":"#000000","hotspot_desktop_horizontal":64,"hotspot_desktop_vertical":50,"hotspot_mobile_horizontal":65,"hotspot_mobile_vertical":50}}},"block_order":["template--21828924539181__5e1e5bf5-c81b-45dd-ab36-0e564f692a95-look-1","template--21828924539181__5e1e5bf5-c81b-45dd-ab36-0e564f692a95-look-2","template--21828924539181__5e1e5bf5-c81b-45dd-ab36-0e564f692a95-look-3"],"settings":{"heading":"","heading_size":100,"heading_alignment":"center","image_ratio":"square","info_alignment":"center","desktop_size":"small","show_quickview":true,"show_vendor":false,"show_rating":false,"image_alignment":"left","full_width":true,"padding_full_width":true,"show_section_divider":false,"desktop_height":"750px","padding_top":52,"padding_bottom":100,"full_width_mobile":false,"show_section_divider_mobile":false,"mobile_height":"400px","padding_top_mobile":40,"padding_bottom_mobile":20}},"6c240d5b-c5b1-4370-96f5-adff063eb83e":{"type":"image-comparison","settings":{"heading":"","heading_base_size":100,"layout_comparison":"horizontal","desktop_height":"750px","mobile_height":"400px","image_corner_radius":0,"heading_before_image":"Before","heading_base_size_before_image":100,"heading_before_image_position":"top","heading_after_image":"After","heading_base_size_after_image":100,"heading_after_image_position":"top","heading_color":"#000000","background_color":"#ffffff","heading_color_dark":"#000000","background_color_dark":"#ffffff","full_width":true,"padding_full_width":true,"show_section_divider":false,"top_padding":0,"bottom_padding":100,"full_width_mobile":false,"show_section_divider_mobile":false,"top_padding_mobile":40,"bottom_padding_mobile":40}},"ec753deb-9b85-432b-ad75-2c2fd240c350":{"type":"media-gallery","blocks":{"template--21828924539181__ec753deb-9b85-432b-ad75-2c2fd240c350-media-2":{"type":"media","settings":{"image_link":"","open_new_window":false,"video_url":"","enable_video_autoplay":true,"video_alt_text":"","enable_content_overlay":true,"content_position":"center","overlay_opacity":0,"number_of_columns":1,"number_of_row":1,"icon":"none","custom_icon":"","icon_size":45,"sub_title":"","title":"","title_size":80,"text":"","text_size":130,"text_align":"center","media_position":"top","button_label":"","button_link":"","open_new_window_button":false,"color_overlay":"rgba(0,0,0,0)","title_color":"rgba(0,0,0,0)","text_color":"rgba(0,0,0,0)","color_button":"rgba(0,0,0,0)","background_button":"rgba(0,0,0,0)","color_button_hover":"rgba(0,0,0,0)","background_button_hover":"rgba(0,0,0,0)","color_button_secondary":"rgba(0,0,0,0)","secondary_button_text":"rgba(0,0,0,0)"}},"template--21828924539181__ec753deb-9b85-432b-ad75-2c2fd240c350-media-3":{"type":"media","settings":{"image_link":"","open_new_window":false,"video_url":"","enable_video_autoplay":true,"video_alt_text":"","enable_content_overlay":true,"content_position":"center","overlay_opacity":0,"number_of_columns":1,"number_of_row":1,"icon":"none","custom_icon":"","icon_size":45,"sub_title":"","title":"","title_size":80,"text":"","text_size":130,"text_align":"center","media_position":"top","button_label":"","button_link":"","open_new_window_button":false,"color_overlay":"rgba(0,0,0,0)","title_color":"rgba(0,0,0,0)","text_color":"rgba(0,0,0,0)","color_button":"rgba(0,0,0,0)","background_button":"rgba(0,0,0,0)","color_button_hover":"rgba(0,0,0,0)","background_button_hover":"rgba(0,0,0,0)","color_button_secondary":"rgba(0,0,0,0)","secondary_button_text":"rgba(0,0,0,0)"}},"e201a23e-7152-431b-bd6e-681a502ff504":{"type":"media","settings":{"image_link":"","open_new_window":false,"video_url":"","enable_video_autoplay":true,"video_alt_text":"","enable_content_overlay":true,"content_position":"center","overlay_opacity":0,"number_of_columns":1,"number_of_row":1,"icon":"none","custom_icon":"","icon_size":45,"sub_title":"","title":"","title_size":80,"text":"","text_size":130,"text_align":"center","media_position":"top","button_label":"","button_link":"","open_new_window_button":false,"color_overlay":"rgba(0,0,0,0)","title_color":"rgba(0,0,0,0)","text_color":"rgba(0,0,0,0)","color_button":"rgba(0,0,0,0)","background_button":"rgba(0,0,0,0)","color_button_hover":"rgba(0,0,0,0)","background_button_hover":"rgba(0,0,0,0)","color_button_secondary":"rgba(0,0,0,0)","secondary_button_text":"rgba(0,0,0,0)"}},"5599b296-b06c-4496-8800-62a2bdab8c49":{"type":"media","settings":{"image_link":"","open_new_window":false,"video_url":"","enable_video_autoplay":true,"video_alt_text":"","enable_content_overlay":true,"content_position":"center","overlay_opacity":0,"number_of_columns":1,"number_of_row":1,"icon":"none","custom_icon":"","icon_size":45,"sub_title":"","title":"","title_size":80,"text":"","text_size":130,"text_align":"center","media_position":"top","button_label":"","button_link":"","open_new_window_button":false,"color_overlay":"rgba(0,0,0,0)","title_color":"rgba(0,0,0,0)","text_color":"rgba(0,0,0,0)","color_button":"rgba(0,0,0,0)","background_button":"rgba(0,0,0,0)","color_button_hover":"rgba(0,0,0,0)","background_button_hover":"rgba(0,0,0,0)","color_button_secondary":"rgba(0,0,0,0)","secondary_button_text":"rgba(0,0,0,0)"}},"18e177f8-e77d-48ba-b580-1d5bff64df63":{"type":"media","settings":{"image_link":"","open_new_window":false,"video_url":"","enable_video_autoplay":true,"video_alt_text":"","enable_content_overlay":true,"content_position":"center","overlay_opacity":0,"number_of_columns":1,"number_of_row":1,"icon":"none","custom_icon":"","icon_size":45,"sub_title":"","title":"","title_size":80,"text":"","text_size":130,"text_align":"center","media_position":"top","button_label":"","button_link":"","open_new_window_button":false,"color_overlay":"rgba(0,0,0,0)","title_color":"rgba(0,0,0,0)","text_color":"rgba(0,0,0,0)","color_button":"rgba(0,0,0,0)","background_button":"rgba(0,0,0,0)","color_button_hover":"rgba(0,0,0,0)","background_button_hover":"rgba(0,0,0,0)","color_button_secondary":"rgba(0,0,0,0)","secondary_button_text":"rgba(0,0,0,0)"}}},"block_order":["template--21828924539181__ec753deb-9b85-432b-ad75-2c2fd240c350-media-2","template--21828924539181__ec753deb-9b85-432b-ad75-2c2fd240c350-media-3","e201a23e-7152-431b-bd6e-681a502ff504","5599b296-b06c-4496-8800-62a2bdab8c49","18e177f8-e77d-48ba-b580-1d5bff64df63"],"settings":{"heading":"IMAGE GALLERY","heading_size":100,"heading_alignment":"center","subheading":"","text":"<p>This is an image gallery block but you can use this block as an Instagram Feed by installing an Instagram App.<\/p>","max_columns":5,"spacing":30,"height_desktop":350,"show_section_divider":true,"full_width":true,"padding_full_width":true,"padding_top":84,"padding_bottom":28,"min_columns_mobile":"1","spacing_mobile":16,"height_mobile":250,"show_section_divider_mobile":true,"full_width_mobile":false,"padding_top_mobile":92,"padding_bottom_mobile":28}}},"order":["main","fe5dccd3-17fd-4fd3-ada9-a0e11305981c","e32885d8-0a8f-4c4f-8801-377d01cb7656","4352d226-8e70-4b9d-94d5-8f8b0e27084b","31318fc4-4c4e-4f2e-aca5-a42a85b71d86","aa5a321b-0569-4811-b5c6-83c275dfc484","54f7b6ce-e4ba-42b3-9550-cde9eb5ab2b4","5e1e5bf5-c81b-45dd-ab36-0e564f692a95","6c240d5b-c5b1-4370-96f5-adff063eb83e","ec753deb-9b85-432b-ad75-2c2fd240c350"]}