{"sections":{"main":{"type":"main-page","disabled":true,"settings":{"show_heading":true,"heading_size":170,"show_breadcrumbs":true,"show_breadcrumbs_border":false,"full_width_breadcrumb":true,"desktop_content_alignment":"text-left","mobile_content_alignment":"text-left","background_color_light":"#f2f2f2","text_color_light":"rgba(0,0,0,0)","textlink_color_light":"rgba(0,0,0,0)","background_color_dark":"#313131","text_color_dark":"rgba(0,0,0,0)","textlink_color_dark":"rgba(0,0,0,0)","padding_top":28,"padding_bottom":28,"padding_top_mobile":20,"padding_bottom_mobile":20}},"706e7610-1e19-47fe-afdc-3d0d2e919074":{"type":"slideshow","blocks":{"template--20754774196525__706e7610-1e19-47fe-afdc-3d0d2e919074-slide-1":{"type":"slide","settings":{"image":"","overlay_opacity":10,"subheading":"UP TO 30% OFF","heading":"Spring Summer Sale","heading_size":160,"text":"","button_label_1":"New Arrival","button_link_1":"","open_new_window_button":false,"button_label_2":"Shop All","button_link_2":"","open_new_window_button_2":false,"content_alignment":"custom","custom_horizontal":20,"custom_vertical":50,"color_text":"#ffffff","color_button":"#ffffff","color_text_button":"#000000","color_button_hover":"rgba(0,0,0,0)","color_text_button_hover":"rgba(0,0,0,0)","color_button_secondary":"#ffffff"}},"template--20754774196525__706e7610-1e19-47fe-afdc-3d0d2e919074-slide-2":{"type":"slide","settings":{"image":"","image_mobile":"","overlay_opacity":10,"subheading":"UP TO 30% OFF","heading":"Spring Summer Sale","heading_size":160,"text":"","button_label_1":"New Arrival","button_link_1":"","open_new_window_button":false,"button_label_2":"Shop All","button_link_2":"","open_new_window_button_2":false,"content_alignment":"custom","custom_horizontal":80,"custom_vertical":50,"color_text":"#ffffff","color_button":"#ffffff","color_text_button":"#000000","color_button_hover":"rgba(0,0,0,0)","color_text_button_hover":"rgba(0,0,0,0)","color_button_secondary":"#ffffff"}},"cebdbaa1-4027-4fee-8580-8a6e46f2ab59":{"type":"slide","settings":{"image":"","image_mobile":"","overlay_opacity":10,"subheading":"UP TO 30% OFF","heading":"Spring Summer Sale","heading_size":160,"text":"","button_label_1":"New Arrival","button_link_1":"","open_new_window_button":false,"button_label_2":"Shop All","button_link_2":"","open_new_window_button_2":false,"content_alignment":"middle-center","custom_horizontal":50,"custom_vertical":51,"color_text":"#ffffff","color_button":"#ffffff","color_text_button":"#000000","color_button_hover":"rgba(0,0,0,0)","color_text_button_hover":"rgba(0,0,0,0)","color_button_secondary":"#ffffff"}}},"block_order":["template--20754774196525__706e7610-1e19-47fe-afdc-3d0d2e919074-slide-1","template--20754774196525__706e7610-1e19-47fe-afdc-3d0d2e919074-slide-2","cebdbaa1-4027-4fee-8580-8a6e46f2ab59"],"settings":{"show_hero":true,"auto_play":true,"change_slides_speed":5,"show_arrow":true,"slider_visual":"bars","transition_style":"fade","full_width":true,"padding_full_width":false,"rounded_corner_image":false,"desktop_height":"750","padding_top":0,"padding_bottom":0,"full_width_mobile":true,"rounded_corner_image_mobile":false,"mobile_height":"500","padding_top_mobile":0,"padding_bottom_mobile":0}},"04562db9-694b-486d-8371-e0eef3cb296a":{"type":"logo-list","blocks":{"template--20754774196525__04562db9-694b-486d-8371-e0eef3cb296a-logo-1":{"type":"logo","settings":{"image_logo":"","image_link":"","open_new_window":false}},"template--20754774196525__04562db9-694b-486d-8371-e0eef3cb296a-logo-2":{"type":"logo","settings":{"image_logo":"","image_link":"","open_new_window":false}},"template--20754774196525__04562db9-694b-486d-8371-e0eef3cb296a-logo-3":{"type":"logo","settings":{"image_logo":"","image_link":"","open_new_window":false}},"template--20754774196525__04562db9-694b-486d-8371-e0eef3cb296a-logo-4":{"type":"logo","settings":{"image_logo":"","image_link":"","open_new_window":false}},"e1aff670-3af1-43b5-a533-672904ac2ee3":{"type":"logo","settings":{"image_logo":"","image_link":"","open_new_window":false}},"5160449e-33f6-4259-9b13-f26aac3478b0":{"type":"logo","settings":{"image_logo":"","image_link":"","open_new_window":false}},"f2095e6d-b66d-4a4a-a44e-42b310caf775":{"type":"logo","settings":{"image_logo":"","image_link":"","open_new_window":false}},"1b8fdd8a-ee94-4e21-9692-875a74e5744a":{"type":"logo","settings":{"image_logo":"","image_link":"","open_new_window":false}}},"block_order":["template--20754774196525__04562db9-694b-486d-8371-e0eef3cb296a-logo-1","template--20754774196525__04562db9-694b-486d-8371-e0eef3cb296a-logo-2","template--20754774196525__04562db9-694b-486d-8371-e0eef3cb296a-logo-3","template--20754774196525__04562db9-694b-486d-8371-e0eef3cb296a-logo-4","e1aff670-3af1-43b5-a533-672904ac2ee3","5160449e-33f6-4259-9b13-f26aac3478b0","f2095e6d-b66d-4a4a-a44e-42b310caf775","1b8fdd8a-ee94-4e21-9692-875a74e5744a"],"settings":{"heading":"","heading_size":100,"corner_image":0,"background_color_light":"rgba(0,0,0,0)","background_color_dark":"rgba(0,0,0,0)","enable_carousel_on_desktop":true,"auto_switch_bar":true,"change_bar_every":5,"show_navigation":false,"columns_desktop":6,"full_width":true,"show_section_divider":false,"spacing":40,"padding_top":20,"padding_bottom":20,"layout_mobile":"carousel","columns_mobile":"2","show_section_divider_mobile":false,"spacing_mobile":16,"padding_top_mobile":20,"padding_bottom_mobile":20}},"0f96fde6-c5ae-4616-aeb0-91e707420954":{"type":"featured-collection","blocks":{"template--20754774196525__0f96fde6-c5ae-4616-aeb0-91e707420954-collection-1":{"type":"collection","settings":{"collection":"get-more-save-more","show_description":true,"description":"","show_vendor":false,"show_rating":true,"show_quickview":true,"show_promotion":false,"promotion_position":"left","card_link":"","open_new_window":false,"enable_text_overlay":false,"overlay_opacity":0,"image_ratio":"100","heading":"Featured collection","heading_size":70,"content":"<p>10% OFF<\/p>","text_size":100,"content_alignment":"center","content_position":"bottom","button_label":"See more","button_link":"","open_new_window_button":false,"background_color":"rgba(0,0,0,0)","color_text":"rgba(0,0,0,0)","color_button":"rgba(0,0,0,0)","color_text_button":"rgba(0,0,0,0)","color_button_hover":"rgba(0,0,0,0)","color_text_button_hover":"rgba(0,0,0,0)","color_button_secondary":"rgba(0,0,0,0)"}},"960ad02d-0fcb-4e3b-a0d0-b1dd54b7063a":{"type":"collection","settings":{"collection":"get-more-save-more","show_description":true,"description":"","show_vendor":false,"show_rating":true,"show_quickview":true,"show_promotion":false,"promotion_position":"left","card_link":"","open_new_window":false,"enable_text_overlay":false,"overlay_opacity":0,"image_ratio":"100","heading":"Featured collection","heading_size":70,"content":"<p>10% OFF<\/p>","text_size":100,"content_alignment":"center","content_position":"bottom","button_label":"See more","button_link":"","open_new_window_button":false,"background_color":"rgba(0,0,0,0)","color_text":"rgba(0,0,0,0)","color_button":"rgba(0,0,0,0)","color_text_button":"rgba(0,0,0,0)","color_button_hover":"rgba(0,0,0,0)","color_text_button_hover":"rgba(0,0,0,0)","color_button_secondary":"rgba(0,0,0,0)"}},"45e4ec3a-57c9-4097-b1f9-0adae06399d1":{"type":"collection","settings":{"collection":"get-more-save-more","show_description":true,"description":"","show_vendor":false,"show_rating":true,"show_quickview":true,"show_promotion":false,"promotion_position":"left","card_link":"","open_new_window":false,"enable_text_overlay":false,"overlay_opacity":0,"image_ratio":"100","heading":"Featured collection","heading_size":70,"content":"<p>10% OFF<\/p>","text_size":100,"content_alignment":"center","content_position":"bottom","button_label":"See more","button_link":"","open_new_window_button":false,"background_color":"rgba(0,0,0,0)","color_text":"rgba(0,0,0,0)","color_button":"rgba(0,0,0,0)","color_text_button":"rgba(0,0,0,0)","color_button_hover":"rgba(0,0,0,0)","color_text_button_hover":"rgba(0,0,0,0)","color_button_secondary":"rgba(0,0,0,0)"}}},"block_order":["template--20754774196525__0f96fde6-c5ae-4616-aeb0-91e707420954-collection-1","960ad02d-0fcb-4e3b-a0d0-b1dd54b7063a","45e4ec3a-57c9-4097-b1f9-0adae06399d1"],"settings":{"title":"","heading_size":100,"heading_alignment":"center","show_view_all":false,"view_all_position":"top","enable_desktop_slider":true,"swiper_on_mobile":true,"auto_play":false,"change_slides_speed":5,"columns_desktop":4,"rows_desktop":2,"spacing":28,"full_width":false,"show_section_divider":true,"padding_top":40,"padding_bottom":32,"columns_mobile":"2","spacing_mobile":16,"full_width_mobile":false,"show_section_divider_mobile":false,"padding_top_mobile":16,"padding_bottom_mobile":16}},"8fa796bb-8149-477f-84be-fed1b40d00de":{"type":"rich-text","blocks":{"template--16100011573408__8fa796bb-8149-477f-84be-fed1b40d00de-text-1":{"type":"text","settings":{"text":"<p>Whatever outfit you choose to wear be sure to have a secondary choice ready should the weather turn foul, or have a throw or shawl... even a stylish umbrella to help you weather the weather!<\/p>"}}},"block_order":["template--16100011573408__8fa796bb-8149-477f-84be-fed1b40d00de-text-1"],"settings":{"background_color_light":"","background_color_dark":"","content_alignment":"center","show_section_divider":false,"padding_top":32,"padding_bottom":28,"content_alignment_mobile":"center","show_section_divider_mobile":false,"padding_top_mobile":16,"padding_bottom_mobile":16}},"397461cb-2431-439a-941a-df7e2b6c44a9":{"type":"media-gallery","blocks":{"template--20754774196525__397461cb-2431-439a-941a-df7e2b6c44a9-media-1":{"type":"media","settings":{"image_link":"","open_new_window":false,"video_url":"","enable_video_autoplay":true,"video_alt_text":"","content_position":"center","overlay_opacity":100,"number_of_columns":1,"number_of_row":1,"title":"Spring Collection","title_size":100,"text":"<p>Tell about your spring collection<\/p>","text_size":130,"text_align":"center","button_label":"Discover more","button_link":"","open_new_window_button":false,"color_overlay":"#e3e3e3","title_color":"#000000","text_color":"#000000","color_button":"#ffffff","background_button":"#000000","color_button_hover":"#000000","background_button_hover":"#ff6600"}},"template--20754774196525__397461cb-2431-439a-941a-df7e2b6c44a9-media-3":{"type":"media","settings":{"image":"","image_link":"","open_new_window":false,"video_url":"","enable_video_autoplay":true,"video_alt_text":"","content_position":"bottom","overlay_opacity":0,"number_of_columns":1,"number_of_row":2,"title":"","title_size":80,"text":"","text_size":130,"text_align":"center","button_label":"","button_link":"","open_new_window_button":false,"color_overlay":"rgba(0,0,0,0)","title_color":"rgba(0,0,0,0)","text_color":"#ffffff","color_button":"rgba(0,0,0,0)","background_button":"rgba(0,0,0,0)","color_button_hover":"rgba(0,0,0,0)","background_button_hover":"rgba(0,0,0,0)"}},"template--20754774196525__397461cb-2431-439a-941a-df7e2b6c44a9-media-2":{"type":"media","settings":{"image":"","image_link":"","open_new_window":false,"video_url":"","enable_video_autoplay":true,"video_alt_text":"","content_position":"bottom","overlay_opacity":0,"number_of_columns":1,"number_of_row":1,"title":"","title_size":80,"text":"","text_size":130,"text_align":"center","button_label":"","button_link":"","open_new_window_button":false,"color_overlay":"rgba(0,0,0,0)","title_color":"rgba(0,0,0,0)","text_color":"rgba(0,0,0,0)","color_button":"rgba(0,0,0,0)","background_button":"rgba(0,0,0,0)","color_button_hover":"rgba(0,0,0,0)","background_button_hover":"rgba(0,0,0,0)"}},"036b5253-4b65-4b94-8d1d-7867f561b95f":{"type":"media","settings":{"image":"","image_link":"","open_new_window":false,"video_url":"","enable_video_autoplay":true,"video_alt_text":"","content_position":"center","overlay_opacity":0,"number_of_columns":1,"number_of_row":1,"title":"","title_size":80,"text":"","text_size":130,"text_align":"center","button_label":"","button_link":"","open_new_window_button":false,"color_overlay":"rgba(0,0,0,0)","title_color":"rgba(0,0,0,0)","text_color":"rgba(0,0,0,0)","color_button":"rgba(0,0,0,0)","background_button":"rgba(0,0,0,0)","color_button_hover":"rgba(0,0,0,0)","background_button_hover":"rgba(0,0,0,0)"}},"2b1dde6e-7c6e-4572-8f37-b8a3c12d691f":{"type":"media","settings":{"image_link":"","open_new_window":false,"video_url":"","enable_video_autoplay":true,"video_alt_text":"","content_position":"center","overlay_opacity":100,"number_of_columns":1,"number_of_row":1,"title":"Summer Collection","title_size":100,"text":"<p>Tell about your summner collection<\/p>","text_size":130,"text_align":"center","button_label":"Discover more","button_link":"","open_new_window_button":false,"color_overlay":"#e3e3e3","title_color":"#000000","text_color":"#000000","color_button":"#ffffff","background_button":"#000000","color_button_hover":"#000000","background_button_hover":"#ff6600"}}},"block_order":["template--20754774196525__397461cb-2431-439a-941a-df7e2b6c44a9-media-1","template--20754774196525__397461cb-2431-439a-941a-df7e2b6c44a9-media-3","template--20754774196525__397461cb-2431-439a-941a-df7e2b6c44a9-media-2","036b5253-4b65-4b94-8d1d-7867f561b95f","2b1dde6e-7c6e-4572-8f37-b8a3c12d691f"],"settings":{"heading":"","heading_size":100,"max_columns":3,"spacing":25,"height_desktop":350,"show_section_divider":false,"full_width":true,"padding_top":32,"padding_bottom":28,"min_columns_mobile":"2","spacing_mobile":15,"height_mobile":250,"show_section_divider_mobile":false,"full_width_mobile":true,"padding_top_mobile":16,"padding_bottom_mobile":16}},"20843716-3cc5-4158-a542-e7eea7038e91":{"type":"featured-collection","blocks":{"template--16100011573408__20843716-3cc5-4158-a542-e7eea7038e91-collection-1":{"type":"collection","settings":{"collection":"get-more-save-more","show_description":true,"description":"","show_vendor":false,"show_rating":false,"show_quickview":true,"show_promotion":true,"promotion_position":"left","card_link":"","open_new_window":false,"image":"","enable_text_overlay":true,"overlay_opacity":10,"image_ratio":"auto","heading":"Woman's","heading_size":150,"content":"<p>More colourful place with our everyday essentials<\/p>","text_size":100,"content_alignment":"left","content_position":"bottom","button_label":"Shop Woman's","button_link":"","open_new_window_button":false,"background_color":"rgba(0,0,0,0)","color_text":"#ffffff","color_button":"#ffffff","color_text_button":"#000000","color_button_hover":"rgba(0,0,0,0)","color_text_button_hover":"rgba(0,0,0,0)","color_button_secondary":"rgba(0,0,0,0)"}}},"block_order":["template--16100011573408__20843716-3cc5-4158-a542-e7eea7038e91-collection-1"],"settings":{"title":"Featured collections","heading_size":100,"heading_alignment":"left","show_view_all":false,"view_all_position":"top","enable_desktop_slider":true,"swiper_on_mobile":true,"auto_play":false,"change_slides_speed":5,"columns_desktop":3,"rows_desktop":2,"spacing":28,"full_width":false,"show_section_divider":false,"padding_top":32,"padding_bottom":28,"columns_mobile":"2","spacing_mobile":16,"full_width_mobile":true,"show_section_divider_mobile":false,"padding_top_mobile":32,"padding_bottom_mobile":16}},"6279217f-bd46-4cfe-b8ee-a9028e464053":{"type":"image-with-text","blocks":{"template--16100011573408__6279217f-bd46-4cfe-b8ee-a9028e464053-heading-1":{"type":"heading","settings":{"subheading":"Trending","heading":"What's in our special?","heading_base_size":100,"text":"<p>Our summer sale is here, it's time to revamp your summer wardrobe. Whether you're heading to the beach or a backyard barbecue, we've got you covered. Our summer sale is here, it's time to revamp your summer wardrobe. Whether you're heading to the beach or a backyard barbecue, we've got you covered.Our summer sale is here, it's time to revamp your summer wardrobe. Whether you're heading to the beach or a backyard barbecue, we've got you covered.<\/p>","heading_light":"rgba(0,0,0,0)","text_light":"rgba(0,0,0,0)","heading_dark":"rgba(0,0,0,0)","text_dark":"rgba(0,0,0,0)"}},"template--16100011573408__6279217f-bd46-4cfe-b8ee-a9028e464053-button-1":{"type":"button","settings":{"button_label":"Discover more","button_link":"","open_new_window":false,"button_light":"rgba(0,0,0,0)","button_text_light":"rgba(0,0,0,0)","button_hover_light":"rgba(0,0,0,0)","button_text_hover_light":"rgba(0,0,0,0)","button_dark":"rgba(0,0,0,0)","button_text_dark":"rgba(0,0,0,0)","button_hover_dark":"rgba(0,0,0,0)","button_text_hover_dark":"rgba(0,0,0,0)"}}},"block_order":["template--16100011573408__6279217f-bd46-4cfe-b8ee-a9028e464053-heading-1","template--16100011573408__6279217f-bd46-4cfe-b8ee-a9028e464053-button-1"],"settings":{"image":"","video_url":"","video_alt_text":"","enable_video_autoplay":false,"desktop_height":"550px","mobile_height":"300px","desktop_image_width":"medium","image_layout":"normal","image_corner_radius":0,"content_layout":"no-overlap","text_position":"center","text_alignment":"start","background_color_light":"#f6f6f6","background_color_dark":"#2a2a2a","image_alignment":"right","full_width":true,"top_padding":32,"bottom_padding":0,"image_alignment_mobile":"left","full_width_mobile":true,"top_padding_mobile":16,"bottom_padding_mobile":0}}},"order":["main","706e7610-1e19-47fe-afdc-3d0d2e919074","04562db9-694b-486d-8371-e0eef3cb296a","0f96fde6-c5ae-4616-aeb0-91e707420954","8fa796bb-8149-477f-84be-fed1b40d00de","397461cb-2431-439a-941a-df7e2b6c44a9","20843716-3cc5-4158-a542-e7eea7038e91","6279217f-bd46-4cfe-b8ee-a9028e464053"]}