{"layout":"password","sections":{"main":{"type":"email-signup-banner","blocks":{"heading":{"type":"heading","settings":{"heading":"Coming Soon","heading_size":100}},"paragraph":{"type":"paragraph","settings":{"text":"<p>Be the first to know when we launch.<\/p>"}},"email_form":{"type":"email_form","settings":{}}},"block_order":["heading","paragraph","email_form"],"settings":{"image_overlay_opacity":0,"desktop_content_position":"center","show_text_box":true,"desktop_content_alignment":"center","heading_color":"#000000","text_color":"#000000","background_color":"#FFFFFF","mobile_content_alignment":"center","show_background_image":true}}},"order":["main"]}