{"sections":{"main":{"type":"main-product","blocks":{"badges":{"type":"badges","settings":{}},"price":{"type":"price","settings":{"show_tax_and_shipping":false}},"variant_picker":{"type":"variant_picker","settings":{"picker_type":"button","show_variant_option":true,"enable_color_swatches":true}},"quantity_selector":{"type":"quantity_selector","settings":{}},"ffacb41b-c15e-41ee-864a-cfbf155d407d":{"type":"estimate_delivery","settings":{"message":"<p>Estimated delivery between <strong>earliest_delivery_date and latest_delivery_date.<\/strong><\/p>","tooltip_text":"","tooltip_icon":"none","custom_icon":"","tooltip_icon_position":"left","tooltip_message":"","show_background":true,"box_type":"square","background_color_light":"#e4edfa","message_color_light":"#568ddd","background_color_dark":"rgba(0,0,0,0)","message_color_dark":"rgba(0,0,0,0)","bg_tooltip_color_light":"rgba(0,0,0,0)","tooltip_color_light":"rgba(0,0,0,0)","bg_tooltip_color_dark":"rgba(0,0,0,0)","tooltip_color_dark":"rgba(0,0,0,0)"}},"buy_buttons":{"type":"buy_buttons","settings":{"show_dynamic_checkout":true,"show_gift_card_recipient":true,"pickup_availability":false,"preorder_show":"no","preorder_button_label":"Pre-order","preorder_message":"<p>This product will be available for sale in 2 weeks, but you can pre-order now to receive 10% discount!<\/p>","preorder_show_dynamic_button":false,"show_background":false,"box_type":"square","background_color_light":"rgba(0,0,0,0)","message_color_light":"rgba(0,0,0,0)","background_color_dark":"rgba(0,0,0,0)","message_color_dark":"rgba(0,0,0,0)"}},"description":{"type":"description","settings":{"show_in_tab":false}},"collapsible-row-0":{"type":"collapsible_tab","settings":{"heading":"Additional Information","tab_content":"<p>Share information about your brand with your customers. Describe a product, make announcements, or welcome customers to your store.<\/p>"}},"collapsible-row-1":{"type":"collapsible_tab","settings":{"heading":"Shipping and Returns","tab_content":"<p>Share information about your brand with your customers. Describe a product, make announcements, or welcome customers to your store.<\/p>"}},"social-sharing":{"type":"social_sharing","settings":{}},"sticky-atc":{"type":"sticky_add_to_cart","settings":{"desktop_display_type":"full_width","show_quantity_selector":false}}},"block_order":["badges","price","variant_picker","quantity_selector","ffacb41b-c15e-41ee-864a-cfbf155d407d","buy_buttons","description","collapsible-row-0","collapsible-row-1","social-sharing","sticky-atc"],"settings":{"enable_sticky_image":true,"show_product_name":true,"show_vendor":false,"desktop_layout":"left","desktop_media_layout":"stacked","show_arrow_button":true,"mobile_media_size":"full_width","show_thumnail_mobile":false,"image_ratio":"natural","thumbnail_position":"horizontal","enable_image_zoom":false,"enable_video_autoplay":false,"enable_video_loop":false,"show_first_image_avaiable":true,"show_breadcrumbs":true,"show_breadcrumbs_border":false,"full_width_breadcrumb":true,"desktop_content_alignment":"text-left","mobile_content_alignment":"text-left","background_color_light":"rgba(0,0,0,0)","text_color_light":"rgba(0,0,0,0)","textlink_color_light":"rgba(0,0,0,0)","background_color_dark":"rgba(0,0,0,0)","text_color_dark":"rgba(0,0,0,0)","textlink_color_dark":"rgba(0,0,0,0)","full_width":true,"spacing_col":"small","padding_top":24,"padding_bottom":12,"padding_top_mobile":16,"padding_bottom_mobile":28}},"product-recommendations":{"type":"product-recommendations","settings":{"heading":"You May Also Like...","heading_size":100,"products_to_show":5,"background_color_light":"","background_color_dark":"","show_vendor":false,"show_rating":true,"show_quickview":true,"enable_carousel_desktop":false,"enable_swiper_mobile":true,"columns_desktop":5,"full_width":true,"show_section_divider":false,"spacing":28,"padding_top":56,"padding_bottom":88,"columns_mobile":"1","show_section_divider_mobile":false,"spacing_mobile":16,"padding_top_mobile":0,"padding_bottom_mobile":20}},"a1603864-4f8a-415b-8e0d-4264092f639a":{"type":"promotion-banner","blocks":{"template--21381747048749__a1603864-4f8a-415b-8e0d-4264092f639a-image_banner-1":{"type":"image_banner","settings":{"heading":"Hot Deal of This Week","heading_size":170,"subheading":"","text":"Sale Minium 25% Discount Or Up 75% Off On A Big Range Of Clothing","text_size":130,"content_box_type":"square","add_frame":false,"color_content_box_light":"rgba(0,0,0,0)","color_content_box_dark":"rgba(0,0,0,0)"}},"ce9c689b-024b-4840-b8c7-05ad372a4108":{"type":"countdown_timer","settings":{"timezone":"-4","end_year":2023,"end_month":"12","end_day":"11","end_hour":"0","end_minute":"0","timer_color_countdown":"rgba(0,0,0,0)","text_color_countdown":"#ffffff","bg_color_countdown":"rgba(0,0,0,0)"}},"template--21381747048749__a1603864-4f8a-415b-8e0d-4264092f639a-buttons-1":{"type":"buttons","settings":{"button_label":"Discover more","button_link":"","open_new_window_button":false,"button_label_2":"","button_link_2":"","open_new_window_button_2":false,"color_button":"#ffffff","color_button_hover":"rgba(0,0,0,0)","color_text_button":"#000000","color_text_button_hover":"rgba(0,0,0,0)","color_button_secondary":"rgba(0,0,0,0)"}}},"block_order":["template--21381747048749__a1603864-4f8a-415b-8e0d-4264092f639a-image_banner-1","ce9c689b-024b-4840-b8c7-05ad372a4108","template--21381747048749__a1603864-4f8a-415b-8e0d-4264092f639a-buttons-1"],"settings":{"heading":"Promotion Banner","image":"","image_link":"","open_new_window":false,"image_overlay_opacity":20,"content_position":"custom","content_horizontal":5,"content_vertical":50,"position_content_mobile":"center","content_alignment":"left","show_hero":false,"full_width":true,"padding_full_width":false,"rounded_corner_image":false,"desktop_height":"650px","padding_top":0,"padding_bottom":0,"full_width_mobile":true,"rounded_corner_image_mobile":false,"mobile_height":"400px","padding_top_mobile":16,"padding_bottom_mobile":0}},"821bada5-fd39-4bdd-9c54-234a2bc4b3bb":{"type":"scrolling-banner","blocks":{"template--21381747048749__821bada5-fd39-4bdd-9c54-234a2bc4b3bb-text-1":{"type":"text","settings":{"text":"NEW ARRIVALS","text_size":130,"spacing_left":0,"spacing_right":0,"spacing_left_mobile":0,"spacing_right_mobile":0}},"template--21381747048749__821bada5-fd39-4bdd-9c54-234a2bc4b3bb-text-2":{"type":"text","settings":{"text":"NEW ARRIVALS","text_size":130,"spacing_left":0,"spacing_right":0,"spacing_left_mobile":0,"spacing_right_mobile":0}},"6d7f2600-ce71-4048-a841-11cc0bef59cf":{"type":"text","settings":{"text":"NEW ARRIVALS","text_size":130,"spacing_left":0,"spacing_right":0,"spacing_left_mobile":0,"spacing_right_mobile":0}},"4bda69db-6b7d-4642-85b6-506ae7f98178":{"type":"text","settings":{"text":"NEW ARRIVALS","text_size":130,"spacing_left":0,"spacing_right":0,"spacing_left_mobile":0,"spacing_right_mobile":0}},"42db39fa-65c2-4cab-b57e-aac57f49a157":{"type":"text","settings":{"text":"NEW ARRIVALS","text_size":130,"spacing_left":0,"spacing_right":0,"spacing_left_mobile":0,"spacing_right_mobile":0}},"a3efa217-fd5d-4da0-ae28-a9b7fcfb776c":{"type":"text","settings":{"text":"NEW ARRIVALS","text_size":130,"spacing_left":0,"spacing_right":0,"spacing_left_mobile":0,"spacing_right_mobile":0}}},"block_order":["template--21381747048749__821bada5-fd39-4bdd-9c54-234a2bc4b3bb-text-1","template--21381747048749__821bada5-fd39-4bdd-9c54-234a2bc4b3bb-text-2","6d7f2600-ce71-4048-a841-11cc0bef59cf","4bda69db-6b7d-4642-85b6-506ae7f98178","42db39fa-65c2-4cab-b57e-aac57f49a157","a3efa217-fd5d-4da0-ae28-a9b7fcfb776c"],"settings":{"show_border":false,"speed":20,"direction":"right","pause_hover":false,"bg_light":"#000000","color_text_light":"#ffffff","bg_dark":"#f2f2f2","color_text_dark":"#202020","space_block":60,"padding_top":20,"padding_bottom":20,"space_block_mobile":40,"padding_top_mobile":16,"padding_bottom_mobile":16}},"889982f1-ac32-483f-ab1c-597fce6e8ec1":{"type":"featured-collection","blocks":{"template--21381747048749__889982f1-ac32-483f-ab1c-597fce6e8ec1-collection-1":{"type":"collection","settings":{"collection":"get-more-save-more","show_description":false,"description":"","show_vendor":false,"show_rating":true,"show_quickview":true,"show_promotion":true,"promotion_position":"right","card_link":"","open_new_window":false,"image":"","enable_text_overlay":true,"overlay_opacity":20,"image_ratio":"150","heading":"Summer Lookbook","heading_size":100,"content":"<p>More colourful place with our everyday essentials.<\/p>","text_size":100,"content_alignment":"left","content_position":"bottom","button_label":"Discover more","button_link":"","open_new_window_button":false,"background_color":"rgba(0,0,0,0)","color_text":"#ffffff","color_button":"#ffffff","color_text_button":"#000000","color_button_hover":"rgba(0,0,0,0)","color_text_button_hover":"rgba(0,0,0,0)","color_button_secondary":"rgba(0,0,0,0)"}}},"block_order":["template--21381747048749__889982f1-ac32-483f-ab1c-597fce6e8ec1-collection-1"],"settings":{"title":"Featured collections","heading_size":100,"heading_alignment":"left","show_view_all":true,"view_all_position":"top","enable_desktop_slider":true,"swiper_on_mobile":true,"auto_play":false,"change_slides_speed":5,"columns_desktop":4,"rows_desktop":2,"spacing":28,"full_width":true,"show_section_divider":false,"padding_top":68,"padding_bottom":24,"columns_mobile":"1","spacing_mobile":16,"full_width_mobile":false,"show_section_divider_mobile":false,"padding_top_mobile":40,"padding_bottom_mobile":12}},"b8466ba8-8a28-4824-b10f-014c39803403":{"type":"newsletter","blocks":{"template--21381747048749__b8466ba8-8a28-4824-b10f-014c39803403-heading-1":{"type":"heading","settings":{"heading":"Subscribe To Our Emails","heading_size":100}},"template--21381747048749__b8466ba8-8a28-4824-b10f-014c39803403-paragraph-1":{"type":"paragraph","settings":{"text":"<p>Apply for our free membership to receive exclusive deals, news and events.<\/p>"}},"template--21381747048749__b8466ba8-8a28-4824-b10f-014c39803403-email_form-1":{"type":"email_form","settings":{"button_label":"Subscribe","form_width":"large"}}},"block_order":["template--21381747048749__b8466ba8-8a28-4824-b10f-014c39803403-heading-1","template--21381747048749__b8466ba8-8a28-4824-b10f-014c39803403-paragraph-1","template--21381747048749__b8466ba8-8a28-4824-b10f-014c39803403-email_form-1"],"settings":{"background_color_light":"","heading_light":"rgba(0,0,0,0)","text_light":"rgba(0,0,0,0)","button_light":"rgba(0,0,0,0)","button_text_light":"rgba(0,0,0,0)","button_hover_light":"rgba(0,0,0,0)","button_text_hover_light":"rgba(0,0,0,0)","line_border":"rgba(0,0,0,0)","background_color_dark":"","heading_dark":"rgba(0,0,0,0)","text_dark":"rgba(0,0,0,0)","button_dark":"rgba(0,0,0,0)","button_text_dark":"rgba(0,0,0,0)","button_hover_dark":"rgba(0,0,0,0)","button_text_hover_dark":"rgba(0,0,0,0)","line_border_dark":"rgba(0,0,0,0)","padding_top":28,"padding_bottom":96,"padding_top_mobile":16,"padding_bottom_mobile":52}},"product_specifications_6rHKae":{"type":"product-specifications","blocks":{"specs_BeVGiW":{"type":"specs","settings":{"icon":"none","custom_icon":"","heading":"Material","row_content":"<p>Gold<\/p>"}},"specs_VyBHtD":{"type":"specs","settings":{"icon":"none","custom_icon":"","heading":"Material","row_content":"<p>Gold<\/p>"}},"specs_wiLLRz":{"type":"specs","settings":{"icon":"none","custom_icon":"","heading":"Material","row_content":"<p>Gold<\/p>"}},"specs_yBRm9C":{"type":"specs","settings":{"icon":"none","custom_icon":"","heading":"Material","row_content":"<p>Gold<\/p>"}},"specs_qrpAeU":{"type":"specs","settings":{"icon":"none","custom_icon":"","heading":"Material","row_content":"<p>Gold<\/p>"}},"specs_PVitMt":{"type":"specs","settings":{"icon":"none","custom_icon":"","heading":"Material","row_content":"<p>Gold<\/p>"}}},"block_order":["specs_BeVGiW","specs_VyBHtD","specs_wiLLRz","specs_yBRm9C","specs_qrpAeU","specs_PVitMt"],"disabled":true,"settings":{"heading":"Product specifications","heading_size":100,"heading_tag":"h2","heading_alignment":"center","text":"<p>Let customers know more about your products by adding technical specifications and product features.<\/p>","image_alignment":"left","hide_empty_rows":true,"text_empty_fields":"-","row_shown_by_default":5,"view_more_button":"See more","view_less_button":"See less","background_color_light":"rgba(0,0,0,0)","heading_light":"rgba(0,0,0,0)","text_light":"rgba(0,0,0,0)","table_color":"rgba(0,0,0,0)","table_text":"rgba(0,0,0,0)","line_border":"rgba(0,0,0,0)","background_color_dark":"rgba(0,0,0,0)","heading_dark":"rgba(0,0,0,0)","text_dark":"rgba(0,0,0,0)","table_color_dark":"rgba(0,0,0,0)","table_text_dark":"rgba(0,0,0,0)","line_border_dark":"rgba(0,0,0,0)","columns_desktop":"1","desktop_height":"400px","show_section_divider":true,"padding_top":28,"padding_bottom":28,"mobile_height":"250px","show_section_divider_mobile":true,"padding_top_mobile":28,"padding_bottom_mobile":28}}},"order":["main","product_specifications_6rHKae","product-recommendations","a1603864-4f8a-415b-8e0d-4264092f639a","821bada5-fd39-4bdd-9c54-234a2bc4b3bb","889982f1-ac32-483f-ab1c-597fce6e8ec1","b8466ba8-8a28-4824-b10f-014c39803403"]}