{"sections":{"main":{"type":"main-product","blocks":{"product_name_xkPbAa":{"type":"product_name","settings":{"title_size":100,"heading_tag":"h2"}},"price":{"type":"price","settings":{"show_tax_and_shipping":false}},"text_8EbfJg":{"type":"text","settings":{"text":"<h6>Time & date:<\/h6><p>Oct 16, 2023  10:00 AM - 12:00 PM<\/p><h6>Location:<\/h6><p>San Diego Padres 100 Park, San Diego, CA 92101, USA<\/p>","read_more_label":"Read more"}},"quantity_selector":{"type":"quantity_selector","settings":{}},"buy_buttons":{"type":"buy_buttons","settings":{"show_dynamic_checkout":true,"show_gift_card_recipient":true,"pickup_availability":false,"hide_when_pre_order":false,"preorder_show":"no","preorder_button_label":"Pre-order","preorder_message":"<p>This product will be available for sale in 2 weeks, but you can pre-order now to receive 10% discount!<\/p>","preorder_show_dynamic_button":false,"show_background":false,"box_type":"square","background_color_light":"rgba(0,0,0,0)","message_color_light":"rgba(0,0,0,0)","background_color_dark":"rgba(0,0,0,0)","message_color_dark":"rgba(0,0,0,0)","button_light":"rgba(0,0,0,0)","button_text_light":"rgba(0,0,0,0)","button_hover_light":"rgba(0,0,0,0)","button_text_hover_light":"rgba(0,0,0,0)","secondary_button_light":"#0a0400","secondary_button_text_light":"#ffffff","button_dark":"rgba(0,0,0,0)","button_text_dark":"rgba(0,0,0,0)","button_hover_dark":"rgba(0,0,0,0)","button_text_hover_dark":"rgba(0,0,0,0)","secondary_button_dark":"rgba(0,0,0,0)","secondary_button_text_dark":"rgba(0,0,0,0)"}},"sticky-atc":{"type":"sticky_add_to_cart","settings":{"desktop_display_type":"full_width","show_quantity_selector":true}},"social_sharing_JgEMGk":{"type":"social_sharing","settings":{}}},"block_order":["product_name_xkPbAa","price","text_8EbfJg","quantity_selector","buy_buttons","sticky-atc","social_sharing_JgEMGk"],"settings":{"enable_sticky_image":true,"show_product_name":false,"title_size":100,"heading_tag":"h5","show_vendor":false,"make_content_center":false,"desktop_layout":"left","desktop_media_layout":"thumbnail_slider","show_arrow_button":true,"mobile_media_size":"75%","show_thumnail_mobile":true,"image_ratio":"3\/4","thumbnail_position":"horizontal","enable_image_zoom":true,"enable_video_autoplay":false,"enable_video_loop":true,"show_first_image_avaiable":false,"show_media_with_variant_selected":false,"show_breadcrumbs":false,"show_breadcrumbs_border":true,"full_width_breadcrumb":true,"desktop_content_alignment":"text-left","mobile_content_alignment":"text-left","background_color_light":"rgba(0,0,0,0)","text_color_light":"rgba(0,0,0,0)","textlink_color_light":"rgba(0,0,0,0)","background_color_dark":"rgba(0,0,0,0)","text_color_dark":"rgba(0,0,0,0)","textlink_color_dark":"rgba(0,0,0,0)","full_width":true,"spacing_col":"small","padding_top":60,"padding_bottom":40,"padding_top_mobile":40,"padding_bottom_mobile":28}},"product_description_MXKHrH":{"type":"product-description","settings":{"heading":"","heading_size":100,"heading_tag":"h2","heading_alignment":"center","number_of_lines_shown":0,"read_more_label":"Read more","text_size":100,"background_color_light":"rgba(0,0,0,0)","heading_light":"rgba(0,0,0,0)","text_color_light":"rgba(0,0,0,0)","background_color_dark":"rgba(0,0,0,0)","heading_dark":"rgba(0,0,0,0)","text_color_dark":"rgba(0,0,0,0)","width_content":100,"full_width":false,"show_section_divider":false,"line_spacing":150,"padding_top":28,"padding_bottom":64,"show_section_divider_mobile":false,"padding_top_mobile":28,"padding_bottom_mobile":44}},"product-recommendations":{"type":"product-recommendations","disabled":true,"settings":{"heading":"You May Also Like...","heading_size":100,"heading_tag":"h2","heading_alignment":"center","products_to_show":5,"background_color_light":"","background_color_dark":"","show_vendor":false,"show_rating":true,"show_quickview":true,"enable_carousel_desktop":false,"enable_swiper_mobile":true,"columns_desktop":5,"full_width":true,"show_section_divider":false,"spacing":28,"padding_top":56,"padding_bottom":88,"columns_mobile":"1","show_section_divider_mobile":false,"spacing_mobile":16,"padding_top_mobile":0,"padding_bottom_mobile":20}}},"order":["main","product_description_MXKHrH","product-recommendations"]}