{"sections":{"main":{"type":"main-product","blocks":{"rating_AeRdFJ":{"type":"rating","settings":{}},"product_name_xkPbAa":{"type":"product_name","settings":{"title_size":100}},"price":{"type":"price","settings":{"show_tax_and_shipping":false}},"ffacb41b-c15e-41ee-864a-cfbf155d407d":{"type":"estimate_delivery","settings":{"message":"<p>Estimated delivery between <strong>earliest_delivery_date and latest_delivery_date.<\/strong><\/p>","tooltip_text":"","tooltip_icon":"none","custom_icon":"","tooltip_icon_position":"left","tooltip_message":"","show_background":true,"box_type":"square","background_color_light":"#e4edfa","message_color_light":"#568ddd","background_color_dark":"rgba(0,0,0,0)","message_color_dark":"rgba(0,0,0,0)","bg_tooltip_color_light":"rgba(0,0,0,0)","tooltip_color_light":"rgba(0,0,0,0)","bg_tooltip_color_dark":"rgba(0,0,0,0)","tooltip_color_dark":"rgba(0,0,0,0)"}},"variant_picker":{"type":"variant_picker","settings":{"picker_type":"button","show_variant_option":true,"enable_color_swatches":true}},"quantity_selector":{"type":"quantity_selector","settings":{}},"gift_wrapping_EK3NQn":{"type":"gift_wrapping","settings":{"text_gift":"","color_icon_light":"rgba(0,0,0,0)","color_icon_dark":"rgba(0,0,0,0)"}},"buy_buttons":{"type":"buy_buttons","settings":{"show_dynamic_checkout":true,"show_gift_card_recipient":true,"pickup_availability":false,"preorder_show":"no","preorder_button_label":"Pre-order","preorder_message":"<p>This product will be available for sale in 2 weeks, but you can pre-order now to receive 10% discount!<\/p>","preorder_show_dynamic_button":false,"show_background":false,"box_type":"square","background_color_light":"rgba(0,0,0,0)","message_color_light":"rgba(0,0,0,0)","background_color_dark":"rgba(0,0,0,0)","message_color_dark":"rgba(0,0,0,0)"}},"feature_icon_99BxnX":{"type":"feature_icon","settings":{"heading_size":110,"icon_size":30,"border_column":"none","content_alignment":"start","background_color_light":"rgba(0,0,0,0)","heading_light":"rgba(0,0,0,0)","text_light":"rgba(0,0,0,0)","line_border_light":"rgba(0,0,0,0)","color_icon_light":"rgba(0,0,0,0)","background_color_dark":"rgba(0,0,0,0)","heading_dark":"rgba(0,0,0,0)","text_dark":"rgba(0,0,0,0)","line_border_dark":"rgba(0,0,0,0)","color_icon_dark":"rgba(0,0,0,0)","icon_1":"none","custom_icon_1":"","title_1":"BENEFITS","text_1":"<ul><li>Anti-Aging<\/li><li>Firms<\/li><li>Moisturizes<\/li><\/ul>","link_1":"","open_new_window_1":false,"icon_2":"none","custom_icon_2":"","title_2":"SKIN TYPES","text_2":"<ul><li>Mature<\/li><li>Dry<\/li><li>Sensitive<\/li><\/ul>","link_2":"","open_new_window_2":false,"icon_3":"none","custom_icon_3":"","title_3":"SCENT PROFILE","text_3":"<p>Fragrance-free<\/p>","link_3":"","open_new_window_3":false,"icon_4":"truck","custom_icon_4":"","title_4":"","text_4":"","link_4":"","open_new_window_4":false,"icon_5":"truck","custom_icon_5":"","title_5":"","text_5":"","link_5":"","open_new_window_5":false,"icon_6":"truck","custom_icon_6":"","title_6":"","text_6":"","link_6":"","open_new_window_6":false}},"description":{"type":"description","settings":{"show_in_tab":true,"open_by_default":true}},"complementary_XCwmDV":{"type":"complementary","settings":{"heading":"Buy It With","show_tab":false,"show_background":true,"max_product_show":4,"number_product_per_page":2,"enable_carousel_desktop":true,"enable_swiper_mobile":true,"image_ratio":"square","show_vendor":false,"show_product_rating":false}},"collapsible-row-1":{"type":"collapsible_tab","settings":{"heading":"Returns + Exchanges","tab_content":"<p>Share information about your brand with your customers. Describe a product, make announcements, or welcome customers to your store.<\/p>","open_by_default":false}},"collapsible-row-0":{"type":"collapsible_tab","settings":{"heading":"Giving Back","tab_content":"<p>Share information about your brand with your customers. Describe a product, make announcements, or welcome customers to your store.<\/p>","open_by_default":false}},"social-sharing":{"type":"social_sharing","settings":{}},"sticky-atc":{"type":"sticky_add_to_cart","settings":{"desktop_display_type":"full_width","show_quantity_selector":false}}},"block_order":["rating_AeRdFJ","product_name_xkPbAa","price","ffacb41b-c15e-41ee-864a-cfbf155d407d","variant_picker","quantity_selector","gift_wrapping_EK3NQn","buy_buttons","feature_icon_99BxnX","description","complementary_XCwmDV","collapsible-row-1","collapsible-row-0","social-sharing","sticky-atc"],"settings":{"enable_sticky_image":true,"show_product_name":false,"title_size":100,"show_vendor":false,"desktop_layout":"left","desktop_media_layout":"thumbnail_slider","show_arrow_button":true,"mobile_media_size":"full_width","show_thumnail_mobile":false,"image_ratio":"3\/4","thumbnail_position":"vertical","enable_image_zoom":false,"enable_video_autoplay":false,"enable_video_loop":false,"show_first_image_avaiable":true,"show_breadcrumbs":true,"show_breadcrumbs_border":true,"full_width_breadcrumb":true,"desktop_content_alignment":"text-center","mobile_content_alignment":"text-center","background_color_light":"rgba(0,0,0,0)","text_color_light":"rgba(0,0,0,0)","textlink_color_light":"rgba(0,0,0,0)","background_color_dark":"rgba(0,0,0,0)","text_color_dark":"rgba(0,0,0,0)","textlink_color_dark":"rgba(0,0,0,0)","full_width":true,"spacing_col":"small","padding_top":60,"padding_bottom":40,"padding_top_mobile":40,"padding_bottom_mobile":28}},"product-recommendations":{"type":"product-recommendations","disabled":true,"settings":{"heading":"You May Also Like...","heading_size":100,"heading_alignment":"center","products_to_show":5,"background_color_light":"","background_color_dark":"","show_vendor":false,"show_rating":true,"show_quickview":true,"enable_carousel_desktop":false,"enable_swiper_mobile":true,"columns_desktop":5,"full_width":true,"show_section_divider":false,"spacing":28,"padding_top":56,"padding_bottom":88,"columns_mobile":"1","show_section_divider_mobile":false,"spacing_mobile":16,"padding_top_mobile":0,"padding_bottom_mobile":20}},"text_column_with_image_MUhrhK":{"type":"text-column-with-image","blocks":{"column_TgNpUJ":{"type":"column","settings":{"sub_title":"","title":"Hyaluronic Acid","heading_size":120,"text":"<p>Multi-molecular Hyaluronic Acid ensures deep hydration and helps reinforce the skin barrier<\/p>","button_label":"","button_link":"","open_new_window":false}},"column_LQUGMe":{"type":"column","settings":{"sub_title":"","title":"Mineral UV Filters","heading_size":120,"text":"<p>Formulated with Zinc Oxide, the holy grail of natural and sustainable sun protection<\/p>","button_label":"","button_link":"","open_new_window":false}},"column_be7djG":{"type":"column","settings":{"sub_title":"","title":"Extract of Northern Blueberry","heading_size":120,"text":"<p>Rich in natural antioxidants, protects against oxidative stress and signs of environmental ageing<\/p>","button_label":"","button_link":"","open_new_window":false}},"column_bDmkCU":{"type":"column","settings":{"sub_title":"","title":"Vitamins C+E","heading_size":120,"text":"<p>Soften, smooth, counteract the negative effects of solar radiation<\/p>","button_label":"","button_link":"","open_new_window":false}}},"block_order":["column_TgNpUJ","column_LQUGMe","column_be7djG","column_bDmkCU"],"settings":{"title":"KEY INGREDIENTS","heading_size":100,"secondary_background":"column","image_ratio":"75%","rounded_corner_image":false,"column_content_alignment":"start","background_color_light":"rgba(0,0,0,0)","heading_light":"rgba(0,0,0,0)","text_light":"rgba(0,0,0,0)","background_color_dark":"rgba(0,0,0,0)","heading_dark":"rgba(0,0,0,0)","text_dark":"rgba(0,0,0,0)","column_layout_desktop":"lg:w-1\/4","spacing_desktop":28,"full_width":true,"padding_full_width":true,"show_section_divider":false,"padding_top":100,"padding_bottom":0,"column_layout_mobile":"w-full","spacing_mobile":16,"full_width_mobile":false,"show_section_divider_mobile":false,"padding_top_mobile":20,"padding_bottom_mobile":20}},"featured_collection_z9r7qr":{"type":"featured-collection","blocks":{"collection_zaYYJA":{"type":"collection","settings":{"collection":"get-more-save-more","show_description":true,"description":"","show_vendor":false,"show_rating":false,"show_quickview":true,"show_promotion":false,"promotion_position":"left","card_link":"","open_new_window":false,"enable_text_overlay":false,"overlay_opacity":0,"image_ratio":"100","heading":"Featured collection","heading_size":70,"content":"<p>10% OFF<\/p>","text_size":100,"content_alignment":"center","content_position":"bottom","button_label":"See more","button_link":"","open_new_window_button":false,"background_color":"rgba(0,0,0,0)","color_text":"rgba(0,0,0,0)","color_button":"rgba(0,0,0,0)","color_text_button":"rgba(0,0,0,0)","color_button_hover":"rgba(0,0,0,0)","color_text_button_hover":"rgba(0,0,0,0)","color_button_secondary":"rgba(0,0,0,0)","secondary_button_text":"rgba(0,0,0,0)"}}},"block_order":["collection_zaYYJA"],"settings":{"title":"SUBSCRIBE & SAVE 10%","heading_size":100,"heading_alignment":"center","subheading":"EXPLORE OUR BESTSELLERS","text":"","show_view_all":false,"view_all_position":"top","title_size":120,"title_style":"none","enable_desktop_slider":false,"swiper_on_mobile":false,"auto_play":false,"change_slides_speed":5,"columns_desktop":4,"rows_desktop":1,"spacing":30,"full_width":true,"show_section_divider":false,"padding_top":100,"padding_bottom":52,"columns_mobile":"2","spacing_mobile":16,"full_width_mobile":false,"show_section_divider_mobile":false,"padding_top_mobile":60,"padding_bottom_mobile":20}},"331e6fca-2947-4a19-89c5-9396be0d666a":{"type":"multicolumn","blocks":{"template--21918975852859__331e6fca-2947-4a19-89c5-9396be0d666a-column-1":{"type":"column","settings":{"icon":"none","custom_icon":"","title":"Clinically Proven to*:","title_link":"","open_new_window":false,"heading_size":120,"text":"<p><br\/>Reduce the effects of stress on skin<\/p><p>Firm skin in 2 weeks<\/p><p>Visibly reduce dark circles by 80% in 4 weeks<\/p>"}},"template--21918975852859__331e6fca-2947-4a19-89c5-9396be0d666a-column-2":{"type":"column","settings":{"icon":"none","custom_icon":"","title":"Immediately after 1 use**:","title_link":"","open_new_window":false,"heading_size":120,"text":"<h4><br\/><\/h4><h3>97 %<\/h3><p>skin felt smoother and softer<br\/><br\/><\/p><h3>94 %<\/h3><p>skin felt hydrated, moisturized and soothed<\/p>"}},"template--21918975852859__331e6fca-2947-4a19-89c5-9396be0d666a-column-3":{"type":"column","settings":{"icon":"none","custom_icon":"","title":"After 4 weeks**:","title_link":"","open_new_window":false,"heading_size":120,"text":"<h3><br\/>97 %<\/h3><p>skin looked brighter and regained its youthful bounce<\/p><h3><br\/>94 %<\/h3><p>skin looked more radiant and firm<br\/><\/p><h3><br\/>81 %<\/h3><p>it reduced the look of fine lines and wrinkles<\/p>"}}},"block_order":["template--21918975852859__331e6fca-2947-4a19-89c5-9396be0d666a-column-1","template--21918975852859__331e6fca-2947-4a19-89c5-9396be0d666a-column-2","template--21918975852859__331e6fca-2947-4a19-89c5-9396be0d666a-column-3"],"settings":{"title":"RESULTS YOU CAN SEA","heading_size":100,"secondary_background":"column","border_column":"none","column_content_alignment":"start","icon_position":"above","icon_size":45,"enable_desktop_slider":false,"swiper_on_mobile":true,"change_bar_every":5,"background_color_light":"#eae1d2","heading_light":"rgba(0,0,0,0)","text_light":"rgba(0,0,0,0)","line_border_light":"#eae1d2","color_icon_light":"rgba(0,0,0,0)","background_color_dark":"#2a2a2a","heading_dark":"rgba(0,0,0,0)","text_dark":"rgba(0,0,0,0)","line_border_dark":"rgba(0,0,0,0)","color_icon_dark":"rgba(0,0,0,0)","column_layout_desktop":"lg:w-1\/3","section_height_desktop":"md:py-7","spacing_desktop":28,"full_width":true,"padding_full_width":true,"show_section_divider":false,"padding_top":28,"padding_bottom":16,"column_layout_mobile":"w-1\/2","section_height_mobile":"py-5","spacing_mobile":16,"full_width_mobile":true,"show_section_divider_mobile":false,"padding_top_mobile":20,"padding_bottom_mobile":8}},"rich_text_erqjzG":{"type":"rich-text","blocks":{"text_8tJtz7":{"type":"text","settings":{"text":"<p>*Based on a third-party clinical study conducted over 4 weeks on 29 women ages 33-60.<\/p><p>**Based on a third-party consumer perception study conducted over 4 weeks on 30 women ages 33-60.<\/p>"}}},"block_order":["text_8tJtz7"],"settings":{"heading_light":"rgba(0,0,0,0)","text_light":"rgba(0,0,0,0)","background_color_light":"","heading_dark":"rgba(0,0,0,0)","text_dark":"rgba(0,0,0,0)","background_color_dark":"","content_alignment":"center","show_section_divider":false,"make_full_page_width":true,"padding_top":0,"padding_bottom":0,"content_alignment_mobile":"center","show_section_divider_mobile":false,"padding_top_mobile":0,"padding_bottom_mobile":48}},"image_with_text_RBtGLj":{"type":"image-with-text","blocks":{"heading_8nMPQf":{"type":"heading","settings":{"subheading":"","heading":"Scienced-backed ingredients","heading_base_size":100,"text":"<p>Plastic-free makeup infused with skincare benefits including phytoglycogen and collagen to nourish skin and create a radiant complexion. EWG VERIFIED™, made with 99%+ natural origin ingredients* that are 100% vegan and cruelty free.<br\/><br\/>Committed to never use titanium dioxide (TiO2) as well as carmine – this is how we revolutionize the beauty industry to deliver the best for the body and the planet.<br\/>*Except for highlighter<\/p>","heading_light":"rgba(0,0,0,0)","text_light":"rgba(0,0,0,0)","heading_dark":"rgba(0,0,0,0)","text_dark":"rgba(0,0,0,0)"}}},"block_order":["heading_8nMPQf"],"settings":{"video_url":"","video_alt_text":"","enable_video_autoplay":false,"desktop_height":"550px","mobile_height":"400px","desktop_image_width":"medium","image_layout":"normal","image_corner_radius":0,"content_layout":"no-overlap","spacing_image":false,"text_position":"center","text_alignment":"start","background_color_light":"rgba(0,0,0,0)","background_color_dark":"rgba(0,0,0,0)","image_alignment":"left","full_width":true,"top_padding":92,"bottom_padding":0,"image_alignment_mobile":"left","full_width_mobile":false,"top_padding_mobile":0,"bottom_padding_mobile":0}},"image_with_text_ehEUt4":{"type":"image-with-text","blocks":{"heading_MR8Rqz":{"type":"heading","settings":{"subheading":"","heading":"Eco-innovative packaging","heading_base_size":100,"text":"<p>Solid makeup in a plastic-free packaging made of FSC-certified biodegradable cardboard from responsibly managed forests to reduce plastic waste. For every product purchased, we plant a tree to reduce our carbon footprint and help preserve the planet's ecosystems.<\/p>","heading_light":"rgba(0,0,0,0)","text_light":"rgba(0,0,0,0)","heading_dark":"rgba(0,0,0,0)","text_dark":"rgba(0,0,0,0)"}}},"block_order":["heading_MR8Rqz"],"settings":{"video_url":"","video_alt_text":"","enable_video_autoplay":false,"desktop_height":"550px","mobile_height":"400px","desktop_image_width":"medium","image_layout":"normal","image_corner_radius":0,"content_layout":"no-overlap","spacing_image":false,"text_position":"center","text_alignment":"start","background_color_light":"rgba(0,0,0,0)","background_color_dark":"rgba(0,0,0,0)","image_alignment":"right","full_width":true,"top_padding":4,"bottom_padding":0,"image_alignment_mobile":"left","full_width_mobile":false,"top_padding_mobile":4,"bottom_padding_mobile":0}},"image_comparison_GUdCYX":{"type":"image-comparison","settings":{"heading":"BEFORE AFTER","heading_base_size":100,"layout_comparison":"horizontal","desktop_height":"650px","mobile_height":"400px","image_corner_radius":0,"heading_before_image":"Before","heading_base_size_before_image":100,"heading_before_image_position":"top","heading_after_image":"After ","heading_base_size_after_image":100,"heading_after_image_position":"top","heading_color":"#000000","background_color":"#ffffff","heading_color_dark":"#000000","background_color_dark":"#ffffff","full_width":true,"padding_full_width":true,"show_section_divider":false,"top_padding":100,"bottom_padding":0,"full_width_mobile":true,"show_section_divider_mobile":false,"top_padding_mobile":40,"bottom_padding_mobile":0}},"featured_collection_aRzKhP":{"type":"featured-collection","blocks":{"collection_Hh9jii":{"type":"collection","settings":{"collection":"get-more-save-more","show_description":true,"description":"","show_vendor":false,"show_rating":false,"show_quickview":true,"show_promotion":false,"promotion_position":"left","card_link":"","open_new_window":false,"enable_text_overlay":false,"overlay_opacity":0,"image_ratio":"100","heading":"Featured collection","heading_size":70,"content":"<p>10% OFF<\/p>","text_size":100,"content_alignment":"center","content_position":"bottom","button_label":"See more","button_link":"","open_new_window_button":false,"background_color":"rgba(0,0,0,0)","color_text":"rgba(0,0,0,0)","color_button":"rgba(0,0,0,0)","color_text_button":"rgba(0,0,0,0)","color_button_hover":"rgba(0,0,0,0)","color_text_button_hover":"rgba(0,0,0,0)","color_button_secondary":"rgba(0,0,0,0)","secondary_button_text":"rgba(0,0,0,0)"}}},"block_order":["collection_Hh9jii"],"settings":{"title":"SUBSCRIBE & SAVE 10%","heading_size":100,"heading_alignment":"center","subheading":"EXPLORE OUR BESTSELLERS","text":"","show_view_all":false,"view_all_position":"top","title_size":120,"title_style":"none","enable_desktop_slider":false,"swiper_on_mobile":false,"auto_play":false,"change_slides_speed":5,"columns_desktop":4,"rows_desktop":1,"spacing":28,"full_width":true,"show_section_divider":false,"padding_top":100,"padding_bottom":64,"columns_mobile":"1","spacing_mobile":16,"full_width_mobile":false,"show_section_divider_mobile":false,"padding_top_mobile":48,"padding_bottom_mobile":32}},"ec753deb-9b85-432b-ad75-2c2fd240c350":{"type":"media-gallery","blocks":{"template--21828924539181__ec753deb-9b85-432b-ad75-2c2fd240c350-media-2":{"type":"media","settings":{"image_link":"","open_new_window":false,"video_url":"","enable_video_autoplay":true,"video_alt_text":"","enable_content_overlay":true,"content_position":"center","overlay_opacity":0,"number_of_columns":2,"number_of_row":1,"icon":"none","custom_icon":"","icon_size":45,"sub_title":"","title":"","title_size":80,"text":"<h2>Follow us on<\/h2><h2>Instagram<\/h2>","text_size":130,"text_align":"right","media_position":"top","button_label":"Follow @Eurus","button_link":"","open_new_window_button":false,"color_overlay":"rgba(0,0,0,0)","title_color":"#ffffff","text_color":"#ffffff","color_button":"#242424","background_button":"#ffffff","color_button_hover":"rgba(0,0,0,0)","background_button_hover":"rgba(0,0,0,0)","color_button_secondary":"rgba(0,0,0,0)","secondary_button_text":"rgba(0,0,0,0)"}},"template--21828924539181__ec753deb-9b85-432b-ad75-2c2fd240c350-media-3":{"type":"media","settings":{"image_link":"","open_new_window":false,"video_url":"","enable_video_autoplay":true,"video_alt_text":"","enable_content_overlay":true,"content_position":"center","overlay_opacity":0,"number_of_columns":1,"number_of_row":1,"icon":"none","custom_icon":"","icon_size":45,"sub_title":"","title":"","title_size":80,"text":"","text_size":130,"text_align":"center","media_position":"top","button_label":"","button_link":"","open_new_window_button":false,"color_overlay":"rgba(0,0,0,0)","title_color":"rgba(0,0,0,0)","text_color":"rgba(0,0,0,0)","color_button":"rgba(0,0,0,0)","background_button":"rgba(0,0,0,0)","color_button_hover":"rgba(0,0,0,0)","background_button_hover":"rgba(0,0,0,0)","color_button_secondary":"rgba(0,0,0,0)","secondary_button_text":"rgba(0,0,0,0)"}},"e201a23e-7152-431b-bd6e-681a502ff504":{"type":"media","settings":{"image_link":"","open_new_window":false,"video_url":"","enable_video_autoplay":true,"video_alt_text":"","enable_content_overlay":true,"content_position":"center","overlay_opacity":0,"number_of_columns":1,"number_of_row":1,"icon":"none","custom_icon":"","icon_size":45,"sub_title":"","title":"","title_size":80,"text":"","text_size":130,"text_align":"center","media_position":"top","button_label":"","button_link":"","open_new_window_button":false,"color_overlay":"rgba(0,0,0,0)","title_color":"rgba(0,0,0,0)","text_color":"rgba(0,0,0,0)","color_button":"rgba(0,0,0,0)","background_button":"rgba(0,0,0,0)","color_button_hover":"rgba(0,0,0,0)","background_button_hover":"rgba(0,0,0,0)","color_button_secondary":"rgba(0,0,0,0)","secondary_button_text":"rgba(0,0,0,0)"}},"5599b296-b06c-4496-8800-62a2bdab8c49":{"type":"media","settings":{"image_link":"","open_new_window":false,"video_url":"","enable_video_autoplay":true,"video_alt_text":"","enable_content_overlay":true,"content_position":"center","overlay_opacity":0,"number_of_columns":1,"number_of_row":1,"icon":"none","custom_icon":"","icon_size":45,"sub_title":"","title":"","title_size":80,"text":"","text_size":130,"text_align":"center","media_position":"top","button_label":"","button_link":"","open_new_window_button":false,"color_overlay":"rgba(0,0,0,0)","title_color":"rgba(0,0,0,0)","text_color":"rgba(0,0,0,0)","color_button":"rgba(0,0,0,0)","background_button":"rgba(0,0,0,0)","color_button_hover":"rgba(0,0,0,0)","background_button_hover":"rgba(0,0,0,0)","color_button_secondary":"rgba(0,0,0,0)","secondary_button_text":"rgba(0,0,0,0)"}},"18e177f8-e77d-48ba-b580-1d5bff64df63":{"type":"media","settings":{"image_link":"","open_new_window":false,"video_url":"","enable_video_autoplay":true,"video_alt_text":"","enable_content_overlay":true,"content_position":"center","overlay_opacity":0,"number_of_columns":1,"number_of_row":1,"icon":"none","custom_icon":"","icon_size":45,"sub_title":"","title":"","title_size":80,"text":"","text_size":130,"text_align":"center","media_position":"top","button_label":"","button_link":"","open_new_window_button":false,"color_overlay":"rgba(0,0,0,0)","title_color":"rgba(0,0,0,0)","text_color":"rgba(0,0,0,0)","color_button":"rgba(0,0,0,0)","background_button":"rgba(0,0,0,0)","color_button_hover":"rgba(0,0,0,0)","background_button_hover":"rgba(0,0,0,0)","color_button_secondary":"rgba(0,0,0,0)","secondary_button_text":"rgba(0,0,0,0)"}},"media_Xgx9Bb":{"type":"media","settings":{"image_link":"","open_new_window":false,"video_url":"","enable_video_autoplay":true,"video_alt_text":"","enable_content_overlay":true,"content_position":"center","overlay_opacity":0,"number_of_columns":1,"number_of_row":1,"icon":"none","custom_icon":"","icon_size":45,"sub_title":"","title":"","title_size":80,"text":"","text_size":130,"text_align":"center","media_position":"top","button_label":"","button_link":"","open_new_window_button":false,"color_overlay":"rgba(0,0,0,0)","title_color":"rgba(0,0,0,0)","text_color":"rgba(0,0,0,0)","color_button":"rgba(0,0,0,0)","background_button":"rgba(0,0,0,0)","color_button_hover":"rgba(0,0,0,0)","background_button_hover":"rgba(0,0,0,0)","color_button_secondary":"rgba(0,0,0,0)","secondary_button_text":"rgba(0,0,0,0)"}},"media_h6zbW4":{"type":"media","settings":{"image_link":"","open_new_window":false,"video_url":"","enable_video_autoplay":true,"video_alt_text":"","enable_content_overlay":true,"content_position":"center","overlay_opacity":0,"number_of_columns":1,"number_of_row":1,"icon":"none","custom_icon":"","icon_size":45,"sub_title":"","title":"","title_size":80,"text":"","text_size":130,"text_align":"center","media_position":"top","button_label":"","button_link":"","open_new_window_button":false,"color_overlay":"rgba(0,0,0,0)","title_color":"rgba(0,0,0,0)","text_color":"rgba(0,0,0,0)","color_button":"rgba(0,0,0,0)","background_button":"rgba(0,0,0,0)","color_button_hover":"rgba(0,0,0,0)","background_button_hover":"rgba(0,0,0,0)","color_button_secondary":"rgba(0,0,0,0)","secondary_button_text":"rgba(0,0,0,0)"}},"media_DUzBGP":{"type":"media","settings":{"image_link":"","open_new_window":false,"video_url":"","enable_video_autoplay":true,"video_alt_text":"","enable_content_overlay":true,"content_position":"center","overlay_opacity":0,"number_of_columns":1,"number_of_row":1,"icon":"none","custom_icon":"","icon_size":45,"sub_title":"","title":"","title_size":80,"text":"","text_size":130,"text_align":"center","media_position":"top","button_label":"","button_link":"","open_new_window_button":false,"color_overlay":"rgba(0,0,0,0)","title_color":"rgba(0,0,0,0)","text_color":"rgba(0,0,0,0)","color_button":"rgba(0,0,0,0)","background_button":"rgba(0,0,0,0)","color_button_hover":"rgba(0,0,0,0)","background_button_hover":"rgba(0,0,0,0)","color_button_secondary":"rgba(0,0,0,0)","secondary_button_text":"rgba(0,0,0,0)"}},"media_3YEQxp":{"type":"media","settings":{"image_link":"","open_new_window":false,"video_url":"","enable_video_autoplay":true,"video_alt_text":"","enable_content_overlay":true,"content_position":"center","overlay_opacity":0,"number_of_columns":1,"number_of_row":1,"icon":"none","custom_icon":"","icon_size":45,"sub_title":"","title":"","title_size":80,"text":"","text_size":130,"text_align":"center","media_position":"top","button_label":"","button_link":"","open_new_window_button":false,"color_overlay":"rgba(0,0,0,0)","title_color":"rgba(0,0,0,0)","text_color":"rgba(0,0,0,0)","color_button":"rgba(0,0,0,0)","background_button":"rgba(0,0,0,0)","color_button_hover":"rgba(0,0,0,0)","background_button_hover":"rgba(0,0,0,0)","color_button_secondary":"rgba(0,0,0,0)","secondary_button_text":"rgba(0,0,0,0)"}}},"block_order":["template--21828924539181__ec753deb-9b85-432b-ad75-2c2fd240c350-media-2","template--21828924539181__ec753deb-9b85-432b-ad75-2c2fd240c350-media-3","e201a23e-7152-431b-bd6e-681a502ff504","5599b296-b06c-4496-8800-62a2bdab8c49","18e177f8-e77d-48ba-b580-1d5bff64df63","media_Xgx9Bb","media_h6zbW4","media_DUzBGP","media_3YEQxp"],"settings":{"heading":"IMAGE GALLERY","heading_size":100,"heading_alignment":"center","subheading":"","text":"<p>This is an image gallery block but you can use this block as an Instagram Feed by installing an Instagram App.<\/p>","max_columns":5,"spacing":30,"height_desktop":300,"show_section_divider":true,"full_width":true,"padding_full_width":true,"padding_top":84,"padding_bottom":28,"min_columns_mobile":"1","spacing_mobile":16,"height_mobile":250,"show_section_divider_mobile":true,"full_width_mobile":false,"padding_top_mobile":56,"padding_bottom_mobile":28}}},"order":["main","product-recommendations","text_column_with_image_MUhrhK","featured_collection_z9r7qr","331e6fca-2947-4a19-89c5-9396be0d666a","rich_text_erqjzG","image_with_text_RBtGLj","image_with_text_ehEUt4","image_comparison_GUdCYX","featured_collection_aRzKhP","ec753deb-9b85-432b-ad75-2c2fd240c350"]}