{"sections":{"main":{"type":"main-product","blocks":{"badges":{"type":"badges","settings":{}},"price":{"type":"price","settings":{"show_tax_and_shipping":false}},"variant_picker":{"type":"variant_picker","settings":{"picker_type":"button","show_variant_option":true,"enable_color_swatches":true}},"quantity_selector":{"type":"quantity_selector","settings":{}},"buy_buttons":{"type":"buy_buttons","settings":{"show_dynamic_checkout":true,"show_gift_card_recipient":true,"pickup_availability":true,"preorder_show":"yes","preorder_button_label":"Pre-order","preorder_message":"<p>This product will be available for sale in 2 weeks, but you can pre-order now to receive 10% discount!<\/p>","preorder_show_dynamic_button":true,"show_background":true,"box_type":"square","background_color_light":"#e4edfa","message_color_light":"#276dd3","background_color_dark":"#e4edfa","message_color_dark":"#276dd3"}},"description":{"type":"description","settings":{"show_in_tab":true,"open_by_default":false}},"collapsible-row-0":{"type":"collapsible_tab","settings":{"heading":"Returns + Exchanges","tab_content":"<p>Share information about your brand with your customers. Describe a product, make announcements, or welcome customers to your store.<\/p>","open_by_default":false}},"collapsible-row-1":{"type":"collapsible_tab","settings":{"heading":"Giving Back","tab_content":"<p>Share information about your brand with your customers. Describe a product, make announcements, or welcome customers to your store.<\/p>","open_by_default":false}},"social-sharing":{"type":"social_sharing","settings":{}},"sticky-atc":{"type":"sticky_add_to_cart","settings":{"desktop_display_type":"full_width","show_quantity_selector":false}}},"block_order":["badges","price","variant_picker","quantity_selector","buy_buttons","description","collapsible-row-0","collapsible-row-1","social-sharing","sticky-atc"],"settings":{"enable_sticky_image":true,"show_product_name":true,"title_size":100,"show_vendor":false,"desktop_layout":"left","desktop_media_layout":"thumbnail_slider","show_arrow_button":true,"mobile_media_size":"full_width","show_thumnail_mobile":false,"image_ratio":"natural","thumbnail_position":"vertical","enable_image_zoom":false,"enable_video_autoplay":false,"enable_video_loop":false,"show_first_image_avaiable":true,"show_breadcrumbs":true,"show_breadcrumbs_border":true,"full_width_breadcrumb":true,"desktop_content_alignment":"text-center","mobile_content_alignment":"text-center","background_color_light":"rgba(0,0,0,0)","text_color_light":"rgba(0,0,0,0)","textlink_color_light":"rgba(0,0,0,0)","background_color_dark":"rgba(0,0,0,0)","text_color_dark":"rgba(0,0,0,0)","textlink_color_dark":"rgba(0,0,0,0)","full_width":true,"spacing_col":"small","padding_top":60,"padding_bottom":80,"padding_top_mobile":40,"padding_bottom_mobile":28}},"a4415918-c557-4c04-9acc-78592197ebeb":{"type":"multicolumn","blocks":{"template--16227738386592__a4415918-c557-4c04-9acc-78592197ebeb-column-1":{"type":"column","settings":{"icon":"truck","custom_icon":"","title":"Free Shipping","title_link":"","open_new_window":false,"heading_size":120,"text":"<p>Free Shipping For Orders Over $130<\/p>"}},"template--16227738386592__a4415918-c557-4c04-9acc-78592197ebeb-column-3":{"type":"column","settings":{"icon":"box","custom_icon":"","title":"Big Saving","title_link":"","open_new_window":false,"heading_size":120,"text":"<p>Big Saving On First Order Over $99.99<\/p>"}},"template--16227738386592__a4415918-c557-4c04-9acc-78592197ebeb-column-2":{"type":"column","settings":{"icon":"chat-bubble","custom_icon":"","title":"Online Support","title_link":"","open_new_window":false,"heading_size":120,"text":"<p>24 Hours A Day, 7 Days A Week<\/p>"}},"04286afd-6c86-4011-b8eb-5c4d1fe9720a":{"type":"column","settings":{"icon":"check-mark","custom_icon":"","title":"Flexible Payment","title_link":"","open_new_window":false,"heading_size":120,"text":"<p>Pay With Multiple Credit Cards<\/p>"}}},"block_order":["template--16227738386592__a4415918-c557-4c04-9acc-78592197ebeb-column-1","template--16227738386592__a4415918-c557-4c04-9acc-78592197ebeb-column-3","template--16227738386592__a4415918-c557-4c04-9acc-78592197ebeb-column-2","04286afd-6c86-4011-b8eb-5c4d1fe9720a"],"settings":{"title":"","heading_size":100,"secondary_background":"section","border_column":"line_vertical","column_content_alignment":"start","icon_position":"above","icon_size":36,"enable_desktop_slider":false,"swiper_on_mobile":true,"change_bar_every":3,"background_color_light":"rgba(0,0,0,0)","heading_light":"rgba(0,0,0,0)","text_light":"rgba(0,0,0,0)","line_border_light":"rgba(0,0,0,0)","color_icon_light":"#c2a27a","background_color_dark":"rgba(0,0,0,0)","heading_dark":"rgba(0,0,0,0)","text_dark":"rgba(0,0,0,0)","line_border_dark":"rgba(0,0,0,0)","color_icon_dark":"#c2a27a","column_layout_desktop":"lg:w-1\/4","section_height_desktop":"md:py-0","spacing_desktop":40,"full_width":false,"padding_full_width":false,"show_section_divider":false,"padding_top":56,"padding_bottom":56,"column_layout_mobile":"w-full","section_height_mobile":"py-0","spacing_mobile":0,"full_width_mobile":true,"show_section_divider_mobile":false,"padding_top_mobile":28,"padding_bottom_mobile":28}},"d1aa1bc0-e942-4970-ad0e-260ffc3ece6b":{"type":"image-with-text","blocks":{"template--21743967437101__d1aa1bc0-e942-4970-ad0e-260ffc3ece6b-heading-1":{"type":"heading","settings":{"subheading":"","heading":"Ready To Gift","heading_base_size":110,"text":"<p>Lorem ipsumt venenatis iaculis iaculis. Integer sit amet auctor justo, ac vestibulum orci. Aenean ultrices magna at porttitor eleifend. Nam sodales scelerisque sedve stibulum aliquam euismod mi vitae nibh odales scelerisque ipsum sed vestibulum aliquam euismod mi vitae blandit libero at mauris condimentum scelerisque. In scelerisque in mauris ut malesuada sodales scelerisque.<\/p>","heading_light":"rgba(0,0,0,0)","text_light":"rgba(0,0,0,0)","heading_dark":"rgba(0,0,0,0)","text_dark":"rgba(0,0,0,0)"}},"template--21743967437101__d1aa1bc0-e942-4970-ad0e-260ffc3ece6b-button-1":{"type":"button","settings":{"button_label":"ORDER NOW","button_link":"","open_new_window":false,"button_light":"rgba(0,0,0,0)","button_text_light":"rgba(0,0,0,0)","button_hover_light":"rgba(0,0,0,0)","button_text_hover_light":"rgba(0,0,0,0)","secondary_button_light":"rgba(0,0,0,0)","secondary_button_text_light":"rgba(0,0,0,0)","button_dark":"rgba(0,0,0,0)","button_text_dark":"rgba(0,0,0,0)","button_hover_dark":"rgba(0,0,0,0)","button_text_hover_dark":"rgba(0,0,0,0)","secondary_button_dark":"rgba(0,0,0,0)","secondary_button_text_dark":"rgba(0,0,0,0)"}}},"block_order":["template--21743967437101__d1aa1bc0-e942-4970-ad0e-260ffc3ece6b-heading-1","template--21743967437101__d1aa1bc0-e942-4970-ad0e-260ffc3ece6b-button-1"],"settings":{"video_url":"","video_alt_text":"","enable_video_autoplay":false,"desktop_height":"550px","mobile_height":"400px","desktop_image_width":"large","image_layout":"normal","image_corner_radius":0,"content_layout":"no-overlap","spacing_image":false,"text_position":"center","text_alignment":"start","background_color_light":"rgba(0,0,0,0)","background_color_dark":"rgba(0,0,0,0)","image_alignment":"left","full_width":true,"top_padding":4,"bottom_padding":0,"image_alignment_mobile":"left","full_width_mobile":true,"top_padding_mobile":4,"bottom_padding_mobile":4}},"6340f56f-7a47-4c37-bcaa-8f1435993e6c":{"type":"image-with-text","blocks":{"template--21743967437101__6340f56f-7a47-4c37-bcaa-8f1435993e6c-heading-1":{"type":"heading","settings":{"subheading":"","heading":"Ready To Gift","heading_base_size":110,"text":"<p>Lorem ipsumt venenatis iaculis iaculis. Integer sit amet auctor justo, ac vestibulum orci. Aenean ultrices magna at porttitor eleifend. Nam sodales scelerisque sedve stibulum aliquam euismod mi vitae nibh odales scelerisque ipsum sed vestibulum aliquam euismod mi vitae blandit libero at mauris condimentum scelerisque. In scelerisque in mauris ut malesuada sodales scelerisque.<\/p>","heading_light":"rgba(0,0,0,0)","text_light":"rgba(0,0,0,0)","heading_dark":"rgba(0,0,0,0)","text_dark":"rgba(0,0,0,0)"}},"template--21743967437101__6340f56f-7a47-4c37-bcaa-8f1435993e6c-button-1":{"type":"button","settings":{"button_label":"ORDER NOW","button_link":"","open_new_window":false,"button_light":"rgba(0,0,0,0)","button_text_light":"rgba(0,0,0,0)","button_hover_light":"rgba(0,0,0,0)","button_text_hover_light":"rgba(0,0,0,0)","secondary_button_light":"rgba(0,0,0,0)","secondary_button_text_light":"rgba(0,0,0,0)","button_dark":"rgba(0,0,0,0)","button_text_dark":"rgba(0,0,0,0)","button_hover_dark":"rgba(0,0,0,0)","button_text_hover_dark":"rgba(0,0,0,0)","secondary_button_dark":"rgba(0,0,0,0)","secondary_button_text_dark":"rgba(0,0,0,0)"}}},"block_order":["template--21743967437101__6340f56f-7a47-4c37-bcaa-8f1435993e6c-heading-1","template--21743967437101__6340f56f-7a47-4c37-bcaa-8f1435993e6c-button-1"],"settings":{"video_url":"","video_alt_text":"","enable_video_autoplay":false,"desktop_height":"550px","mobile_height":"400px","desktop_image_width":"large","image_layout":"normal","image_corner_radius":0,"content_layout":"no-overlap","spacing_image":false,"text_position":"center","text_alignment":"start","background_color_light":"rgba(0,0,0,0)","background_color_dark":"rgba(0,0,0,0)","image_alignment":"right","full_width":true,"top_padding":4,"bottom_padding":4,"image_alignment_mobile":"left","full_width_mobile":true,"top_padding_mobile":0,"bottom_padding_mobile":4}},"product-recommendations":{"type":"product-recommendations","settings":{"heading":"You May Also Like...","heading_size":110,"heading_alignment":"center","products_to_show":8,"background_color_light":"","background_color_dark":"","show_vendor":false,"show_rating":true,"show_quickview":true,"enable_carousel_desktop":true,"enable_swiper_mobile":true,"columns_desktop":4,"full_width":true,"show_section_divider":false,"spacing":4,"padding_top":80,"padding_bottom":52,"columns_mobile":"2","show_section_divider_mobile":false,"spacing_mobile":20,"padding_top_mobile":56,"padding_bottom_mobile":20}},"9c4bbc2c-904a-4812-8b9b-558dfdad301d":{"type":"recently-viewed","settings":{"heading":"Recently viewed","heading_size":110,"heading_alignment":"center","enable_clear_history":true,"products_to_show":4,"background_color_light":"","background_color_dark":"","show_vendor":false,"show_rating":false,"show_quickview":true,"enable_carousel_desktop":false,"enable_swiper_mobile":false,"columns_desktop":4,"full_width":true,"show_section_divider":false,"spacing":4,"padding_top":52,"padding_bottom":84,"columns_mobile":"2","show_section_divider_mobile":false,"spacing_mobile":20,"padding_top_mobile":20,"padding_bottom_mobile":20}}},"order":["main","a4415918-c557-4c04-9acc-78592197ebeb","d1aa1bc0-e942-4970-ad0e-260ffc3ece6b","6340f56f-7a47-4c37-bcaa-8f1435993e6c","product-recommendations","9c4bbc2c-904a-4812-8b9b-558dfdad301d"]}