{"sections":{"main":{"type":"main-product","blocks":{"badges":{"type":"badges","settings":{}},"price":{"type":"price","settings":{"show_tax_and_shipping":false}},"ffacb41b-c15e-41ee-864a-cfbf155d407d":{"type":"estimate_delivery","settings":{"message":"<p>Estimated delivery between <strong>earliest_delivery_date and latest_delivery_date.<\/strong><\/p>","tooltip_text":"","tooltip_icon":"none","custom_icon":"","tooltip_icon_position":"left","tooltip_message":"","show_background":true,"box_type":"square","background_color_light":"#e4edfa","message_color_light":"#568ddd","background_color_dark":"rgba(0,0,0,0)","message_color_dark":"rgba(0,0,0,0)","bg_tooltip_color_light":"rgba(0,0,0,0)","tooltip_color_light":"rgba(0,0,0,0)","bg_tooltip_color_dark":"rgba(0,0,0,0)","tooltip_color_dark":"rgba(0,0,0,0)"}},"variant_picker":{"type":"variant_picker","settings":{"picker_type":"button","show_variant_option":true,"enable_color_swatches":true}},"quantity_selector":{"type":"quantity_selector","settings":{}},"gift_wrapping_wnrwiW":{"type":"gift_wrapping","settings":{"text_gift":"","color_icon_light":"rgba(0,0,0,0)","color_icon_dark":"rgba(0,0,0,0)"}},"buy_buttons":{"type":"buy_buttons","settings":{"show_dynamic_checkout":true,"show_gift_card_recipient":true,"pickup_availability":false,"preorder_show":"no","preorder_button_label":"Pre-order","preorder_message":"<p>This product will be available for sale in 2 weeks, but you can pre-order now to receive 10% discount!<\/p>","preorder_show_dynamic_button":false,"show_background":false,"box_type":"square","background_color_light":"rgba(0,0,0,0)","message_color_light":"rgba(0,0,0,0)","background_color_dark":"rgba(0,0,0,0)","message_color_dark":"rgba(0,0,0,0)"}},"feature_icon_BYrKNT":{"type":"feature_icon","settings":{"heading_size":110,"icon_size":30,"border_column":"none","content_alignment":"center","background_color_light":"rgba(0,0,0,0)","heading_light":"rgba(0,0,0,0)","text_light":"rgba(0,0,0,0)","line_border_light":"rgba(0,0,0,0)","color_icon_light":"rgba(0,0,0,0)","background_color_dark":"rgba(0,0,0,0)","heading_dark":"rgba(0,0,0,0)","text_dark":"rgba(0,0,0,0)","line_border_dark":"rgba(0,0,0,0)","color_icon_dark":"rgba(0,0,0,0)","icon_1":"planet","custom_icon_1":"","title_1":"Cruelty free","text_1":"","link_1":"","open_new_window_1":false,"icon_2":"yoga","custom_icon_2":"","title_2":"Alcohol free","text_2":"","link_2":"","open_new_window_2":false,"icon_3":"plane","custom_icon_3":"","title_3":"Paraben free","text_3":"","link_3":"","open_new_window_3":false,"icon_4":"smile","custom_icon_4":"","title_4":"Vegan","text_4":"","link_4":"","open_new_window_4":false,"icon_5":"flower","custom_icon_5":"","title_5":"Probiotic","text_5":"","link_5":"","open_new_window_5":false,"icon_6":"truck","custom_icon_6":"","title_6":"","text_6":"","link_6":"","open_new_window_6":false}},"complementary_KhmEAF":{"type":"complementary","settings":{"heading":"Buy It With","show_tab":false,"show_background":true,"max_product_show":4,"number_product_per_page":2,"enable_carousel_desktop":true,"enable_swiper_mobile":true,"image_ratio":"square","show_vendor":false,"show_product_rating":false}},"description":{"type":"description","settings":{"show_in_tab":true,"open_by_default":true}},"collapsible-row-1":{"type":"collapsible_tab","settings":{"heading":"Returns + Exchanges","tab_content":"<p>Share information about your brand with your customers. Describe a product, make announcements, or welcome customers to your store.<\/p>","open_by_default":false}},"collapsible_tab_m3Fgn6":{"type":"collapsible_tab","settings":{"heading":"Giving Back","tab_content":"<p>Share information about your brand with your customers. Describe a product, make announcements, or welcome customers to your store.<\/p>","open_by_default":false}},"back_in_stock_alert_38QcbV":{"type":"back_in_stock_alert","settings":{"show_when_product_unavailable":false,"heading":"Back in stock","text_info":"<p>Sign up to be the first to know when it's back in stock.<\/p>","button_label":"Send","text_success":"Thank you for signing up. We'll get back to you as soon as possible."}},"social-sharing":{"type":"social_sharing","settings":{}},"sticky-atc":{"type":"sticky_add_to_cart","settings":{"desktop_display_type":"full_width","show_quantity_selector":false}}},"block_order":["badges","price","ffacb41b-c15e-41ee-864a-cfbf155d407d","variant_picker","quantity_selector","gift_wrapping_wnrwiW","buy_buttons","feature_icon_BYrKNT","complementary_KhmEAF","description","collapsible-row-1","collapsible_tab_m3Fgn6","back_in_stock_alert_38QcbV","social-sharing","sticky-atc"],"settings":{"enable_sticky_image":true,"show_product_name":true,"title_size":100,"show_vendor":false,"desktop_layout":"left","desktop_media_layout":"stacked","show_arrow_button":true,"mobile_media_size":"full_width","show_thumnail_mobile":false,"image_ratio":"natural","thumbnail_position":"horizontal","enable_image_zoom":false,"enable_video_autoplay":false,"enable_video_loop":false,"show_first_image_avaiable":true,"show_breadcrumbs":true,"show_breadcrumbs_border":true,"full_width_breadcrumb":true,"desktop_content_alignment":"text-center","mobile_content_alignment":"text-center","background_color_light":"rgba(0,0,0,0)","text_color_light":"rgba(0,0,0,0)","textlink_color_light":"rgba(0,0,0,0)","background_color_dark":"rgba(0,0,0,0)","text_color_dark":"rgba(0,0,0,0)","textlink_color_dark":"rgba(0,0,0,0)","full_width":true,"spacing_col":"small","padding_top":60,"padding_bottom":40,"padding_top_mobile":40,"padding_bottom_mobile":28}},"product-recommendations":{"type":"product-recommendations","disabled":true,"settings":{"heading":"You May Also Like...","heading_size":100,"heading_alignment":"center","products_to_show":5,"background_color_light":"","background_color_dark":"","show_vendor":false,"show_rating":true,"show_quickview":true,"enable_carousel_desktop":false,"enable_swiper_mobile":true,"columns_desktop":5,"full_width":true,"show_section_divider":false,"spacing":28,"padding_top":56,"padding_bottom":88,"columns_mobile":"1","show_section_divider_mobile":false,"spacing_mobile":16,"padding_top_mobile":0,"padding_bottom_mobile":20}},"multicolumn_nUpD9m":{"type":"multicolumn","blocks":{"column_W9QmRX":{"type":"column","settings":{"icon":"none","custom_icon":"","title":"100%","title_link":"","open_new_window":false,"heading_size":200,"text":"<h5>Confirm smoother skin<\/h5><p>Dermatological trial — 10 volunteers, 8 weeks of use.<\/p>"}},"column_jrTHPR":{"type":"column","settings":{"icon":"none","custom_icon":"","title":"90%","title_link":"","open_new_window":false,"heading_size":200,"text":"<h5>Had improved skin elasticity<\/h5><p>Dermatological trial — 10 volunteers, 8 weeks of use.<\/p>"}},"column_TgkhMm":{"type":"column","settings":{"icon":"none","custom_icon":"","title":"88%","title_link":"","open_new_window":false,"heading_size":200,"text":"<h5>Would recommend to others<\/h5><p>Self-assessment — 90 volunteers,4 weeks of use.<\/p>"}}},"block_order":["column_W9QmRX","column_jrTHPR","column_TgkhMm"],"settings":{"title":"","heading_size":100,"secondary_background":"none","border_column":"line_vertical","column_content_alignment":"center","icon_position":"above","icon_size":45,"enable_desktop_slider":true,"swiper_on_mobile":false,"change_bar_every":5,"background_color_light":"rgba(0,0,0,0)","heading_light":"rgba(0,0,0,0)","text_light":"rgba(0,0,0,0)","line_border_light":"rgba(0,0,0,0)","color_icon_light":"rgba(0,0,0,0)","background_color_dark":"#2a2a2a","heading_dark":"rgba(0,0,0,0)","text_dark":"rgba(0,0,0,0)","line_border_dark":"rgba(0,0,0,0)","color_icon_dark":"rgba(0,0,0,0)","column_layout_desktop":"lg:w-1\/3","section_height_desktop":"md:py-7","spacing_desktop":28,"full_width":false,"padding_full_width":false,"show_section_divider":false,"padding_top":100,"padding_bottom":28,"column_layout_mobile":"w-full","section_height_mobile":"py-5","spacing_mobile":0,"full_width_mobile":false,"show_section_divider_mobile":false,"padding_top_mobile":0,"padding_bottom_mobile":20}},"889982f1-ac32-483f-ab1c-597fce6e8ec1":{"type":"featured-collection","blocks":{"template--21381747048749__889982f1-ac32-483f-ab1c-597fce6e8ec1-collection-1":{"type":"collection","settings":{"collection":"get-more-save-more","show_description":false,"description":"","show_vendor":false,"show_rating":true,"show_quickview":true,"show_promotion":false,"promotion_position":"right","card_link":"","open_new_window":false,"enable_text_overlay":false,"overlay_opacity":20,"image_ratio":"150","heading":"","heading_size":100,"content":"","text_size":100,"content_alignment":"left","content_position":"bottom","button_label":"Discover more","button_link":"","open_new_window_button":false,"background_color":"rgba(0,0,0,0)","color_text":"#ffffff","color_button":"#ffffff","color_text_button":"#000000","color_button_hover":"rgba(0,0,0,0)","color_text_button_hover":"rgba(0,0,0,0)","color_button_secondary":"rgba(0,0,0,0)","secondary_button_text":"rgba(0,0,0,0)"}}},"block_order":["template--21381747048749__889982f1-ac32-483f-ab1c-597fce6e8ec1-collection-1"],"settings":{"title":"SUBSCRIBE & SAVE 10%","heading_size":100,"heading_alignment":"center","subheading":"EXPLORE OUR BESTSELLERS","text":"","show_view_all":false,"view_all_position":"top","title_size":120,"title_style":"none","enable_desktop_slider":true,"swiper_on_mobile":true,"auto_play":false,"change_slides_speed":5,"columns_desktop":4,"rows_desktop":1,"spacing":30,"full_width":true,"show_section_divider":false,"padding_top":68,"padding_bottom":24,"columns_mobile":"1","spacing_mobile":16,"full_width_mobile":false,"show_section_divider_mobile":false,"padding_top_mobile":40,"padding_bottom_mobile":12}},"media_gallery_ePEQeM":{"type":"media-gallery","blocks":{"media_FNazLn":{"type":"media","settings":{"image_link":"","open_new_window":false,"video_url":"","enable_video_autoplay":true,"video_alt_text":"","enable_content_overlay":true,"content_position":"top","overlay_opacity":0,"number_of_columns":1,"number_of_row":2,"icon":"none","custom_icon":"","icon_size":45,"sub_title":"","title":"Skin Restoration","title_size":80,"text":"<p>A Puffer Jacket For Your Skin.<\/p>","text_size":130,"text_align":"left","media_position":"top","button_label":"","button_link":"","open_new_window_button":false,"color_overlay":"rgba(0,0,0,0)","title_color":"rgba(0,0,0,0)","text_color":"rgba(0,0,0,0)","color_button":"rgba(0,0,0,0)","background_button":"rgba(0,0,0,0)","color_button_hover":"rgba(0,0,0,0)","background_button_hover":"rgba(0,0,0,0)","color_button_secondary":"rgba(0,0,0,0)","secondary_button_text":"rgba(0,0,0,0)"}},"media_jr6cxk":{"type":"media","settings":{"image_link":"","open_new_window":false,"video_url":"","enable_video_autoplay":true,"video_alt_text":"","enable_content_overlay":true,"content_position":"top","overlay_opacity":0,"number_of_columns":1,"number_of_row":2,"icon":"none","custom_icon":"","icon_size":45,"sub_title":"","title":"Daily Sunscreen","title_size":80,"text":"<p>Lightweight And Undetectable<\/p>","text_size":130,"text_align":"left","media_position":"top","button_label":"","button_link":"","open_new_window_button":false,"color_overlay":"rgba(0,0,0,0)","title_color":"#ffffff","text_color":"#ffffff","color_button":"rgba(0,0,0,0)","background_button":"rgba(0,0,0,0)","color_button_hover":"rgba(0,0,0,0)","background_button_hover":"rgba(0,0,0,0)","color_button_secondary":"rgba(0,0,0,0)","secondary_button_text":"rgba(0,0,0,0)"}}},"block_order":["media_FNazLn","media_jr6cxk"],"settings":{"heading":"","heading_size":100,"heading_alignment":"center","subheading":"","text":"","max_columns":2,"spacing":30,"height_desktop":320,"show_section_divider":false,"full_width":true,"padding_full_width":true,"padding_top":48,"padding_bottom":100,"min_columns_mobile":"1","spacing_mobile":16,"height_mobile":250,"show_section_divider_mobile":false,"full_width_mobile":false,"padding_top_mobile":28,"padding_bottom_mobile":72}}},"order":["main","product-recommendations","multicolumn_nUpD9m","889982f1-ac32-483f-ab1c-597fce6e8ec1","media_gallery_ePEQeM"]}